Fighter ID|Fighter Name|Wins|Loses|Draws|Height|Weight|Reach|Stance|DOB|SLpM|Str.Acc.|SApM|Str. Def.|TD Avg.|TD Acc.|TD Def.|Sub. Avg.
d29b5c4f22c6357d|Gilbert Yvel|39|16|1|"6' 2"""|225 lbs.|"77"""|Orthodox|Jun 30, 1976|1.05|47%|1.78|50%|0.00|0%|25%|1.0
85248da6e9e2f7e7|Jamie Yager|8|4|0|"6' 1"""|185 lbs.|No Stat|Orthodox|Nov 29, 1983|3.08|39%|2.55|63%|0.00|0%|66%|0.0
e415ea6f8d41c917|Xie Bin|13|5|0|"5' 8"""|145 lbs.|"72"""|Orthodox|Feb 28, 1998|3.99|43%|2.73|60%|2.71|42%|40%|0.0
6546af7ab545b90c|Darren Uyenoyama|10|6|0|"5' 6"""|125 lbs.|"65"""|Orthodox|Oct 15, 1979|1.34|39%|2.21|66%|1.42|33%|35%|0.7
744f50016c39c26c|Vitor Vianna|12|3|1|No Stat|205 lbs.|No Stat|Orthodox|No Stat|3.10|30%|8.28|52%|0.00|0%|0%|0.0
dd992d569aaebee6|Jesse Taylor|31|15|0|"6' 0"""|170 lbs.|"73"""|Orthodox|Jan 02, 1983|1.94|65%|0.55|38%|7.28|50%|100%|3.1
da7f113b5ea39c43|Mohammed Usman|12|4|0|"6' 2"""|239 lbs.|"79"""|Orthodox|Apr 01, 1989|3.85|39%|4.27|51%|0.56|14%|66%|0.0
e18a19001a3f7c7d|Alptekin Ozkilic|9|5|0|"5' 5"""|125 lbs.|"65"""|Orthodox|Mar 27, 1986|3.81|32%|5.72|59%|4.21|58%|75%|0.0
8997ee20b6a43d76|Ren Ozaki|6|1|2|"5' 7"""|135 lbs.|"68"""|Orthodox|Dec 15, 2001|1.20|35%|1.07|55%|0.00|0%|36%|0.0
9be3728f3f7badb2|Moise Rimbon|23|11|3|"5' 10"""|205 lbs.|No Stat|Orthodox|Apr 20, 1977|0.80|34%|1.00|71%|1.00|50%|37%|0.0
b3fb8d2293e17a59|Achmed Labasanov|7|4|0|"6' 3"""|215 lbs.|No Stat|Orthodox|Apr 24, 1978|0.75|39%|1.10|46%|3.00|100%|0%|0.8
b0826525fa17231d|Bobby Lashley|15|2|0|"6' 3"""|255 lbs.|"78"""|Orthodox|Jul 16, 1976|3.10|63%|0.76|63%|11.47|70%|0%|0.0
b180f05acb24d430|Patrick Kaase|1|2|0|"5' 9"""|185 lbs.|No Stat|No Stat|No Stat|4.40|67%|0.53|50%|0.00|0%|50%|0.0
5b1b383265433f51|Casey Ryan|7|3|0|No Stat|185 lbs.|No Stat|No Stat|No Stat|0.00|0%|0.00|0%|0.00|0%|0%|0.0
ee624ee2a18f2a43|Jorge Lopez|11|5|0|"5' 10"""|170 lbs.|No Stat|Orthodox|Nov 21, 1988|2.47|59%|2.57|50%|3.50|41%|81%|0.0
07047eb7d17fb0a2|Daria Zhelezniakova|10|2|0|"5' 9"""|135 lbs.|"68"""|Orthodox|Jan 23, 1996|4.75|41%|2.83|68%|0.44|100%|50%|0.0
2284092f8b63273b|Luke Zachrich|14|4|0|"6' 2"""|185 lbs.|"74"""|Orthodox|Dec 19, 1981|4.56|32%|4.46|62%|0.74|33%|80%|0.0
523af801b3429015|Allan Zuniga|13|1|0|"5' 7"""|155 lbs.|"70"""|Orthodox|Apr 04, 1992|3.93|52%|1.80|61%|0.00|0%|57%|1.0
0bc697c5936a2d0a|Trevor Peek|9|3|0|"5' 9"""|145 lbs.|"70"""|Switch|Jan 09, 1995|4.39|53%|3.88|43%|1.45|50%|52%|0.0
f354c50b8d63d9b3|Matt Pedro|3|1|0|No Stat|No Stat|No Stat|No Stat|No Stat|0.00|0%|0.00|0%|0.00|0%|0%|0.0
e7bfdb5e0112891e|Willie Peeters|9|10|1|"5' 9"""|220 lbs.|No Stat|Orthodox|Oct 26, 1965|0.00|0%|0.00|0%|0.00|0%|0%|0.0
0c277f3ff66b0208|Virgil Zwicker|15|6|1|"6' 2"""|205 lbs.|"74"""|No Stat|Jun 26, 1982|3.34|48%|4.87|39%|1.31|30%|50%|0.0
49e96ff8ab781589|Tyson Pedro|10|5|0|"6' 3"""|205 lbs.|"79"""|Orthodox|Sep 17, 1991|2.90|59%|2.39|56%|0.76|30%|50%|0.8
4a9e305633f3ef47|Rolando Perez|7|5|2|"5' 8"""|135 lbs.|No Stat|Orthodox|No Stat|4.23|36%|4.83|63%|0.00|0%|100%|0.0
7aabd61419f747d1|Tommy Petersen|2|3|0|No Stat|155 lbs.|No Stat|No Stat|No Stat|0.00|0%|0.00|0%|0.00|0%|0%|0.0
72c4b253d2f5ebf2|Roman Salazar|10|6|0|"5' 7"""|135 lbs.|No Stat|Orthodox|Feb 21, 1988|1.95|39%|2.89|57%|1.77|18%|50%|0.0
3e36811b7bc1f6ad|John Salgado|4|8|1|"5' 10"""|170 lbs.|No Stat|No Stat|No Stat|0.99|50%|1.86|40%|0.00|0%|50%|0.0
394f55ebca199124|Ivan Salaverry|14|9|0|"6' 0"""|185 lbs.|No Stat|Orthodox|Jan 11, 1971|3.01|47%|1.19|76%|0.49|18%|36%|2.5
29f935654825331b|Chris Sanford|5|1|0|"5' 11"""|185 lbs.|No Stat|Orthodox|Mar 12, 1968|0.23|50%|3.22|17%|0.00|0%|0%|3.5
0b235384fe23fc9c|Greg Scott|3|4|0|"5' 9"""|145 lbs.|No Stat|No Stat|No Stat|3.90|55%|7.79|37%|11.69|100%|0%|0.0
449c890bd90f3374|Hector Sandoval|14|4|0|"5' 2"""|125 lbs.|"64"""|Orthodox|Jul 19, 1986|3.31|52%|2.33|65%|3.49|25%|71%|1.4
34e552520a934063|Brad Scott|11|6|0|"6' 1"""|170 lbs.|"76"""|Orthodox|Jun 24, 1989|3.52|41%|4.31|57%|0.32|15%|63%|0.7
12e0fdc606f7e274|Luis Saldana|16|7|1|"5' 11"""|145 lbs.|"73"""|Orthodox|Jan 27, 1991|5.16|50%|3.65|60%|0.64|17%|44%|0.2
aebaa8cec15b083d|Kody Steele|7|1|0|"5' 9"""|155 lbs.|"71"""|Orthodox|Apr 21, 1995|4.44|32%|7.17|52%|0.62|14%|100%|0.0
09a6ed4ee97a5606|Ricky Steele|6|0|0|"5' 9"""|135 lbs.|"74"""|Orthodox|May 26, 1988|4.07|70%|2.93|50%|0.00|0%|91%|0.0
224050896306f00c|Bartosz Szewczyk|8|3|1|"6' 4"""|205 lbs.|"73"""|Orthodox|Sep 18, 1997|2.70|33%|3.52|47%|0.00|0%|0%|0.0
d2d05dda5f887f87|Kevin Szaflarski|11|2|0|"6' 5"""|260 lbs.|"77"""|Orthodox|Dec 30, 1994|1.13|28%|8.07|30%|0.00|0%|0%|0.0
f201f21cf2c79eb2|Sebastian Szalay|9|1|0|"5' 6"""|145 lbs.|"66"""|Orthodox|Feb 03, 1994|3.80|41%|1.13|74%|0.00|0%|84%|0.0
87b7df65c30008c4|Tony Sylvester|11|3|0|"6' 1"""|225 lbs.|No Stat|Southpaw|Jan 27, 1978|0.00|0%|10.12|12%|0.00|0%|0%|0.0
58a36b4ccf5dc30e|Leo Sylvest|10|16|0|"5' 11"""|205 lbs.|No Stat|Orthodox|Sep 03, 1973|0.00|0%|6.58|27%|0.00|0%|0%|0.0
9094a881a7513de3|Kevin Syler|10|1|0|"5' 9"""|155 lbs.|"71"""|Switch|Jul 29, 1993|5.60|69%|4.03|48%|1.00|40%|77%|2.0
2a542ee8a8b83559|Tim Sylvia|31|10|0|"6' 8"""|265 lbs.|"80"""|Orthodox|Mar 05, 1976|4.23|41%|2.61|61%|0.11|100%|75%|0.1
abd2109bc4cb0291|Bentley Syler|5|1|0|"5' 4"""|125 lbs.|No Stat|Orthodox|Dec 22, 1982|1.30|18%|1.73|79%|0.00|0%|75%|0.0
9f5e3c20ce40b344|Klaudia Sygula|7|2|0|"5' 8"""|135 lbs.|"69"""|Orthodox|Dec 30, 1998|5.30|53%|4.73|57%|0.70|20%|33%|0.0
5330fe7e4c3af81c|Floyd Sword|12|3|0|"6' 0"""|185 lbs.|No Stat|Orthodox|Aug 24, 1976|0.78|42%|1.57|40%|0.00|0%|33%|0.0
46e2011d92463b7e|Oumar Sy|11|1|0|"6' 4"""|205 lbs.|"83"""|Orthodox|Nov 21, 1995|3.68|50%|1.81|70%|2.22|33%|100%|0.4
cc39185f2d7d89e4|Daniel Swain|20|10|1|"5' 9"""|145 lbs.|"70"""|Orthodox|Jan 30, 1991|0.80|44%|3.20|40%|0.00|0%|0%|6.0
9fe85152f351e737|Mike Swick|15|6|0|"6' 1"""|170 lbs.|"77"""|Orthodox|Jun 19, 1979|2.36|37%|2.29|54%|1.06|50%|61%|0.6
d247691a6c0e9034|Cub Swanson|30|14|0|"5' 8"""|145 lbs.|"70"""|Orthodox|Nov 02, 1983|4.79|51%|4.00|59%|1.01|50%|63%|0.4
3d99e5aa85d7576a|Danilo Suzart|9|2|0|"6' 0"""|260 lbs.|No Stat|Orthodox|Dec 04, 1991|4.09|55%|11.73|51%|0.00|0%|0%|0.0
bcad7223af3c19da|Martin Svensson|15|6|0|"6' 1"""|155 lbs.|No Stat|No Stat|Apr 25, 1985|2.02|38%|5.91|38%|0.00|0%|0%|0.0
556347e2b0e33979|Chad Sutton|2|2|0|"6' 1"""|185 lbs.|No Stat|No Stat|Aug 07, 1982|0.00|0%|0.00|0%|0.00|0%|0%|0.0
a6a9ab5a824e8f66|Joel Sutton|2|4|1|"5' 11"""|205 lbs.|No Stat|Orthodox|No Stat|0.00|0%|0.00|0%|0.00|0%|0%|0.0
22af3546bd967280|Aji Susilo|6|4|0|"5' 10"""|155 lbs.|No Stat|No Stat|No Stat|0.00|0%|0.00|0%|0.00|0%|0%|0.0
6d537248fe7cccf1|Rama Supandhi|8|4|0|"5' 5"""|125 lbs.|"66"""|Southpaw|Nov 07, 1991|2.20|42%|3.53|48%|1.00|11%|0%|0.0
cc5834a495d1ea08|Jason Suttie|0|1|0|"6' 0"""|210 lbs.|No Stat|Orthodox|Aug 07, 1973|2.07|83%|4.97|36%|0.00|0%|0%|0.0
31f9a1f56cbb6ac5|Justin Sumter|7|3|0|"6' 2"""|185 lbs.|"80"""|Southpaw|Nov 16, 1989|2.68|48%|7.64|34%|2.87|100%|0%|0.0
3cf18e01cb6cbde3|Sumudaerji|17|7|0|"5' 8"""|125 lbs.|"72"""|Southpaw|Jan 20, 1996|4.40|51%|2.63|60%|0.18|25%|67%|0.7
fe1fdc6be470f773|Magomed Sultanakhmedov|18|6|0|"6' 2"""|185 lbs.|No Stat|Southpaw|No Stat|0.00|0%|2.40|42%|9.00|100%|0%|9.0
7aa88401f93ce836|Amar Suloev|24|7|0|"5' 9"""|183 lbs.|No Stat|Orthodox|Jul 01, 1976|1.98|37%|2.19|70%|0.27|100%|88%|0.3
1dd1a3aacde66f72|Sulangrangbo|9|3|0|"5' 9"""|135 lbs.|"66"""|Southpaw|Jul 17, 2005|6.32|60%|5.00|48%|0.00|0%|100%|0.0
6c7e25571490aa3b|George Sullivan|17|7|0|"6' 0"""|170 lbs.|"73"""|Orthodox|Mar 13, 1981|3.53|39%|2.42|57%|1.37|20%|38%|0.7
06c60fc2c8dcd7bd|Takashi Sugiura|1|3|0|"5' 11"""|225 lbs.|No Stat|Southpaw|May 31, 1970|1.37|40%|2.08|53%|1.33|66%|0%|0.0
b205d4f2ff44bc89|Naho Sugiyuma|12|5|0|"5' 1"""|105 lbs.|No Stat|No Stat|Feb 03, 1978|2.59|48%|2.45|71%|2.05|100%|66%|0.0
8215e4fe24e8e81b|Daisuke Sugie|10|8|1|"5' 6"""|160 lbs.|No Stat|Orthodox|No Stat|0.00|0%|0.22|80%|3.27|50%|0%|3.3
b160e4f251283d70|Lucasz Sudolski|8|1|0|"6' 4"""|205 lbs.|"75"""|Orthodox|Jun 15, 1993|5.70|67%|4.89|28%|0.00|0%|100%|0.0
99dd0147dc4ef80c|Genki Sudo|15|4|2|"5' 9"""|155 lbs.|No Stat|Orthodox|Mar 08, 1978|1.55|39%|2.23|33%|3.58|60%|50%|4.2
3a7513372f79c8c8|Masanori Suda|22|11|3|"5' 9"""|183 lbs.|No Stat|Orthodox|No Stat|1.80|50%|1.20|63%|0.00|0%|60%|0.0
b08012bbe542592a|Tatiana Suarez|11|1|0|"5' 5"""|115 lbs.|"66"""|Southpaw|Dec 19, 1990|3.22|61%|1.58|47%|4.65|47%|80%|0.7
c0c36a5b3d5bbdd5|Mike Stumpf|11|4|0|"5' 10"""|170 lbs.|No Stat|No Stat|Aug 01, 1986|3.34|43%|8.85|47%|1.59|25%|33%|0.8
601cf40c09090853|Josh Stuart|1|4|0|"5' 9"""|160 lbs.|No Stat|No Stat|No Stat|0.00|0%|0.00|0%|0.00|0%|0%|0.0
d30415ec5e8783cd|Kyle Sturgeon|0|1|0|"6' 3"""|225 lbs.|No Stat|Switch|No Stat|0.00|0%|0.00|0%|0.00|0%|0%|0.0
523f6ad11dbe9b53|Hans Stringer|22|8|3|"6' 3"""|205 lbs.|No Stat|Orthodox|Jul 06, 1987|3.16|61%|2.84|41%|2.40|36%|62%|0.0
ebc1f40e00e0c481|Stefan Struve|33|13|0|"6' 11"""|265 lbs.|"84"""|Orthodox|Feb 18, 1988|3.12|47%|4.04|46%|0.56|46%|55%|1.7
ef1182eb28c17d4e|Mark Striegl|18|4|0|"5' 8"""|145 lbs.|"70"""|Southpaw|Jun 23, 1988|1.40|45%|4.07|40%|0.00|0%|66%|0.0
0d8011111be000b2|Sean Strickland|29|7|0|"6' 1"""|185 lbs.|"76"""|Orthodox|Feb 27, 1991|5.95|42%|4.57|60%|0.73|64%|76%|0.2
980b4e712489098e|Dave Strasser|25|8|0|"5' 10"""|170 lbs.|No Stat|Orthodox|Jul 13, 1969|3.04|45%|1.88|59%|0.72|33%|33%|0.0
495add4fbede0a44|Gennaro Strangis|0|1|0|No Stat|No Stat|No Stat|No Stat|No Stat|0.00|0%|0.00|0%|0.00|0%|0%|0.0
04f9fe830cf13482|Gerald Strebendt|9|7|0|"5' 9"""|155 lbs.|No Stat|Orthodox|Mar 01, 1979|0.00|0%|4.00|38%|0.00|0%|0%|16.4
15347cd4cdf01b03|Daniel Straus|24|7|0|"5' 7"""|145 lbs.|"71"""|No Stat|Jul 27, 1984|4.76|43%|2.99|57%|0.84|15%|81%|1.1
8c39367b53eadf8a|Jesse Strader|5|3|0|"5' 7"""|135 lbs.|"70"""|Orthodox|May 29, 1991|5.03|51%|5.28|47%|3.87|57%|100%|0.0
e09dbbd5fe3f0fe2|Curtis Stout|11|12|1|"6' 1"""|185 lbs.|No Stat|Southpaw|Nov 07, 1973|0.69|67%|3.20|29%|0.00|0%|20%|0.0
e1a4568fec1fc24f|Tim Stout|12|10|0|"5' 11"""|185 lbs.|No Stat|No Stat|Feb 09, 1979|0.00|0%|0.00|0%|0.00|0%|0%|0.0
501b07aec9b8fc2d|Sam Stout|20|12|1|"5' 9"""|155 lbs.|"70"""|Orthodox|Apr 23, 1984|4.17|28%|4.08|57%|0.63|38%|77%|0.1
025f0b1b58fbad01|Darko Stosic|13|4|0|"6' 0"""|205 lbs.|"76"""|Orthodox|Feb 09, 1992|2.61|45%|4.04|58%|3.42|50%|83%|0.0
61dd409cb40d1a55|George Stork|7|9|0|"5' 10"""|185 lbs.|No Stat|No Stat|No Stat|0.00|0%|0.00|0%|0.00|0%|0%|0.0
91181b29be041f1c|Greg Stott|0|1|0|"5' 7"""|220 lbs.|No Stat|Southpaw|No Stat|0.00|0%|0.00|0%|0.00|0%|0%|0.0
fbf0947399d14323|Ken Stone|11|4|0|"5' 8"""|135 lbs.|"71"""|Southpaw|Oct 08, 1982|3.85|49%|2.90|48%|1.24|33%|60%|0.6
5b5307450405abf0|Rick Story|19|9|0|"5' 9"""|170 lbs.|"71"""|Southpaw|Aug 28, 1984|3.80|41%|2.17|62%|2.53|48%|63%|0.9
8d477c3fbe001f9d|Ryan Stonitsch|8|1|0|"5' 9"""|170 lbs.|No Stat|Southpaw|Feb 03, 1977|2.53|36%|2.53|71%|0.00|0%|0%|0.0
62f7097c04311193|Niklas Stolze|12|6|0|"6' 1"""|155 lbs.|"74"""|Switch|Dec 28, 1992|2.12|48%|2.25|49%|0.66|100%|55%|0.7
4d25497994da569c|Lazar Stojadinovic|12|5|0|"5' 7"""|145 lbs.|"68"""|Southpaw|Mar 22, 1989|1.82|29%|1.97|59%|0.00|0%|0%|0.0
a421465acbe59c77|Denis Stojnic|13|3|0|"6' 0"""|245 lbs.|No Stat|Orthodox|Feb 02, 1980|1.51|23%|6.06|36%|0.00|0%|80%|1.0
a78a87d8c2bbb1cb|Julija Stoliarenko|11|9|2|"5' 7"""|125 lbs.|"66"""|Orthodox|Apr 08, 1993|2.49|39%|4.54|46%|0.93|27%|54%|1.7
71505842fb6455c3|Dustin Stoltzfus|16|7|0|"6' 0"""|185 lbs.|"75"""|Orthodox|Nov 15, 1991|3.14|45%|3.14|47%|2.26|41%|46%|1.3
cc3147b49c7d7d92|Dan Stittgen|12|5|0|"6' 1"""|170 lbs.|No Stat|Orthodox|Nov 17, 1980|2.97|46%|4.42|37%|0.78|100%|100%|0.0
2cf520143e76cd2e|Tyler Stinson|30|10|0|"6' 3"""|170 lbs.|No Stat|No Stat|Jan 17, 1986|2.80|23%|4.60|56%|0.50|100%|0%|0.5
df5a77121ba84a5d|Alex Stiebling|19|11|1|"6' 2"""|205 lbs.|No Stat|Southpaw|No Stat|1.77|42%|1.45|52%|0.35|66%|66%|0.7
2fee10d5cf86bfca|Maia Stevenson|6|5|0|"5' 4"""|115 lbs.|"62"""|Orthodox|Mar 19, 1982|1.57|54%|3.13|33%|3.91|100%|50%|0.0
bb61823f76361297|Kyle Stewart|11|3|0|"6' 0"""|170 lbs.|"76"""|Orthodox|Jan 31, 1989|1.41|35%|2.42|43%|1.32|20%|60%|0.0
a17ad5a5048e8c3f|Darren Stewart|12|8|0|"6' 0"""|205 lbs.|"74"""|Orthodox|Dec 30, 1990|3.05|45%|3.29|48%|1.75|45%|67%|0.1
27b1a406ac171b19|Luke Stewart|6|3|0|"5' 11"""|170 lbs.|No Stat|Orthodox|No Stat|3.75|56%|2.34|53%|3.75|33%|50%|1.9
310c4d4b2b32796b|Marc Stevens|21|10|0|"5' 9"""|155 lbs.|No Stat|No Stat|No Stat|0.45|26%|1.79|46%|0.00|0%|0%|0.0
738acab0c6934dd8|Dmitri Stepanov|0|1|0|"6' 3"""|217 lbs.|No Stat|Orthodox|No Stat|0.00|0%|0.00|0%|0.00|0%|0%|0.0
cb696ebfb6598724|Aljamain Sterling|24|5|0|"5' 7"""|145 lbs.|"71"""|Orthodox|Jul 31, 1989|4.41|52%|2.21|58%|2.51|29%|42%|0.7
6000b5ae6c462142|Ray Steinbeiss|14|7|0|"5' 11"""|170 lbs.|No Stat|Orthodox|Sep 12, 1979|0.00|0%|0.00|100%|0.00|0%|0%|0.0
18968f97ad34f15c|Jeremy Stephens|28|20|0|"5' 9"""|155 lbs.|"71"""|Orthodox|May 25, 1986|3.15|40%|3.14|58%|1.11|38%|62%|0.4
0b5b6876c2a4723f|Steve Steinbeiss|9|4|0|"6' 3"""|185 lbs.|"75"""|Orthodox|May 05, 1981|3.92|55%|1.86|49%|0.44|50%|58%|0.0
79899ecf62020f6d|Joe Stevenson|33|16|0|"5' 7"""|145 lbs.|"70"""|Orthodox|Jun 15, 1982|2.05|44%|2.44|60%|2.75|44%|39%|2.2
377bc9dc0b2745f9|Eric Steenberg|5|1|0|No Stat|155 lbs.|No Stat|No Stat|Jun 22, 1983|0.00|0%|0.00|0%|0.00|0%|0%|0.0
16044bd8762cf794|Adam Steele|0|1|0|No Stat|170 lbs.|No Stat|No Stat|No Stat|0.00|0%|0.00|0%|0.00|0%|0%|0.0
b4b496ec2197ee3e|Navajo Stirling|7|0|0|"6' 4"""|205 lbs.|"79"""|Orthodox|Nov 07, 1997|6.43|52%|2.49|61%|1.20|30%|78%|0.0
68c11c27d4d56572|Dominique Steele|14|9|0|"5' 10"""|170 lbs.|"74"""|Orthodox|Jan 27, 1988|2.32|49%|2.42|50%|2.95|42%|76%|0.0
42a7e90605df3c8a|Damian Stasiak|10|6|0|"5' 5"""|135 lbs.|"70"""|Orthodox|Feb 20, 1990|1.86|36%|3.10|52%|2.64|35%|43%|0.6
c8136ab8aa32c974|Kalib Starnes|17|11|1|"6' 3"""|185 lbs.|"74"""|Orthodox|Jan 06, 1975|2.71|48%|4.43|53%|1.46|33%|25%|0.6
a12a8314adc1c1c9|Laureano Staropoli|9|5|0|"6' 1"""|185 lbs.|"71"""|Orthodox|Feb 27, 1993|3.31|34%|3.73|54%|0.83|26%|48%|0.0
5abf827d62f98fee|Clifford Starks|13|3|0|"6' 0"""|185 lbs.|"78"""|Orthodox|Apr 25, 1981|1.94|33%|2.49|58%|1.94|100%|60%|0.0
93e4754d0984c82f|Lucas Stark|1|5|0|No Stat|155 lbs.|No Stat|No Stat|No Stat|1.60|25%|3.20|66%|12.00|100%|0%|0.0
289a57039d742bfe|Dion Staring|35|14|0|"6' 1"""|235 lbs.|No Stat|Orthodox|Jun 09, 1978|1.09|37%|5.00|47%|0.00|0%|33%|0.0
30ea504870f8597b|Josh Stansbury|4|8|0|"6' 2"""|205 lbs.|"74"""|Orthodox|Nov 19, 1984|3.22|54%|3.54|54%|0.00|0%|87%|1.0
579fcdfcabd23a7b|Brian Stann|12|6|0|"6' 1"""|205 lbs.|"74"""|Orthodox|Sep 24, 1980|3.28|42%|2.65|59%|0.12|12%|60%|0.3
175852708cb55776|Cristina Stanciu|5|2|0|"5' 3"""|115 lbs.|No Stat|Orthodox|Mar 29, 1994|2.50|50%|3.07|52%|0.85|100%|40%|1.7
6436029b50a9c255|Bobby Stack|8|3|0|"5' 9"""|155 lbs.|No Stat|Orthodox|No Stat|1.00|20%|2.89|34%|7.48|45%|100%|0.0
6dd758d34da8d254|Ron Stallings|14|8|0|"6' 2"""|170 lbs.|"75"""|Southpaw|Jan 25, 1983|3.22|60%|3.26|51%|0.00|0%|71%|0.0
69a400af4420cd6a|Andreas Stahl|10|4|0|"5' 11"""|170 lbs.|No Stat|Orthodox|May 20, 1988|2.83|37%|4.74|57%|1.55|66%|80%|0.0
bf7ad5628363eec9|Cody Stamann|21|8|1|"5' 6"""|135 lbs.|"64"""|Orthodox|Nov 09, 1989|4.32|46%|3.91|60%|2.17|37%|76%|0.0
6506c1d34da9c013|Georges St-Pierre|26|2|0|"5' 11"""|185 lbs.|"76"""|Orthodox|May 19, 1981|3.78|53%|1.40|72%|4.16|74%|83%|1.1
37cc294027f55e4d|Austin Springer|12|4|0|"5' 8"""|145 lbs.|"71"""|Orthodox|May 12, 1987|3.54|57%|3.15|41%|3.37|40%|100%|0.8
87f3bbf52e6c9dc9|Daniel Spohn|15|6|0|"6' 4"""|205 lbs.|"79"""|Southpaw|Oct 12, 1984|2.42|49%|1.60|53%|0.00|0%|28%|2.5
c3ea8deeba00462b|Pete Spratt|25|23|0|"5' 9"""|170 lbs.|No Stat|Orthodox|Jan 09, 1971|1.63|48%|1.33|55%|0.30|100%|46%|0.3
f86cb5f25d545e0e|Daniel Spitz|6|3|0|"6' 7"""|245 lbs.|"82"""|Orthodox|Jul 31, 1990|2.60|35%|5.30|46%|0.74|66%|0%|0.0
e2f6b2769aaedd6c|Serghei Spivac|17|6|0|"6' 3"""|260 lbs.|"78"""|Orthodox|Jan 24, 1995|3.45|48%|4.25|50%|4.21|62%|63%|0.5
71caa995674203aa|Waachiim Spiritwolf|12|13|1|"5' 8"""|170 lbs.|No Stat|No Stat|No Stat|10.00|100%|10.00|0%|0.00|0%|0%|0.0
5f2197acaba7d5ef|Mario Sperry|13|4|0|"6' 2"""|205 lbs.|No Stat|Orthodox|Sep 28, 1966|2.81|52%|1.53|47%|2.09|42%|71%|1.4
b9664eae2ac75262|Eric Spicely|12|6|0|"6' 1"""|185 lbs.|"73"""|Orthodox|Sep 29, 1986|3.71|45%|5.72|55%|1.31|20%|75%|1.0
7d68f3bec89e08ec|Nick Sperling|3|4|0|No Stat|135 lbs.|No Stat|No Stat|No Stat|1.40|25%|1.40|66%|0.00|0%|0%|0.0
221b2a3070c7ce3e|Sam Spengler|9|5|0|"5' 11"""|185 lbs.|No Stat|Orthodox|No Stat|3.27|62%|3.27|54%|1.75|11%|75%|1.8
39d91e95949de3d9|Felicia Spencer|9|3|0|"5' 6"""|145 lbs.|"68"""|Orthodox|Nov 29, 1990|3.21|48%|4.54|45%|1.18|18%|27%|0.2
ae4650eb56ab6a11|Patrick Speight|7|3|0|"6' 1"""|170 lbs.|No Stat|Orthodox|No Stat|0.00|0%|0.00|0%|0.00|0%|0%|0.0
ab850a77a0fa487d|Sean Spencer|12|6|0|"5' 10"""|170 lbs.|"74"""|Orthodox|Jun 25, 1987|4.24|32%|4.02|60%|0.14|33%|68%|0.0
1411c630ba711b64|Tommy Speer|21|7|0|"5' 10"""|170 lbs.|"71"""|Orthodox|Aug 20, 1984|2.56|51%|5.12|35%|2.02|33%|33%|0.0
743fd9080892501d|Ron Sparks|8|3|0|"6' 5"""|265 lbs.|No Stat|No Stat|No Stat|0.00|0%|0.00|0%|0.00|0%|0%|0.0
a67f5afa8d6a1b80|Ryan Spann|23|11|0|"6' 5"""|205 lbs.|"79"""|Orthodox|Aug 24, 1991|3.19|39%|4.14|43%|1.30|34%|52%|1.8
b9eb5b4ed07d1525|Andreas Spang|9|3|0|"6' 1"""|185 lbs.|No Stat|No Stat|Nov 07, 1978|0.00|0%|0.00|0%|0.00|0%|0%|0.0
c278e8843b8abfec|Charon Spain|14|26|0|"5' 9"""|155 lbs.|No Stat|No Stat|Mar 11, 1988|0.00|0%|0.00|0%|0.00|0%|0%|0.0
411d012af19ecb59|Chris Spang|6|3|0|"6' 2"""|170 lbs.|No Stat|Orthodox|Nov 26, 1987|1.83|36%|1.95|60%|0.00|0%|50%|0.9
8bd4200561c77a62|Ketlen Souza|15|6|0|"5' 3"""|115 lbs.|"63"""|Orthodox|Aug 18, 1994|4.92|59%|4.46|51%|0.43|25%|64%|0.4
22b43be04d7454d0|Heraldo Souza|9|2|1|"5' 11"""|185 lbs.|"73"""|Orthodox|Dec 15, 1994|1.62|33%|1.62|50%|0.00|0%|0%|0.0
0e5c4e72237461bb|Bruno Souza|10|3|0|"5' 10"""|145 lbs.|"70"""|Orthodox|Mar 07, 1996|3.73|39%|5.30|45%|0.50|16%|60%|0.0
6c7020b859c7a3ce|Edimilson Souza|15|5|0|"6' 0"""|145 lbs.|"74"""|Orthodox|Oct 17, 1984|4.65|44%|2.91|58%|0.00|0%|50%|0.0
5870c541798124ae|Manoel Sousa|12|1|0|No Stat|155 lbs.|No Stat|No Stat|Jun 04, 1997|0.00|0%|0.00|0%|0.00|0%|0%|0.0
dab8cfbb6b1db10a|Livinha Souza|14|4|0|"5' 3"""|115 lbs.|"63"""|Orthodox|Mar 11, 1991|1.75|45%|3.60|56%|2.54|45%|40%|1.4
aee8eecfc4bfb1e7|Bobby Southworth|10|6|0|"6' 2"""|205 lbs.|No Stat|Orthodox|Dec 16, 1969|0.99|39%|1.38|65%|3.98|78%|64%|1.3
7a703c565ccaa18f|Jacare Souza|26|10|0|"6' 1"""|185 lbs.|"72"""|Orthodox|Dec 07, 1979|2.53|47%|2.83|62%|2.57|39%|57%|1.3
d18dbcb0f8e2b55d|Alex Soto|8|3|1|"5' 8"""|135 lbs.|No Stat|Southpaw|Feb 15, 1984|2.95|25%|5.02|59%|2.82|30%|0%|0.0
9c669abd35b2522f|Greg Soto|9|4|0|"5' 11"""|170 lbs.|"73"""|Orthodox|Jun 03, 1986|3.21|63%|2.61|52%|1.49|27%|44%|1.0
a4e85a58fbce64b2|Joe Soto|18|7|0|"5' 6"""|135 lbs.|"65"""|Orthodox|Mar 22, 1987|3.36|41%|5.37|67%|0.85|21%|70%|1.9
896c322f56b8be5a|George Sotiropoulos|14|7|0|"5' 10"""|155 lbs.|"71"""|Orthodox|Jul 09, 1977|2.61|27%|2.52|67%|2.32|31%|53%|1.6
59583ff832fe9d68|Krzysztof Soszynski|26|12|1|"6' 1"""|205 lbs.|"77"""|Open Stance|Aug 02, 1977|3.37|39%|3.13|58%|0.52|25%|71%|1.0
326f94d6cfb1bf25|Ben Sosoli|7|3|0|"6' 0"""|265 lbs.|"72"""|Southpaw|Dec 10, 1989|2.31|31%|4.30|47%|0.00|0%|0%|0.0
85ff1b9471d35238|Dmitry Sosnovskiy|11|0|0|"6' 3"""|240 lbs.|"77"""|Orthodox|Jul 06, 1989|2.95|70%|2.53|35%|3.16|66%|100%|3.2
ec3bd30378d63dd1|Hecher Sosa|13|1|0|No Stat|135 lbs.|No Stat|No Stat|Aug 25, 1995|0.00|0%|0.00|0%|0.00|0%|0%|0.0
d0e50a3d1b250708|Andre Soukhamthath|13|8|0|"5' 9"""|135 lbs.|"70"""|Orthodox|Oct 23, 1988|2.77|44%|4.31|49%|1.25|53%|58%|0.2
64facb6cc564262d|Punahele Soriano|11|4|0|"5' 11"""|170 lbs.|"72"""|Southpaw|Nov 22, 1992|5.00|53%|3.88|48%|1.47|56%|37%|0.0
bd5403efbaa445c0|Sean Soriano|14|8|0|"5' 9"""|145 lbs.|"70"""|Orthodox|Oct 06, 1989|3.18|61%|2.14|56%|1.33|55%|52%|0.0
cac3aaa66c20bee1|Mario Soto|7|2|0|"6' 0"""|145 lbs.|No Stat|No Stat|No Stat|1.43|23%|5.23|42%|0.00|0%|0%|0.0
4c9b84d559822830|Emiliano Sordi|16|7|0|"6' 2"""|205 lbs.|No Stat|Orthodox|Feb 15, 1991|4.79|50%|4.79|48%|0.00|0%|100%|8.3
b6c37948cb226e8c|Benardo Sopaj|12|3|0|"5' 6"""|135 lbs.|"66"""|Orthodox|Sep 25, 2000|4.24|56%|4.88|49%|2.53|71%|76%|0.0
72782745eb47161a|Mario Sousa|15|3|0|"6' 3"""|185 lbs.|"79"""|Orthodox|Oct 20, 1996|2.82|50%|2.99|28%|0.52|25%|37%|0.5
3324129f3745b300|Cody Sons|3|7|0|"5' 9"""|205 lbs.|No Stat|No Stat|No Stat|0.00|0%|0.00|0%|0.00|0%|0%|0.0
7c9c6a884be167fe|Jin Soo Son|9|4|0|"5' 6"""|135 lbs.|"69"""|Orthodox|Apr 01, 1993|5.10|36%|7.63|52%|1.50|25%|100%|0.0
fe759b24e344d7eb|Emrah Sonmez|14|5|0|"5' 10"""|145 lbs.|"71"""|Orthodox|Jun 26, 1992|1.47|46%|1.73|48%|5.00|21%|0%|0.0
48d1f690b763934c|Chael Sonnen|29|15|1|"6' 1"""|205 lbs.|"73"""|Southpaw|Apr 03, 1977|3.08|43%|1.10|62%|3.81|59%|66%|0.4
c5dc1bf9b78f262c|Hyeonjong Song|8|1|0|No Stat|135 lbs.|No Stat|No Stat|Apr 23, 2002|0.00|0%|0.00|0%|0.00|0%|0%|0.0
0efb0d4ebb950fcb|YoungJae Song|6|1|1|"5' 7"""|145 lbs.|"70"""|Orthodox|Jan 03, 1996|3.33|58%|2.33|55%|0.00|0%|45%|0.0
efb96bf3e9ada36f|Song Yadong|22|8|1|"5' 8"""|135 lbs.|"67"""|Orthodox|Dec 02, 1997|4.58|43%|4.00|55%|0.61|38%|73%|0.1
9775eabcb1be1a00|Paul Song|2|2|0|No Stat|185 lbs.|No Stat|No Stat|No Stat|0.00|0%|0.00|0%|0.00|0%|0%|0.0
32490e80ddab1e5a|Song Kenan|22|9|0|"6' 0"""|170 lbs.|"71"""|Orthodox|Mar 10, 1990|4.49|46%|5.82|51%|0.42|30%|73%|0.0
83b743fedde154fb|Joe Son|0|4|0|"5' 4"""|236 lbs.|No Stat|Orthodox|Nov 22, 1970|0.00|0%|0.00|0%|0.00|0%|0%|0.0
2719f300b0439039|Ho Bae Myeon|13|5|1|"5' 11"""|168 lbs.|No Stat|Orthodox|No Stat|3.16|16%|3.16|83%|0.00|0%|0%|0.0
062e57ca1a3c95a8|Fiona Muxlow|6|3|0|"5' 4"""|145 lbs.|No Stat|No Stat|May 13, 1977|1.44|27%|5.45|34%|0.00|0%|0%|0.0
324c7a749128df8d|Chris Solomon|0|0|0|"5' 11"""|155 lbs.|No Stat|No Stat|No Stat|0.00|0%|2.80|37%|0.00|0%|33%|0.0
f4c40f8a64d3151d|Max Mustaki|6|3|0|"6' 0"""|155 lbs.|No Stat|Orthodox|Nov 07, 1987|8.20|50%|13.00|45%|0.00|0%|0%|0.0
af65aa688d13eedf|Joe Solecki|13|6|0|"5' 9"""|155 lbs.|"70"""|Orthodox|Aug 27, 1993|1.97|53%|1.85|50%|2.06|48%|14%|1.4
f1451d605bad178e|Alexander Soldatkin|14|4|0|"6' 2"""|250 lbs.|"75"""|Orthodox|Jun 10, 1993|1.16|60%|1.35|26%|1.45|50%|50%|0.0
d1152823307d7e7c|Rameau Thierry Sokoudjou|18|18|0|"5' 10"""|205 lbs.|"78"""|Orthodox|Apr 18, 1984|2.26|45%|2.61|56%|1.93|47%|78%|0.9
28c55b4087a6f136|Elvis Mutapcic|15|6|1|"6' 0"""|185 lbs.|"72"""|Orthodox|Jul 19, 1986|3.41|40%|4.27|38%|0.00|0%|81%|0.0
d468288756ae3982|Renato Sobral|37|11|0|"6' 1"""|205 lbs.|"75"""|Orthodox|Sep 07, 1975|2.23|45%|1.53|57%|2.48|42%|65%|2.6
03b1e846b09f721d|Denis Sobolev|4|7|0|"6' 3"""|216 lbs.|No Stat|Orthodox|No Stat|0.00|0%|5.45|33%|0.00|0%|0%|0.0
7684c8137b4545ba|Devin Smyth|4|2|0|"5' 10"""|170 lbs.|"72"""|Switch|Jul 21, 1995|2.60|68%|6.73|25%|4.00|26%|100%|0.0
1fcfc3709fe58151|Peter Sobotta|17|7|1|"6' 0"""|170 lbs.|"75"""|Southpaw|Jan 11, 1987|2.14|40%|2.90|58%|1.53|32%|77%|0.5
f75c5ca0d91b9115|Richie Smullen|3|1|1|"5' 9"""|155 lbs.|"68"""|Orthodox|Aug 17, 1991|1.98|77%|2.26|65%|8.49|66%|0%|0.0
1b0491ef0f9c965e|Shimon Smotritsky|8|2|0|"6' 2"""|170 lbs.|"74"""|Orthodox|Aug 22, 2000|3.52|34%|8.67|56%|3.52|33%|50%|0.0
5c84f673b7bb7c15|Cameron Smotherman|12|6|0|"5' 9"""|135 lbs.|"69"""|Orthodox|Sep 17, 1997|4.07|37%|3.52|58%|0.00|0%|62%|0.0
75afb06215a07341|Dmitrii Smoliakov|9|3|0|"6' 2"""|253 lbs.|"74"""|Switch|Aug 05, 1982|1.44|42%|3.81|55%|0.00|0%|75%|0.0
c5776fa8f4bf77aa|Justin Smitley|10|7|1|No Stat|145 lbs.|No Stat|No Stat|No Stat|0.00|0%|0.00|0%|0.00|0%|0%|0.0
85497ffd934ecf7e|Jacobe Smith|11|0|0|"5' 10"""|170 lbs.|"72"""|Southpaw|Jan 17, 1996|6.21|66%|2.86|47%|7.42|90%|100%|0.8
625b65b45c1c6888|Walter Smith-Cotito|4|5|0|"5' 8"""|135 lbs.|No Stat|No Stat|No Stat|2.95|36%|3.53|68%|2.16|33%|57%|0.0
d2bc285ead803db0|Louis Smolka|17|9|0|"5' 9"""|135 lbs.|"68"""|Orthodox|Jul 16, 1991|4.67|47%|4.11|53%|1.69|35%|32%|1.8
7478b7f959ba61f5|Elijah Smith|8|1|0|"5' 9"""|135 lbs.|"71"""|Orthodox|Sep 05, 2002|3.83|41%|3.87|47%|4.00|53%|66%|1.0
eaa9402e5a7990ad|Braxton Smith|5|2|0|"5' 11"""|257 lbs.|"72"""|Orthodox|Jan 01, 1990|6.46|48%|11.54|32%|0.00|0%|100%|0.0
0bbb69f69c9a2eea|Nate Smith|6|1|0|"5' 6"""|125 lbs.|"69"""|Switch|Apr 09, 1995|1.28|38%|2.04|35%|0.00|0%|33%|2.3
56709e66f1c6008f|Cole Smith|7|2|0|"5' 11"""|135 lbs.|"67"""|Orthodox|Apr 05, 1989|1.78|35%|1.96|49%|1.67|33%|45%|1.7
207773daeb4afa7b|Devonte Smith|11|4|0|"5' 9"""|155 lbs.|"76"""|Orthodox|Jul 30, 1993|4.55|53%|3.91|49%|0.35|25%|85%|0.3
76984112f697631f|Leslie Smith|10|7|1|"5' 9"""|135 lbs.|"66"""|Orthodox|Aug 17, 1982|7.56|40%|8.41|51%|0.00|0%|62%|0.0
2e25c1d983c26311|Colton Smith|7|4|0|"6' 0"""|155 lbs.|"71"""|Orthodox|Aug 14, 1987|1.64|41%|2.30|51%|4.09|36%|25%|1.4
54ed8dc6f8c31207|Gilbert Smith|12|6|0|"5' 9"""|185 lbs.|No Stat|Southpaw|Oct 19, 1981|1.09|41%|2.73|35%|3.51|60%|0%|1.2
ffee353f55e3aa2c|Dillon Smith|0|0|0|"6' 0"""|170 lbs.|No Stat|No Stat|No Stat|0.00|0%|0.00|0%|0.00|0%|0%|0.0
f797f0c57a83353e|Trevor Smith|15|10|0|"6' 3"""|185 lbs.|"75"""|Orthodox|Jan 05, 1981|3.29|55%|3.31|51%|1.70|32%|60%|0.7
754968e325d6f60d|Adam Smith|0|3|0|No Stat|No Stat|No Stat|No Stat|No Stat|0.00|0%|0.00|0%|0.00|0%|0%|0.0
e955046551f8c7dd|David Smith|5|1|0|No Stat|155 lbs.|No Stat|No Stat|No Stat|0.00|0%|0.00|0%|0.00|0%|0%|0.0
f626aa1c85f8af03|Josh Smith|9|8|0|"6' 0"""|155 lbs.|No Stat|Orthodox|Jul 02, 1982|0.73|28%|1.40|54%|0.00|0%|57%|2.0
d4c9dcd330403612|Anthony Smith|38|22|0|"6' 4"""|205 lbs.|"76"""|Orthodox|Jul 26, 1988|3.19|49%|5.04|44%|0.44|22%|50%|0.6
46c8ec317aff28ac|Patrick Smith|20|17|0|"6' 2"""|225 lbs.|No Stat|Orthodox|Aug 28, 1963|0.00|0%|0.00|0%|0.00|0%|0%|0.0
3410cf010558dc8b|Scott Smith|18|11|0|"6' 0"""|185 lbs.|"70"""|Orthodox|May 21, 1979|1.90|27%|5.87|50%|0.12|6%|58%|0.5
33e33d51f289d2a1|Maurice Smith|12|14|0|"6' 2"""|221 lbs.|No Stat|Orthodox|Dec 13, 1961|0.41|46%|0.47|60%|0.89|50%|20%|0.9
9114c8ded5ccd71d|Eric Smith|1|1|0|No Stat|No Stat|No Stat|Southpaw|No Stat|0.00|0%|0.00|0%|0.00|0%|0%|0.0
ae81a3ac7b260411|Tofiq Musayev|22|6|0|"5' 9"""|155 lbs.|"69"""|Orthodox|Dec 15, 1989|0.44|33%|0.44|71%|0.00|0%|40%|0.0
d0d43cb9b14f231c|Andre Mussi|11|5|0|"6' 3"""|242 lbs.|No Stat|Orthodox|No Stat|0.00|0%|10.59|35%|0.00|0%|0%|0.0
8b5f9ea38184ded3|Nicholas Musoke|13|5|0|"6' 0"""|170 lbs.|"75"""|Orthodox|Apr 05, 1986|3.56|35%|3.80|57%|1.16|19%|82%|0.2
31d7446b184e3305|Magomed Mustafaev|14|4|0|"5' 8"""|155 lbs.|"71"""|Orthodox|Aug 02, 1988|2.59|58%|2.68|41%|3.31|50%|23%|0.4
723b64c0e9a8f348|Josias Musasa|8|1|0|"5' 8"""|135 lbs.|"74"""|Southpaw|Oct 10, 1998|3.45|43%|4.60|28%|0.82|50%|77%|0.8
e90a2f22417af68e|Azamat Murzakanov|15|0|0|"5' 10"""|205 lbs.|"71"""|Southpaw|Apr 12, 1989|4.93|57%|2.86|61%|0.58|15%|83%|0.0
d0147e906106cd2e|Jesse Murray|8|4|0|"6' 3"""|205 lbs.|"78"""|Orthodox|Jan 26, 1993|2.38|28%|7.72|43%|0.00|0%|0%|0.0
231cae8b77fbbcc1|Khalid Murtazaliev|14|2|0|"6' 0"""|185 lbs.|"76"""|Orthodox|Jul 15, 1993|4.80|69%|0.40|78%|7.50|100%|33%|0.0
eca7e064746c161a|Patrick Murphy|5|3|0|"6' 0"""|170 lbs.|No Stat|No Stat|No Stat|3.40|66%|0.80|42%|0.00|0%|50%|1.0
1b5c146ee7b86e34|Jon Murphy|6|4|0|"6' 3"""|260 lbs.|No Stat|Orthodox|Aug 09, 1977|3.93|66%|8.85|43%|0.00|0%|0%|0.0
396fe87b84ac2e1c|Lerone Murphy|16|0|1|"5' 9"""|145 lbs.|"73"""|Orthodox|Jul 22, 1991|4.53|54%|2.48|61%|1.45|54%|52%|0.5
32016899d0a222a3|Lee Murray|8|2|1|"6' 3"""|185 lbs.|No Stat|Orthodox|Sep 12, 1977|0.36|15%|3.28|32%|0.90|100%|42%|1.8
729d4bd5a6cd0a97|Lauren Murphy|16|7|0|"5' 5"""|125 lbs.|"67"""|Orthodox|Jul 27, 1983|3.94|38%|5.19|56%|1.09|24%|67%|0.2
6f4d199c0adc06f5|Samandar Murodov|11|0|0|"6' 1"""|170 lbs.|"75"""|Orthodox|Aug 28, 1999|1.50|75%|0.50|44%|6.01|66%|0%|1.5
de25520d54eab12d|Ian Murphy|1|1|0|"6' 1"""|185 lbs.|No Stat|Orthodox|Jun 14, 1985|0.00|0%|1.93|30%|4.13|100%|0%|0.0
62918a2118de08b2|Tom Murphy|8|0|0|"6' 2"""|227 lbs.|No Stat|Southpaw|Nov 19, 1974|2.50|71%|0.17|84%|7.51|85%|0%|2.5
4b90384d7c3519b8|Vince Murdock|12|4|0|"5' 6"""|145 lbs.|"64"""|Orthodox|Mar 21, 1991|1.21|21%|7.17|40%|0.00|0%|0%|0.0
9b6dcc335ad03696|Ailiya Muratbek|9|2|0|No Stat|155 lbs.|No Stat|No Stat|No Stat|0.00|0%|0.00|0%|0.00|0%|0%|0.0
e0b0cf71e0d69dd0|Kanako Murata|12|3|0|"5' 1"""|115 lbs.|"62"""|Orthodox|Aug 10, 1993|2.15|56%|2.40|53%|3.38|56%|100%|0.8
e3a6c6d6d0ac0815|Ryuichi Murata|8|3|1|"5' 8"""|183 lbs.|No Stat|Orthodox|No Stat|0.84|36%|1.89|50%|4.74|50%|100%|3.2
cfbccfed4e4796fe|Kazunari Murakami|5|5|0|"6' 1"""|220 lbs.|No Stat|Orthodox|Nov 29, 1973|0.00|0%|0.00|0%|0.00|0%|0%|0.0
ea7e5bc78d9de658|Makhmud Muradov|26|8|0|"6' 2"""|185 lbs.|"75"""|Orthodox|Feb 08, 1990|4.21|43%|2.57|61%|3.03|66%|77%|0.2
fd0b4e3eb18eafb7|Andy Murad|15|2|0|"5' 9"""|185 lbs.|No Stat|No Stat|No Stat|2.60|76%|2.87|32%|1.00|20%|42%|0.0
c3dd69333eb8085a|Olivier Murad|6|0|0|"5' 10"""|145 lbs.|"72"""|Southpaw|Dec 21, 1993|2.60|36%|2.20|61%|1.00|100%|55%|0.0
f6bcbd91b114ff58|Johnny Munoz|12|4|0|"5' 9"""|135 lbs.|"71"""|Orthodox|Feb 16, 1993|2.44|36%|2.66|55%|2.40|25%|45%|1.8
f8f1ec513bcfef43|Alexander Munoz|7|2|0|"5' 9"""|155 lbs.|"72"""|Switch|Feb 27, 1990|3.70|42%|4.73|55%|3.00|40%|100%|0.0
886264a0c9f4ea5e|Andre Muniz|24|7|0|"6' 1"""|185 lbs.|"78"""|Southpaw|Feb 17, 1990|2.04|49%|2.33|51%|4.02|49%|35%|1.2
179f1948dc234f1f|Mark Munoz|14|6|0|"6' 0"""|185 lbs.|"71"""|Orthodox|Feb 09, 1978|3.12|51%|2.26|57%|3.17|29%|57%|0.6
1a49e0670dfaca31|Jim Mullen|0|2|0|"6' 1"""|215 lbs.|No Stat|Southpaw|No Stat|0.00|0%|0.00|0%|0.00|0%|0%|0.0
6bd02119599741a4|Pedro Munhoz|20|10|0|"5' 6"""|135 lbs.|"65"""|Orthodox|Sep 07, 1986|5.38|41%|6.29|55%|0.48|16%|82%|0.5
bd532e9a2b93870c|Melissa Mullins|7|2|0|"5' 7"""|135 lbs.|"68"""|Orthodox|Jul 23, 1991|3.71|50%|4.39|52%|2.03|42%|85%|0.0
8d5350fa18b79e9a|James Mulheron|11|2|0|"5' 10"""|243 lbs.|"73"""|Orthodox|Feb 20, 1988|2.40|31%|3.47|42%|0.00|0%|25%|0.0
af9f42e6894047fc|Jamie Mullarkey|17|8|0|"6' 0"""|155 lbs.|"74"""|Orthodox|Aug 17, 1994|4.39|46%|4.53|53%|2.31|34%|78%|0.1
1979c80150f630c4|Kestutis Smirnovas|24|8|2|"5' 10"""|200 lbs.|No Stat|Orthodox|No Stat|4.95|52%|5.05|54%|1.55|50%|100%|1.6
9db861c26b63daa8|Brian Sleeman|9|9|1|"5' 8"""|185 lbs.|No Stat|No Stat|No Stat|4.00|48%|1.85|70%|9.23|100%|100%|0.0
80e6d71e14c1d356|Joe Slick|16|5|3|"6' 0"""|199 lbs.|No Stat|Orthodox|Oct 17, 1977|0.00|0%|0.00|0%|0.00|0%|0%|0.0
a2d1d3d144fed708|Ray Sloan|8|1|0|"6' 1"""|205 lbs.|No Stat|No Stat|Jul 14, 1985|0.00|0%|0.00|0%|0.00|0%|0%|0.0
c337c3c85b1871e0|Zach Skinner|10|11|0|"5' 6"""|145 lbs.|No Stat|Orthodox|No Stat|0.53|50%|2.40|32%|5.00|27%|100%|1.0
caced97768818230|Matt Skelton|0|1|0|"6' 3"""|265 lbs.|No Stat|Orthodox|Jan 23, 1967|0.00|0%|0.54|0%|0.00|0%|66%|0.0
4bd6b4800070b069|Chas Skelly|19|3|0|"5' 11"""|145 lbs.|"72"""|Orthodox|May 11, 1985|2.01|40%|3.21|49%|1.74|34%|39%|2.3
5f87a5c00b3d17ed|Dennis Siver|23|11|0|"5' 6"""|145 lbs.|"70"""|Orthodox|Jan 13, 1979|3.87|32%|2.67|65%|0.87|32%|65%|0.3
44a1dd0ef4373edc|Jeri Sitzes|3|1|0|"5' 5"""|125 lbs.|No Stat|No Stat|No Stat|0.00|0%|0.00|0%|0.00|0%|0%|0.0
436cdea7bdfdc016|Yokthai Sithoar|0|1|0|"5' 7"""|143 lbs.|No Stat|No Stat|Dec 25, 1974|0.00|0%|0.00|0%|0.00|0%|0%|0.0
fce9b4056a8ef559|AJ Siscoe|1|2|0|"5' 7"""|135 lbs.|No Stat|No Stat|No Stat|0.00|0%|0.00|0%|0.00|0%|0%|0.0
a46fdda658fee832|Gian Siqueira|19|5|0|"6' 1"""|170 lbs.|"74"""|Orthodox|Jun 23, 1994|0.80|100%|3.41|19%|0.00|0%|0%|0.0
a7ac3b1b0c4146db|Jeremia Siregar|6|3|0|"5' 2"""|125 lbs.|"63"""|Orthodox|Jul 27, 1991|2.80|42%|7.37|29%|0.00|0%|75%|0.0
71ef1111bf829b82|Mitchell Sipe|4|1|0|"6' 2"""|245 lbs.|No Stat|Orthodox|Apr 09, 1996|5.50|56%|9.98|46%|1.53|20%|0%|0.0
f985ca2370a37078|Kiran Singh|7|4|0|"5' 1"""|115 lbs.|"65"""|Orthodox|Jul 25, 2000|0.00|0%|19.51|23%|0.00|0%|0%|0.0
254ed71756cfd18c|Rana Rudra Pratap Singh|11|2|0|"5' 10"""|135 lbs.|"69"""|Orthodox|May 09, 1997|0.00|0%|9.05|27%|0.00|0%|0%|0.0
817e0bdf08efce2e|Elvis Sinosic|7|11|2|"6' 3"""|205 lbs.|"77"""|Orthodox|Feb 13, 1971|1.13|37%|4.60|53%|0.00|0%|0%|1.2
3b65c9dd39741bc4|Rob Sinclair|13|5|0|"5' 8"""|155 lbs.|No Stat|No Stat|Feb 20, 1980|1.20|33%|1.73|73%|0.00|0%|50%|0.0
546015aa2ad945fd|Rory Singer|11|9|0|"6' 2"""|185 lbs.|"77"""|Orthodox|May 28, 1976|2.55|39%|2.42|63%|0.39|25%|64%|0.8
2252b2c892397f0d|Fazlo Mulabitinovic|4|2|0|No Stat|135 lbs.|No Stat|No Stat|No Stat|0.54|16%|0.00|100%|0.00|0%|0%|8.0
f923e012414c883e|Lauren Mueller|5|3|0|"5' 5"""|125 lbs.|"67"""|Orthodox|Nov 15, 1991|4.08|41%|3.77|58%|0.70|50%|71%|0.0
16af2d5a6f28bee2|Quinn Mulhern|18|4|0|"6' 3"""|155 lbs.|No Stat|Orthodox|Sep 20, 1984|1.48|28%|2.09|51%|1.36|20%|33%|0.0
59c6d5af765df641|Everett Sims|4|1|0|"6' 5"""|260 lbs.|"77"""|Southpaw|Sep 04, 1988|0.81|66%|2.19|30%|0.00|0%|42%|1.2
265589bdd93e7ce5|Lodune Sincaid|15|9|0|"5' 9"""|185 lbs.|No Stat|Orthodox|May 07, 1973|2.72|42%|6.17|57%|0.00|0%|75%|0.0
e92901944ce91909|Askar Mozharov|19|13|0|"6' 3"""|205 lbs.|"74"""|Orthodox|Oct 26, 1994|0.43|18%|4.07|13%|0.00|0%|33%|0.0
d0c325dfefdde31f|Garrett Mueller|3|3|0|"5' 9"""|135 lbs.|No Stat|No Stat|Jan 29, 1989|0.00|0%|0.00|0%|0.00|0%|0%|0.0
b1b0729d27936f2f|Belal Muhammad|24|4|0|"5' 11"""|170 lbs.|"72"""|Orthodox|Jul 09, 1988|4.46|43%|3.78|55%|2.24|38%|90%|0.1
9c27f3217891f3f0|Kris Moutinho|14|7|0|"5' 7"""|135 lbs.|"68"""|Southpaw|Aug 09, 1992|4.51|31%|14.68|29%|0.00|0%|0%|0.0
ae922e7d9e852d7a|Kin Moy|8|3|0|"5' 5"""|135 lbs.|No Stat|No Stat|No Stat|2.30|33%|1.93|62%|1.67|42%|50%|1.7
de594b35c45c2e9a|Eduarda Moura|12|1|0|"5' 6"""|125 lbs.|"67"""|Orthodox|Feb 28, 1994|3.04|37%|2.47|61%|3.73|37%|80%|0.3
232c582f29f8f65e|Gegard Mousasi|42|6|2|"6' 2"""|185 lbs.|"76"""|Orthodox|Aug 01, 1985|3.75|50%|1.21|68%|1.59|60%|59%|1.1
ab35634d1a8c7a11|Flavio Luiz Moura|19|7|0|"5' 11"""|183 lbs.|No Stat|Open Stance|No Stat|0.67|16%|0.00|0%|0.00|0%|0%|0.0
37f560436d745c18|Nikolas Motta|15|6|0|"5' 9"""|155 lbs.|"70"""|Orthodox|Feb 08, 1993|4.13|38%|5.28|52%|0.00|0%|83%|0.0
a5fa51a81d0c5ed9|Miki Motono|8|5|0|"5' 2"""|115 lbs.|"63"""|Southpaw|May 18, 1994|1.27|27%|4.20|57%|3.00|30%|0%|1.0
882d62561063a927|Jamie Moyle|4|3|0|"5' 1"""|115 lbs.|"65"""|Orthodox|Mar 17, 1989|4.51|51%|4.00|65%|1.00|21%|50%|0.0
5da4e8dc02e50ac0|Juan Mott|3|4|0|"6' 0"""|190 lbs.|No Stat|Switch|No Stat|0.00|0%|0.00|0%|0.00|0%|0%|0.0
b15862fcd6ded451|Carlos Mota|8|2|0|"5' 4"""|125 lbs.|"69"""|Orthodox|Apr 15, 1995|0.80|41%|1.13|54%|0.00|0%|50%|1.0
dab0e6cb8c932162|Anthony Morrison|20|12|0|"5' 7"""|145 lbs.|No Stat|Orthodox|Mar 29, 1984|1.70|33%|0.49|80%|0.00|0%|50%|0.0
4dc496aa0cfc0d95|Harry Moskowitz|6|12|0|"6' 5"""|275 lbs.|No Stat|Orthodox|No Stat|0.00|0%|0.00|0%|0.00|0%|0%|0.0
38fccd44d669bb2f|Jack Morrison|0|3|0|"5' 11"""|205 lbs.|No Stat|No Stat|No Stat|0.00|0%|19.31|40%|0.00|0%|0%|0.0
6803d4d6908354ac|Brad Morris|10|6|0|"6' 2"""|205 lbs.|No Stat|Orthodox|Nov 01, 1979|0.50|62%|6.95|27%|0.00|0%|0%|0.0
be9d259be012e8a4|Scott Morris|2|1|0|"5' 10"""|210 lbs.|No Stat|Orthodox|No Stat|0.00|0%|0.00|0%|0.00|0%|0%|0.0
2f6a993c7f547c13|Sergey Morozov|19|5|0|"5' 6"""|135 lbs.|"67"""|Orthodox|Jun 14, 1989|3.01|43%|2.97|61%|3.63|31%|68%|0.0
b4192a975027aab6|Maryna Moroz|11|6|0|"5' 7"""|125 lbs.|"67"""|Orthodox|Sep 08, 1991|4.42|33%|4.89|51%|0.70|24%|42%|0.6
92b36014314b028b|Peggy Morgan|4|4|0|"6' 1"""|135 lbs.|No Stat|No Stat|Dec 16, 1979|2.27|23%|8.20|33%|0.00|0%|50%|0.0
938ea36fe9c269f0|Alexander Morgan|11|5|0|"5' 10"""|145 lbs.|"71"""|Orthodox|May 14, 1991|3.71|44%|2.78|47%|0.00|0%|0%|0.0
cdb96af67d096b1e|Alex Morono|24|12|0|"5' 11"""|170 lbs.|"72"""|Orthodox|Aug 16, 1990|5.03|40%|4.78|56%|0.33|24%|47%|0.3
66e98b3bb5fc5250|Dan Moret|13|6|0|"6' 0"""|155 lbs.|"73"""|Southpaw|Nov 21, 1986|2.67|43%|3.56|43%|1.25|27%|45%|0.4
57bad6a84230f0c9|Tony Sims|12|4|0|"5' 11"""|155 lbs.|"70"""|Southpaw|Oct 14, 1985|1.81|63%|0.76|65%|0.71|50%|50%|0.7
2067a177a2842fbf|Sammy Morgan|18|12|0|"5' 10"""|170 lbs.|No Stat|Orthodox|Sep 28, 1981|1.05|22%|3.74|40%|1.43|20%|0%|0.5
9eedac48b497de5a|Marlon Sims|3|4|0|No Stat|170 lbs.|No Stat|No Stat|No Stat|0.00|0%|0.00|0%|0.00|0%|0%|0.0
e0f7c4f3f67bc808|Wes Sims|24|14|1|"6' 10"""|260 lbs.|No Stat|Orthodox|Aug 04, 1979|0.98|51%|2.95|37%|0.00|0%|40%|2.3
f0fad0e9f3b65752|Jamey Simmons|7|4|0|"5' 6"""|135 lbs.|"70"""|Orthodox|Sep 11, 1992|0.79|21%|1.92|74%|0.00|0%|50%|0.0
d5f820c11a121050|Aaron Simpson|12|5|0|"6' 0"""|170 lbs.|"73"""|Orthodox|Jul 20, 1974|3.60|52%|2.53|56%|3.78|34%|83%|0.5
5987b2458f4b5290|Ricky Simon|22|6|0|"5' 6"""|135 lbs.|"69"""|Orthodox|Aug 31, 1992|2.93|44%|3.72|61%|5.01|43%|75%|0.3
79e2cb1e813f881b|Sim Kai Xiong|7|1|0|"5' 6"""|135 lbs.|"67"""|Orthodox|Sep 06, 1997|3.15|48%|3.66|57%|6.19|34%|100%|0.0
f717b6002486f73f|Marcus Silveira|6|4|0|"6' 3"""|242 lbs.|No Stat|Orthodox|No Stat|0.00|0%|0.00|0%|0.00|0%|0%|0.0
52ba464d9068d871|Elias Silverio|13|3|0|"5' 11"""|155 lbs.|"73"""|Orthodox|Sep 22, 1986|3.67|49%|2.97|51%|1.62|38%|85%|0.2
3a314d9fa7c6825d|Douglas Silva de Andrade|29|6|0|"5' 7"""|135 lbs.|"68"""|Orthodox|Jun 22, 1985|3.54|38%|3.93|57%|0.55|42%|72%|0.2
28e088bbcaaa6366|Leonardo Silva de Oliveira|12|4|0|"6' 2"""|185 lbs.|No Stat|Orthodox|Apr 23, 1992|1.07|40%|0.54|50%|24.11|50%|0%|0.0
79f60d34ad48d7a3|Frank Silva|7|1|0|No Stat|125 lbs.|No Stat|No Stat|Aug 25, 2004|0.00|0%|0.00|0%|0.00|0%|0%|0.0
4784a5b4a452464a|Janaina Silva|5|1|0|"5' 1"""|115 lbs.|"60"""|Orthodox|Feb 16, 1992|0.00|0%|1.50|62%|0.00|0%|0%|0.0
0d09efd31eb9fadf|Jansey Silva|7|2|0|"6' 2"""|185 lbs.|"67"""|Orthodox|May 30, 1995|0.46|40%|2.32|33%|0.00|0%|0%|0.0
21b813b919776d90|Erik Silva|9|3|0|"5' 9"""|145 lbs.|"71"""|Orthodox|Mar 16, 1987|2.07|70%|1.57|40%|3.76|80%|62%|0.0
4408865b4e65e374|Maria Silva|8|1|0|"5' 3"""|115 lbs.|"64"""|Orthodox|Dec 19, 1995|3.00|57%|1.13|62%|2.00|100%|55%|0.5
9d62c2d8ee151f08|Karine Silva|18|5|0|"5' 5"""|125 lbs.|"67"""|Orthodox|Dec 02, 1993|3.04|38%|3.14|47%|2.79|50%|0%|1.9
262d32ebda89efc4|Natalia Silva|19|5|1|"5' 4"""|125 lbs.|"65"""|Southpaw|Feb 03, 1997|5.04|46%|2.46|65%|0.34|25%|92%|0.0
f6f2ea21a67be3a7|Jacob Silva|6|4|0|"5' 5"""|125 lbs.|"67"""|Orthodox|Feb 23, 1988|4.17|44%|4.92|56%|1.51|100%|66%|0.0
12ebd7d157e91701|Bruno Silva|23|13|0|"6' 0"""|185 lbs.|"74"""|Orthodox|Jul 13, 1989|3.86|48%|5.35|41%|0.77|22%|74%|0.0
294aa73dbf37d281|Bruno Silva|14|7|2|"5' 4"""|125 lbs.|"65"""|Orthodox|Mar 16, 1990|3.83|49%|4.81|50%|1.79|23%|60%|0.2
002ca196477ce572|Gabriel Silva|8|2|0|"5' 6"""|135 lbs.|"71"""|Orthodox|Aug 26, 1994|1.30|34%|3.47|45%|1.50|25%|38%|0.5
1b38a2b897f6209c|Felipe Silva|8|2|0|"6' 0"""|155 lbs.|"77"""|Orthodox|May 08, 1984|5.40|50%|1.80|59%|1.00|100%|71%|0.0
b19aecbfbb5508cc|Dayana Silva|7|4|0|"5' 7"""|135 lbs.|No Stat|Orthodox|Aug 27, 1990|6.33|51%|5.93|57%|0.00|0%|42%|0.0
bb2eee4fb3259c01|Mike Moreno|6|5|0|"6' 0"""|185 lbs.|No Stat|No Stat|No Stat|1.27|51%|1.07|58%|0.00|0%|44%|0.0
2e2cdb6e9eb84bb9|Jesse Moreng|9|1|0|"5' 7"""|145 lbs.|No Stat|Orthodox|Nov 09, 1979|1.26|40%|2.08|48%|5.56|100%|100%|0.0
792be9a24df82ed6|Brandon Moreno|23|8|2|"5' 7"""|125 lbs.|"70"""|Orthodox|Dec 07, 1993|3.96|44%|3.62|60%|1.51|44%|64%|0.4
6a125ba3ec37e27e|Gisele Moreira|8|3|0|"5' 6"""|135 lbs.|No Stat|Orthodox|Jan 14, 1981|5.93|42%|6.33|48%|4.00|57%|0%|0.0
9147679e1a4ad4a3|Richardson Moreira|7|4|0|"6' 2"""|185 lbs.|No Stat|Orthodox|Mar 31, 1984|1.17|28%|1.83|67%|0.00|0%|100%|0.0
acb36c908d415c4a|Vinicius Moreira|9|5|0|"6' 4"""|205 lbs.|"76"""|Orthodox|Feb 28, 1989|3.15|59%|5.07|43%|1.97|18%|0%|1.3
df85d6ec3493d120|Joe Moreira|2|2|0|"5' 11"""|195 lbs.|No Stat|Southpaw|No Stat|0.00|0%|0.00|0%|0.00|0%|0%|0.0
80779d7441af1b52|Christian Morecraft|8|3|0|"6' 6"""|260 lbs.|"81"""|Orthodox|Sep 08, 1986|2.82|34%|2.46|46%|3.26|66%|50%|2.2
539ed332b3078821|Sarah Moras|6|8|0|"5' 7"""|135 lbs.|"67"""|Orthodox|Apr 30, 1988|2.28|34%|3.58|50%|0.67|21%|33%|0.8
a0e6753c42698f13|Omar Morales|11|4|0|"5' 11"""|155 lbs.|"73"""|Orthodox|Oct 17, 1985|3.42|40%|3.18|58%|0.46|100%|63%|0.0
45230be0641f3f53|Leonardo Morales|6|2|0|"5' 8"""|135 lbs.|No Stat|Southpaw|Dec 22, 1992|2.05|47%|2.05|58%|0.00|0%|62%|0.0
544d7460b3e44393|Albert Morales|7|4|1|"5' 9"""|135 lbs.|"72"""|Orthodox|May 25, 1991|3.81|35%|3.96|56%|0.91|35%|70%|0.2
92437c6775b3f7d1|John Moraga|19|7|0|"5' 6"""|125 lbs.|"66"""|Orthodox|Mar 20, 1984|2.57|43%|2.55|56%|0.62|23%|44%|1.1
2dc7f1762dc0a7ef|Ricardo Morais|10|4|1|"6' 8"""|270 lbs.|No Stat|Orthodox|Feb 26, 1967|2.86|37%|2.39|53%|0.00|0%|0%|0.0
0d62719b1dcf7c40|Sheymon Moraes|11|4|0|"5' 8"""|145 lbs.|"72"""|Orthodox|Oct 11, 1990|3.00|42%|3.64|63%|0.00|0%|53%|0.0
fea79f9bc8c68769|Marlon Moraes|23|10|1|"5' 6"""|135 lbs.|"67"""|Orthodox|Apr 26, 1988|3.37|40%|4.53|54%|0.87|41%|46%|0.3
1bcaac2d99b90fce|Sergio Moraes|14|6|1|"6' 0"""|170 lbs.|"72"""|Orthodox|Jul 23, 1982|2.42|42%|3.73|59%|1.20|38%|75%|0.4
26927dab41dbd5fc|Taylor Moore|10|5|0|"5' 10"""|135 lbs.|"70"""|Southpaw|Oct 16, 1993|0.20|75%|2.07|42%|0.00|0%|25%|0.0
831de97afe326478|Dustin Moore|0|2|0|"5' 4"""|125 lbs.|No Stat|No Stat|No Stat|0.00|0%|0.00|0%|0.00|0%|0%|0.0
518e5202a91980d4|Nate Moore|8|4|0|"6' 0"""|170 lbs.|No Stat|No Stat|No Stat|2.21|25%|2.87|42%|1.23|16%|25%|0.0
2fe9032955c2e013|Joseph Morales|9|2|0|"5' 6"""|125 lbs.|"69"""|Switch|Aug 22, 1994|1.58|37%|1.72|60%|0.53|50%|23%|2.6
e31502e3f79d00c5|Todd Moore|16|7|0|"5' 9"""|170 lbs.|"71"""|Southpaw|Dec 30, 1983|1.83|26%|2.30|57%|0.78|14%|54%|0.0
e56df3c1d8b4b1cc|Homer Moore|26|9|2|"5' 10"""|205 lbs.|No Stat|Orthodox|Nov 27, 1971|0.68|50%|0.68|0%|5.07|66%|0%|0.0
c32aeb1a59e6272d|Michael Morales|18|0|0|"6' 0"""|170 lbs.|"79"""|Orthodox|Jun 24, 1999|5.62|49%|3.31|53%|1.09|41%|89%|0.0
37098a6e6c27fb66|Vince Morales|16|10|0|"5' 7"""|135 lbs.|"70"""|Orthodox|Nov 12, 1990|3.57|37%|4.00|53%|0.59|40%|58%|0.5
a112097ad877a48f|Alberto Montes|11|1|0|"5' 7"""|145 lbs.|"69"""|Orthodox|May 31, 1994|4.98|66%|4.85|57%|0.00|0%|66%|9.8
6e92eb1242b46636|Steve Montgomery|9|5|0|"6' 4"""|185 lbs.|No Stat|Southpaw|Dec 19, 1990|4.85|39%|4.12|47%|0.00|0%|64%|0.0
c06a9b48d4132c8e|James Moontasri|9|5|0|"5' 10"""|170 lbs.|"71"""|Switch|Apr 10, 1988|2.39|48%|3.86|40%|0.00|0%|79%|0.2
8b1b051038354655|Sofia Montenegro|6|1|0|No Stat|No Stat|No Stat|No Stat|Jun 18, 1999|0.00|0%|0.00|0%|0.00|0%|0%|0.0
3e38b1ea16bd4d86|Antonio Monteiro|17|5|1|"5' 7"""|145 lbs.|"70"""|Orthodox|Jul 02, 1995|3.93|49%|8.33|33%|1.00|33%|66%|1.0
8163cd7de0342652|Erick Montano|7|5|0|"6' 0"""|170 lbs.|"73"""|Orthodox|Nov 19, 1985|2.79|44%|2.06|64%|2.29|36%|66%|0.0
1de9ad94de18eeaf|Nicco Montano|5|3|0|"5' 5"""|135 lbs.|"65"""|Southpaw|Dec 16, 1988|5.60|41%|4.43|64%|2.25|54%|69%|0.4
72c9c2eadfc3277e|Andrew Montanez|9|12|1|No Stat|185 lbs.|No Stat|No Stat|No Stat|0.00|0%|0.00|0%|0.00|0%|0%|0.0
ca80d72da81d7224|Michelle Montague|6|0|0|No Stat|135 lbs.|No Stat|No Stat|Nov 25, 1993|0.00|0%|0.00|0%|0.00|0%|0%|0.0
bffeb123b21c9aad|Darrell Montague|13|5|0|"5' 6"""|125 lbs.|"67"""|Southpaw|Nov 03, 1987|1.92|25%|5.38|52%|0.72|25%|33%|1.4
ae7fe94f117f98cf|Joaquim Silva|13|6|0|"5' 8"""|155 lbs.|"69"""|Southpaw|Feb 05, 1989|3.66|43%|4.53|53%|0.39|50%|69%|0.8
94508d80e1f885fc|Augusto Montano|15|3|0|"6' 1"""|170 lbs.|"73"""|Orthodox|Oct 25, 1984|3.46|46%|2.66|56%|0.00|0%|66%|0.0
fb79582c410d049e|Wagner Silva|6|3|0|"6' 0"""|170 lbs.|No Stat|Orthodox|Feb 07, 1987|1.69|29%|2.87|65%|0.00|0%|58%|0.0
a31358d90d4bb40a|Rafael Silva|28|6|0|"5' 7"""|135 lbs.|No Stat|No Stat|Mar 20, 1985|0.67|50%|0.73|67%|0.00|0%|25%|1.0
6f7c616b98e18c29|Claudio Silva|14|4|0|"5' 11"""|170 lbs.|"71"""|Southpaw|Sep 06, 1982|2.48|42%|3.00|46%|2.85|26%|44%|1.1
159da492e000afbf|Leandro Silva|20|6|1|"5' 9"""|155 lbs.|"72"""|Orthodox|Nov 11, 1985|2.39|48%|2.08|63%|1.76|37%|65%|0.4
5866fc86183a9fb8|Erick Silva|19|9|0|"6' 0"""|170 lbs.|"74"""|Orthodox|Jun 21, 1984|2.50|48%|4.18|49%|0.85|35%|56%|1.4
2ba479b409011527|Fabio Silva|1|8|0|"5' 11"""|205 lbs.|No Stat|Orthodox|Mar 31, 1982|0.09|11%|5.90|38%|0.00|0%|0%|0.0
8349d55cdecd393a|Antonio Silva|19|12|1|"6' 4"""|264 lbs.|"82"""|Orthodox|Sep 14, 1979|2.89|45%|3.09|50%|0.82|29%|66%|0.8
53bb0d40905b87c0|Jay Silva|10|11|1|"6' 2"""|185 lbs.|No Stat|Southpaw|No Stat|1.13|34%|3.07|40%|0.00|0%|38%|1.0
a6c32678efd4f434|Sidney Silva|8|4|0|"6' 3"""|170 lbs.|No Stat|Southpaw|Feb 27, 1972|2.86|65%|3.30|34%|3.30|100%|0%|0.0
a1153013cb5f628f|Edson Silva|14|12|0|No Stat|205 lbs.|No Stat|Orthodox|No Stat|2.69|14%|5.37|50%|0.00|0%|0%|0.0
9211aae062b799d6|Jean Silva|19|12|3|"5' 6"""|160 lbs.|No Stat|Orthodox|Oct 08, 1977|0.73|22%|2.93|52%|0.00|0%|0%|0.0
55b8dc4e54fe2c59|Paulo Cesar Silva|2|6|0|"7' 5"""|385 lbs.|No Stat|Orthodox|Jul 21, 1963|0.40|15%|2.72|47%|0.42|100%|16%|0.4
2924886ee9c4c527|Thiago Silva|19|6|0|"6' 2"""|205 lbs.|"74"""|Orthodox|Nov 12, 1982|3.92|50%|2.55|67%|1.03|47%|70%|0.7
a1f6999fe57236e0|Wanderlei Silva|35|13|1|"5' 11"""|205 lbs.|"74"""|Orthodox|Jul 03, 1976|2.79|40%|2.19|60%|0.97|53%|62%|0.6
1f454354805b6f75|Anderson Silva|34|11|0|"6' 2"""|185 lbs.|"77"""|Southpaw|Apr 14, 1975|3.05|61%|2.05|60%|0.50|77%|69%|0.8
e091482fa6648261|Assuerio Silva|16|8|0|"5' 10"""|241 lbs.|No Stat|Orthodox|Jun 18, 1974|1.42|46%|4.20|54%|2.66|34%|25%|1.8
9a08c2753184ac6d|Xavier Siller|5|5|0|"5' 5"""|125 lbs.|No Stat|No Stat|Jun 06, 1994|1.02|36%|1.53|57%|3.83|100%|0%|0.0
3cf68c1d17f66af7|Siala Siliga|12|5|0|"6' 1"""|290 lbs.|No Stat|Orthodox|Oct 08, 1970|1.08|26%|1.96|50%|1.47|50%|80%|0.0
d188a3b817860ec6|Steven Siler|29|16|0|"5' 11"""|145 lbs.|"70"""|Orthodox|Feb 15, 1987|3.21|41%|2.96|54%|0.47|21%|55%|1.6
cf772fb504842dc3|Kiril Sidelnikov|11|4|0|"5' 11"""|230 lbs.|No Stat|No Stat|Aug 17, 1988|2.87|28%|4.48|61%|0.00|0%|0%|0.0
1a2bf44edb8055b6|Serhiy Sidey|12|2|0|"5' 11"""|135 lbs.|"72"""|Switch|Jul 04, 1996|4.49|39%|4.26|54%|1.58|25%|20%|1.3
b8aef0faf4ce9b31|Sam Sicilia|15|8|0|"5' 8"""|145 lbs.|"67"""|Orthodox|Feb 01, 1986|2.46|33%|3.55|59%|1.45|43%|70%|0.9
762226efa2b01654|Ronal Siahaan|7|1|0|"5' 7"""|125 lbs.|"71"""|Southpaw|May 05, 1996|0.63|66%|6.17|25%|0.00|0%|25%|0.0
585f9ffdb0cd0466|Brandon Shuey|7|6|0|"5' 7"""|155 lbs.|No Stat|Orthodox|Feb 01, 1976|0.68|33%|1.36|0%|0.00|0%|0%|10.2
1f4b1d7d12601c5f|Ivan Shtyrkov|15|0|1|"6' 0"""|205 lbs.|"74"""|Orthodox|Jun 09, 1988|0.00|0%|0.00|0%|0.00|0%|0%|0.0
35cc17760b06f36d|Landon Showalter|11|19|1|"6' 0"""|185 lbs.|No Stat|No Stat|Jun 14, 1976|0.00|0%|0.00|0%|0.00|0%|0%|0.0
b8a85389d115e35a|Jack Shore|17|3|0|"5' 8"""|145 lbs.|"71"""|Orthodox|Feb 06, 1995|3.60|58%|2.31|56%|3.22|39%|74%|0.6
1a54231796e24a3f|Liudvik Sholinian|9|4|1|"5' 10"""|135 lbs.|"71"""|Orthodox|Jan 20, 1990|2.50|30%|5.67|55%|0.00|0%|66%|0.0
1d36f1ac66cf689d|Josh Shockley|11|4|0|"6' 1"""|155 lbs.|No Stat|Orthodox|Nov 15, 1989|1.40|33%|1.75|60%|0.00|0%|61%|0.8
821cd80aab70d5f9|Josh Shockman|6|3|0|"6' 4"""|235 lbs.|No Stat|Southpaw|Dec 29, 1980|0.87|32%|0.87|58%|0.00|0%|23%|0.0
cbfd1d34356a004c|Jeff Monson|60|26|1|"5' 9"""|247 lbs.|"74"""|Orthodox|Jan 18, 1971|0.97|30%|2.87|59%|1.06|12%|66%|0.7
b0c95dc8e858452c|Akira Shoji|14|17|5|"5' 8"""|195 lbs.|No Stat|Orthodox|Jan 31, 1974|1.03|34%|2.63|53%|1.79|73%|82%|0.4
a8e133139286df84|Hidetaka Monma|18|11|4|"6' 0"""|168 lbs.|No Stat|Orthodox|Oct 23, 1973|1.67|25%|9.76|34%|0.00|0%|0%|0.0
02d276b7d62b3472|Rudyard Moncayo|0|3|0|"5' 10"""|195 lbs.|No Stat|Orthodox|No Stat|0.00|0%|0.00|0%|0.00|0%|0%|0.0
008ea710276c9606|Jeff Molina|11|2|0|"5' 6"""|125 lbs.|"69"""|Orthodox|Jul 17, 1997|7.25|48%|5.04|55%|0.00|0%|66%|0.0
606136dee6f6ecea|Dan Molina|13|9|0|"5' 10"""|216 lbs.|No Stat|No Stat|Jun 14, 1984|0.00|0%|5.58|60%|0.00|0%|0%|20.9
192520689012c7e4|Suman Mokhtarian|8|5|0|"5' 8"""|145 lbs.|"72"""|Orthodox|Jun 13, 1992|2.21|43%|6.85|48%|0.00|0%|0%|0.0
e9bc5748e6a76bb6|Ashkan Mokhtarian|13|3|0|"5' 6"""|125 lbs.|"67"""|Southpaw|Sep 15, 1985|1.95|43%|3.66|43%|0.54|16%|33%|0.0
75353550928a7921|Muhammad Mokaev|13|0|0|"5' 7"""|125 lbs.|"70"""|Orthodox|Jul 30, 2000|1.61|45%|1.35|57%|5.29|41%|25%|0.8
04c15b52c3cc1cab|Nate Mohr|9|7|0|"5' 9"""|155 lbs.|"72"""|Orthodox|Mar 03, 1983|3.79|41%|2.50|74%|0.45|50%|71%|0.0
d945aae53e3e54e6|Thiago Moises|19|9|0|"5' 9"""|155 lbs.|"70"""|Orthodox|Mar 23, 1995|2.48|42%|4.08|53%|1.31|35%|52%|1.1
b6452706b373eea1|Renato Moicano|20|7|1|"5' 11"""|155 lbs.|"72"""|Orthodox|May 21, 1989|4.17|48%|3.57|59%|1.67|41%|62%|0.5
65239fccecd03404|Bronson Mohika|1|1|0|No Stat|135 lbs.|No Stat|No Stat|No Stat|0.00|0%|0.00|0%|0.00|0%|0%|0.0
d76ad9a08c4408ff|Bobby Moffett|13|5|0|"5' 10"""|145 lbs.|"73"""|Orthodox|Jun 01, 1990|3.41|39%|3.15|61%|2.74|66%|66%|1.4
478c8706bdb92440|Tatsuya Mizuno|16|12|1|"6' 1"""|205 lbs.|No Stat|Southpaw|Jun 02, 1981|2.25|37%|3.52|53%|1.19|25%|40%|3.6
4498b382c65a7faa|Roxanne Modafferi|25|21|0|"5' 7"""|125 lbs.|"69"""|Orthodox|Sep 24, 1982|3.35|30%|5.70|51%|1.35|23%|30%|0.1
43a59ce3bb40449e|Mizuki|15|6|0|"5' 3"""|115 lbs.|"65"""|Orthodox|Aug 19, 1994|4.56|50%|5.62|48%|0.33|14%|85%|0.0
9649d75defe0dedb|Motoki Miyazawa|7|3|0|"5' 11"""|168 lbs.|No Stat|Southpaw|No Stat|1.23|28%|3.91|61%|0.00|0%|0%|0.0
af70d268e5352186|Kazuyuki Miyata|15|9|0|"5' 8"""|139 lbs.|No Stat|Orthodox|No Stat|2.04|52%|1.82|63%|4.31|46%|68%|0.0
48e093ea1f43a053|Takeya Mizugaki|21|11|2|"5' 7"""|135 lbs.|"69"""|Orthodox|Dec 16, 1983|3.37|37%|3.27|57%|1.46|57%|70%|0.1
c9885b1b7c7055a0|Tomoya Miyashita|17|9|7|"5' 7"""|139 lbs.|No Stat|Southpaw|No Stat|1.67|65%|0.93|33%|4.00|80%|0%|2.0
2cfba6c837c03ed0|Patchy Mix|20|2|0|"5' 11"""|135 lbs.|"70"""|Southpaw|Aug 16, 1993|8.13|40%|11.53|42%|0.00|0%|0%|0.0
f64e4ecd214c6378|Jonathan Mix|7|4|0|"6' 0"""|168 lbs.|No Stat|No Stat|Nov 09, 1980|0.00|0%|0.00|0%|0.00|0%|0%|0.0
509697e08673d2e5|Hiromitsu Miura|12|7|0|"5' 9"""|170 lbs.|"71"""|Orthodox|Sep 22, 1981|2.12|34%|2.12|58%|2.23|50%|69%|0.6
ba280572acfba13f|Matt Mitrione|12|5|0|"6' 3"""|265 lbs.|"82"""|Switch|Jul 15, 1978|3.55|50%|2.79|64%|0.00|0%|55%|0.7
2b4faacc16d66898|Eiji Mitsuoka|18|9|2|"5' 7"""|145 lbs.|No Stat|Southpaw|Jan 01, 1976|1.49|49%|2.26|45%|2.30|36%|20%|1.6
f3ca6908f78efebe|Terrence Mitchell|14|4|0|"5' 10"""|135 lbs.|"74"""|Orthodox|Dec 30, 1989|2.21|34%|8.85|41%|3.69|50%|0%|0.0
2961be02cfb0d2c1|Roman Mitichyan|8|3|0|"5' 10"""|170 lbs.|No Stat|Orthodox|Sep 04, 1978|0.26|16%|2.70|43%|1.93|100%|25%|1.9
568bebed6366b667|Maurice Mitchell|11|2|0|"5' 9"""|145 lbs.|No Stat|Orthodox|Jun 29, 1987|3.80|55%|3.54|60%|0.00|0%|100%|0.0
3d960455f880bb25|Clay Mitchell|1|2|0|"6' 2"""|185 lbs.|No Stat|No Stat|No Stat|1.63|85%|0.00|0%|0.00|0%|100%|4.1
d9c6f19f958643e9|Bryce Mitchell|18|4|0|"5' 10"""|135 lbs.|"70"""|Southpaw|Oct 04, 1994|2.27|59%|1.60|58%|3.24|36%|33%|1.2
7263e0dc082adc87|Brad Mitchell|4|2|0|"5' 11"""|145 lbs.|No Stat|No Stat|Oct 10, 1974|1.15|33%|4.20|52%|0.00|0%|100%|1.9
8f3df4c579cfbb69|David Mitchell|22|7|0|"6' 0"""|170 lbs.|"75"""|Orthodox|Oct 24, 1979|1.74|32%|2.06|55%|0.66|50%|29%|2.0
c06d554ce1713fd3|Danny Mitchell|19|9|1|"6' 2"""|170 lbs.|No Stat|Orthodox|Aug 08, 1986|2.53|49%|2.53|52%|0.00|0%|100%|3.0
ed3ea649b34ddb6c|Alexander Shlemenko|56|9|0|"5' 11"""|185 lbs.|No Stat|No Stat|May 20, 1984|4.36|60%|1.71|63%|0.00|0%|0%|0.0
a79bfbc01b2264d6|Yuya Shirai|26|14|2|"5' 8"""|168 lbs.|No Stat|Orthodox|Apr 02, 1980|1.02|100%|4.07|55%|0.00|0%|0%|0.0
ad863b0d57952c57|Wes Shivers|7|1|0|"6' 8"""|No Stat|No Stat|No Stat|No Stat|0.00|0%|0.00|0%|0.00|0%|0%|0.0
a9a314cc77d90b6e|Wade Shipp|11|5|0|"6' 3"""|245 lbs.|No Stat|Orthodox|Feb 09, 1975|4.29|86%|2.14|0%|0.00|0%|75%|0.0
d9e1942637bd57a4|Raja Shippen|18|11|1|"5' 6"""|145 lbs.|No Stat|No Stat|Oct 07, 1986|0.00|0%|0.00|0%|0.00|0%|0%|0.0
10657c60ce349e0f|Shunichi Shimizu|30|18|11|"5' 5"""|135 lbs.|No Stat|Orthodox|Jan 31, 1985|0.14|33%|4.68|30%|0.00|0%|0%|0.0
5d1700cfbaafbe06|Henrique Shiguemoto|13|4|1|"5' 11"""|185 lbs.|"72"""|Orthodox|Jun 22, 1989|3.60|33%|6.00|16%|0.00|0%|50%|0.0
d683f4870742b273|Shi Ming|17|5|0|"5' 2"""|115 lbs.|"60"""|Orthodox|Nov 14, 1994|3.48|39%|3.24|53%|0.37|16%|58%|0.0
fe435e440b5de0ff|Jake Shields|31|9|1|"6' 0"""|170 lbs.|"72"""|Orthodox|Jan 09, 1979|2.45|36%|1.80|56%|2.83|29%|35%|1.2
d4da8995fc91e7ef|Katsuyori Shibata|4|11|1|"6' 0"""|168 lbs.|No Stat|Orthodox|Nov 17, 1979|2.06|35%|2.40|53%|0.49|50%|53%|0.7
d7338bcb141abd2c|Antonina Shevchenko|10|4|0|"5' 8"""|125 lbs.|"67"""|Southpaw|Nov 20, 1984|3.86|55%|2.93|52%|0.43|42%|53%|0.4
132deb59abae64b1|Valentina Shevchenko|25|4|1|"5' 5"""|125 lbs.|"66"""|Southpaw|Mar 07, 1988|3.14|52%|2.06|63%|2.62|60%|75%|0.3
01b352b6a9074d5c|Chase Sherman|16|12|0|"6' 4"""|250 lbs.|"78"""|Orthodox|Nov 16, 1989|6.04|45%|6.65|52%|0.09|50%|74%|0.0
029880cdbf5ca089|Sean Sherk|36|4|1|"5' 6"""|155 lbs.|"67"""|Orthodox|Aug 05, 1973|2.17|35%|2.71|55%|4.09|46%|56%|0.4
a0c64f272b65d441|Eric Shelton|12|6|0|"5' 6"""|125 lbs.|"68"""|Orthodox|Feb 02, 1991|2.57|42%|1.88|63%|2.83|51%|46%|0.2
5f23eaf9e9c34667|Priya Sharma|5|2|0|"5' 1"""|115 lbs.|"59"""|Orthodox|Aug 29, 1991|1.33|16%|3.20|40%|0.00|0%|55%|0.0
5a7350645bc9bd6e|Shang Zhifa|32|8|0|"5' 7"""|125 lbs.|"63"""|Orthodox|Mar 15, 1986|1.27|32%|1.27|60%|2.00|100%|0%|0.0
0f3a990526c5e706|Sean Sharaf|4|1|0|"6' 3"""|252 lbs.|"77"""|Orthodox|Jul 11, 1993|7.31|44%|9.79|44%|2.07|12%|0%|0.0
285e32e41f61a5b1|Jason Sharp|3|3|0|No Stat|205 lbs.|No Stat|No Stat|No Stat|0.00|0%|0.00|0%|0.00|0%|0%|0.0
ece280745f8727b8|Kamal Shalorus|9|5|2|"5' 8"""|155 lbs.|"68"""|Orthodox|Aug 27, 1972|3.06|32%|2.99|70%|2.07|50%|80%|0.0
fcaae0385b514f11|Frank Shamrock|23|10|2|"5' 10"""|185 lbs.|No Stat|Orthodox|Dec 08, 1972|4.75|53%|4.66|57%|0.35|50%|37%|1.1
f300763147320d12|Liliya Shakirova|8|2|0|"5' 4"""|125 lbs.|"65"""|Orthodox|Oct 24, 1991|2.70|30%|2.58|74%|0.00|0%|0%|0.0
63b65af1c5cb02cb|Ken Shamrock|28|17|2|"6' 1"""|205 lbs.|"72"""|Orthodox|Feb 11, 1964|1.47|46%|4.30|39%|0.94|60%|44%|2.5
da4628f173337902|Don Shainis|12|5|0|"5' 6"""|145 lbs.|"67"""|Orthodox|Sep 16, 1990|3.42|50%|5.87|31%|0.97|25%|20%|1.9
9eed2bcc9e0b92af|Leon Shahbazyan|7|2|0|"6' 4"""|170 lbs.|"74"""|Orthodox|Nov 18, 1995|6.33|52%|8.18|32%|1.46|50%|0%|0.0
4144798612ef96e5|Edmen Shahbazyan|15|5|0|"6' 2"""|185 lbs.|"75"""|Orthodox|Nov 20, 1997|3.74|48%|3.62|48%|1.69|37%|66%|0.4
5dfe71ade71f3a4b|Rosi Sexton|13|5|0|"5' 3"""|135 lbs.|No Stat|Orthodox|Jul 16, 1977|3.31|39%|7.42|41%|0.75|10%|80%|0.0
6ad8e4296f7522d9|Igor Severino|8|1|0|"5' 7"""|125 lbs.|"69"""|Orthodox|Apr 21, 2003|7.17|52%|4.33|47%|9.69|71%|50%|0.0
5c38639f860a5542|Scott Shaffer|0|1|0|"5' 7"""|145 lbs.|No Stat|Orthodox|No Stat|2.40|67%|0.53|50%|0.00|0%|72%|3.0
0ccab7c889ede9ea|Fredy Serrano|3|2|0|"5' 3"""|125 lbs.|"65"""|Orthodox|Sep 22, 1979|1.58|26%|1.89|61%|2.84|25%|84%|0.0
d964a59c48381cb6|Danny Silva|10|2|0|"5' 11"""|145 lbs.|"70"""|Switch|Jan 30, 1997|7.36|59%|7.96|61%|2.33|46%|100%|0.3
c670aa48827d6be6|Dan Severn|101|19|1|"6' 2"""|250 lbs.|No Stat|Southpaw|Jun 08, 1958|0.00|0%|0.00|0%|0.00|0%|0%|0.0
1975c2272ba40e71|Nick Serra|7|3|0|"5' 9"""|170 lbs.|No Stat|Orthodox|Mar 27, 1978|0.00|0%|1.73|43%|1.00|10%|0%|2.0
e7ec11096eac0282|Adrian Serrano|56|29|4|"5' 8"""|170 lbs.|No Stat|No Stat|Dec 23, 1963|0.00|0%|0.00|0%|0.00|0%|0%|0.0
52ef95b5860fb28c|Jean Silva|16|2|0|"5' 7"""|145 lbs.|"69"""|Orthodox|Dec 27, 1996|4.87|52%|4.13|56%|0.60|50%|86%|0.9
dadaeb402526dca5|Carl Seumanutafa|10|8|0|"6' 1"""|255 lbs.|No Stat|Orthodox|No Stat|0.00|0%|3.33|75%|0.00|0%|0%|0.0
6cbb7661c3258617|Felix Lee Mitchell|2|7|0|No Stat|No Stat|No Stat|Orthodox|No Stat|0.00|0%|0.00|0%|0.00|0%|0%|0.0
3f87218a7aca84c4|Toby Misech|9|5|0|"5' 8"""|145 lbs.|No Stat|Southpaw|Mar 07, 1988|3.27|40%|7.73|46%|0.00|0%|0%|0.0
5e7a28f20927d64a|Kazuo Misaki|25|11|2|"5' 8"""|183 lbs.|No Stat|Orthodox|Apr 25, 1976|2.85|40%|2.74|63%|0.72|38%|51%|0.6
b14a68c533f4a4aa|Dokonjonosuke Mishima|21|7|2|"5' 7"""|155 lbs.|No Stat|Southpaw|Apr 19, 1972|1.06|41%|1.22|52%|2.47|40%|25%|1.4
4bcb6eb12b4ad4aa|Vitor Miranda|12|5|0|"6' 1"""|185 lbs.|"77"""|Orthodox|Mar 10, 1979|2.98|45%|2.95|58%|0.95|55%|50%|0.2
df2bf09c99594848|Mario Miranda|14|7|0|"6' 3"""|185 lbs.|"74"""|Orthodox|Jul 12, 1979|1.96|54%|2.46|36%|1.02|60%|54%|0.0
992c82450d96f726|Damir Mirenic|9|4|0|"6' 0"""|185 lbs.|No Stat|Orthodox|Aug 02, 1974|0.84|50%|9.86|35%|0.00|0%|0%|0.0
be8ad887e4d674b0|Juan Miranda|7|5|0|No Stat|155 lbs.|No Stat|No Stat|No Stat|0.00|0%|0.00|0%|0.00|0%|0%|0.0
b909a9a9688b5284|Gabriel Miranda|17|8|0|"5' 11"""|145 lbs.|"71"""|Orthodox|Mar 25, 1990|3.23|43%|6.01|37%|4.75|38%|0%|1.9
40d8b74488743800|Carlton Minus|10|3|0|"5' 10"""|170 lbs.|"75"""|Orthodox|Apr 26, 1993|3.50|40%|4.97|50%|0.00|0%|58%|0.0
c8aa3541bec4042e|Mike Minniger|0|0|0|No Stat|No Stat|No Stat|No Stat|No Stat|0.00|0%|0.00|0%|0.00|0%|0%|0.0
d28dee5c705991df|Stipe Miocic|20|5|0|"6' 4"""|240 lbs.|"80"""|Orthodox|Aug 19, 1982|4.67|52%|4.01|52%|1.74|34%|65%|0.0
ce6065baef021cf3|Ikuhisa Minowa|60|42|8|"5' 9"""|181 lbs.|No Stat|Orthodox|Jan 12, 1976|0.88|40%|1.66|49%|1.82|41%|5%|1.9
1ff9589f9065a9ed|Frank Mir|18|11|0|"6' 3"""|264 lbs.|"79"""|Southpaw|May 24, 1979|2.18|47%|3.84|38%|2.02|40%|54%|2.0
34e516ab361afb1c|Darrick Minner|26|14|0|"5' 7"""|145 lbs.|"69"""|Orthodox|Apr 28, 1990|2.63|65%|2.28|35%|2.40|72%|66%|2.7
1ccaeae54725d897|Mario Mingaj|7|0|0|No Stat|265 lbs.|No Stat|No Stat|No Stat|0.00|0%|0.00|0%|0.00|0%|0%|0.0
56c975c4a2b357a5|Vitaly Minakov|20|0|0|"6' 2"""|249 lbs.|No Stat|No Stat|Feb 06, 1985|0.00|0%|0.00|0%|0.00|0%|0%|0.0
4b1d46a1b5c0fd11|Alberto Mina|13|1|0|"6' 0"""|170 lbs.|"77"""|Orthodox|May 02, 1982|3.23|38%|3.70|47%|1.85|20%|50%|0.0
72ffecf712673af1|Adam Milstead|8|4|0|"6' 3"""|205 lbs.|"76"""|Orthodox|Jul 03, 1987|3.85|46%|4.79|43%|0.00|0%|64%|0.0
f2c934689243fe4e|Eddy Millis|0|2|0|"6' 1"""|185 lbs.|No Stat|No Stat|No Stat|0.00|0%|3.36|22%|0.00|0%|0%|7.2
6cadfd8f1d9e7685|Che Mills|16|10|0|"6' 1"""|170 lbs.|"76"""|Orthodox|Sep 29, 1982|2.08|52%|2.87|43%|1.18|66%|58%|0.0
4e33534d1e036444|Jhonata Silva|8|2|0|"5' 5"""|125 lbs.|"66"""|Orthodox|Apr 24, 1997|4.86|52%|9.85|44%|0.00|0%|0%|0.0
0859524157a19045|Ty Miller|5|0|0|No Stat|170 lbs.|No Stat|No Stat|Jun 04, 2000|0.00|0%|0.00|0%|0.00|0%|0%|0.0
aa0c573da7119292|Juliana Miller|5|3|0|"5' 7"""|125 lbs.|"66"""|Orthodox|May 07, 1996|2.73|44%|3.78|36%|2.20|38%|44%|1.3
39019970ac8543e9|Mo Miller|6|0|0|"5' 8"""|135 lbs.|"72"""|Orthodox|Aug 10, 1992|1.87|45%|1.33|60%|4.00|80%|0%|0.0
a4d055f1435d6d75|Aaron Miller|14|10|0|"5' 9"""|145 lbs.|No Stat|No Stat|No Stat|0.00|0%|0.00|0%|0.00|0%|0%|0.0
3ff0d0dc7a14bb50|Micah Miller|20|8|0|"6' 0"""|145 lbs.|No Stat|Orthodox|Feb 14, 1987|1.33|33%|2.15|54%|0.98|37%|21%|2.0
45a2ba3ef82b9700|Henry Miller|6|16|0|"5' 7"""|270 lbs.|No Stat|Southpaw|Jul 16, 1969|1.25|36%|2.16|54%|0.55|25%|60%|0.0
282fa667ff9c51ed|Cole Miller|21|11|0|"6' 1"""|145 lbs.|"73"""|Orthodox|Apr 26, 1984|3.00|33%|3.88|59%|0.60|36%|38%|1.8
253d3f9e97ca149a|Alex Serdyukov|8|5|0|"6' 2"""|170 lbs.|"74"""|Orthodox|May 24, 1980|4.94|48%|3.10|46%|1.84|55%|67%|1.8
efab191f204ffa17|Nicholas Sergiacomi|1|1|0|No Stat|170 lbs.|No Stat|No Stat|No Stat|4.38|55%|3.94|59%|0.00|0%|0%|0.0
86dfed7cc24a9fa7|Matt Serra|11|7|0|"5' 6"""|170 lbs.|"68"""|Orthodox|Jun 02, 1974|1.98|39%|2.64|46%|2.05|20%|38%|0.9
b23fca14c7b79935|Ivan Serati|12|4|0|"6' 0"""|205 lbs.|No Stat|Orthodox|No Stat|0.86|26%|5.33|29%|0.00|0%|0%|0.0
2f04c4183523be2e|Ray Seraille|8|9|0|"6' 3"""|246 lbs.|No Stat|No Stat|No Stat|5.29|27%|17.65|41%|0.00|0%|0%|0.0
d1941565abf50b16|Jim Miller|38|19|0|"5' 8"""|155 lbs.|"71"""|Southpaw|Aug 30, 1983|2.92|42%|3.44|56%|1.50|45%|48%|1.7
0505e27a5d00704a|DongHyun Seo|7|3|1|"5' 5"""|145 lbs.|"67"""|Orthodox|Aug 22, 1990|4.91|63%|3.35|41%|0.00|0%|0%|0.0
762572d67204fadb|YeDam Seo|7|4|0|"5' 3"""|115 lbs.|"63"""|Orthodox|Mar 20, 1992|1.07|27%|2.40|58%|0.50|20%|42%|0.0
88b250ba222c3a98|Kim In Seok|3|6|0|"5' 6"""|145 lbs.|No Stat|Orthodox|No Stat|0.87|37%|5.19|60%|0.00|0%|0%|0.0
3ed134d85dfbd7b4|Brandon Sene|2|2|0|"5' 11"""|205 lbs.|No Stat|No Stat|May 21, 1981|0.00|0%|0.00|0%|0.00|0%|0%|0.0
51b1e2fd9872005b|Mackens Semerzier|8|4|0|"5' 9"""|145 lbs.|"72"""|Orthodox|Nov 03, 1980|2.91|45%|3.48|46%|2.14|50%|50%|2.1
0359313549d230a1|Pete Sell|10|7|0|"5' 11"""|170 lbs.|"75"""|Orthodox|Aug 05, 1982|2.60|42%|3.65|51%|0.91|21%|47%|0.9
5f2f0da6fd6a84fd|Andrei Semenov|34|9|2|"6' 0"""|185 lbs.|No Stat|Orthodox|Jun 17, 1977|0.78|15%|2.44|60%|1.74|80%|55%|0.4
4aa58269d0664b5b|Matthew Semelsberger|11|8|0|"6' 1"""|170 lbs.|"75"""|Switch|Nov 23, 1992|3.77|42%|4.24|54%|1.01|57%|45%|0.4
e4bb7e483c4ad318|Brendan Seguin|23|19|1|"6' 0"""|185 lbs.|No Stat|No Stat|Jul 03, 1976|2.60|45%|0.60|84%|5.00|62%|100%|0.0
5e1062e066c601e6|Tetsuya Seki|14|8|1|"5' 10"""|155 lbs.|No Stat|No Stat|Feb 08, 1994|0.00|0%|0.00|0%|0.00|0%|0%|0.0
646d5dbe509accd4|Ray Sefo|2|2|0|"6' 0"""|240 lbs.|No Stat|Orthodox|Feb 15, 1971|0.86|31%|1.71|72%|0.00|0%|66%|0.0
348dff4e03bd18c6|Stefan Sekulic|12|4|0|"6' 0"""|170 lbs.|"75"""|Southpaw|Feb 12, 1992|1.83|50%|2.83|64%|2.00|33%|25%|0.5
55e94a9b525dcf45|Kenneth Seegrist|4|7|0|"6' 0"""|185 lbs.|No Stat|Orthodox|No Stat|3.21|66%|1.28|0%|0.00|0%|40%|14.4
d6b68eaf4b68b160|Rony Sefo|0|2|0|"5' 9"""|225 lbs.|No Stat|Orthodox|No Stat|0.00|0%|0.43|0%|0.00|0%|0%|0.0
49a74b9fb2e45fdf|Neil Seery|16|13|0|"5' 4"""|125 lbs.|"64"""|Orthodox|Aug 30, 1979|3.56|41%|3.79|58%|0.78|27%|53%|1.6
d1ce40aca99a9b70|Matt Secor|8|4|0|"6' 0"""|170 lbs.|No Stat|No Stat|Sep 26, 1986|0.51|20%|0.81|50%|3.03|100%|0%|3.0
0c01568b1ac77bff|Mike Seal|13|15|1|"6' 4"""|185 lbs.|No Stat|Orthodox|No Stat|5.50|68%|3.33|50%|0.00|0%|33%|0.0
03dee485905dbc9f|Zachary Scroggin|7|1|0|"6' 3"""|170 lbs.|"74"""|Orthodox|Mar 09, 1996|2.40|37%|8.80|68%|0.00|0%|0%|0.0
4327506eb9ee342f|Louis Lee Scott|8|0|0|No Stat|135 lbs.|No Stat|No Stat|Feb 26, 2000|0.00|0%|0.00|0%|0.00|0%|0%|0.0
d0c29452d3272603|Dan Miller|14|8|0|"6' 1"""|185 lbs.|"74"""|Orthodox|Jun 30, 1981|2.03|36%|3.06|49%|1.67|54%|47%|1.8
18aecaf50f52e4c3|Phillip Miller|16|0|0|"5' 11"""|185 lbs.|No Stat|Orthodox|Feb 20, 1979|1.61|54%|1.93|50%|3.62|25%|100%|0.6
f1928a52590c5532|Curtis Millender|17|5|0|"6' 2"""|170 lbs.|"76"""|Orthodox|Dec 01, 1987|3.86|46%|2.95|61%|0.43|100%|57%|0.0
b2f88c04c4dd43ce|Jason Miller|23|10|0|"6' 1"""|185 lbs.|No Stat|Orthodox|Dec 24, 1980|1.83|43%|2.30|49%|1.31|28%|43%|1.3
3c48019bc387b80c|Billy Miles|2|2|0|"5' 10"""|170 lbs.|No Stat|Orthodox|Apr 28, 1978|0.00|0%|1.25|33%|0.00|0%|0%|0.0
cedfdf8d423d500c|Pat Miletich|29|7|2|"5' 10"""|170 lbs.|No Stat|Orthodox|Mar 09, 1968|1.79|45%|1.66|63%|1.96|100%|54%|1.0
a6fa5dd90528e9f7|Gabriel Miglioli|9|9|0|"5' 8"""|170 lbs.|No Stat|No Stat|No Stat|0.00|0%|0.00|0%|0.00|0%|0%|0.0
f62850b3c7480db9|Keith Mielke|0|5|0|"5' 8"""|185 lbs.|No Stat|No Stat|No Stat|0.00|0%|0.00|0%|0.00|0%|0%|0.0
2b284840ca89876a|Chris Mierzwiak|5|3|0|"6' 1"""|185 lbs.|No Stat|No Stat|Feb 14, 1988|1.60|61%|1.73|48%|2.00|28%|0%|1.0
d6285cba1d1052e0|Bojan Mihajlovic|10|6|0|"5' 11"""|205 lbs.|"73"""|Orthodox|Mar 30, 1980|1.23|35%|5.95|47%|0.00|0%|33%|0.0
79325a3c1a5c3bf4|Andreas Michailidis|13|6|0|"6' 0"""|170 lbs.|"76"""|Orthodox|Jul 18, 1988|2.90|51%|3.57|44%|1.12|27%|50%|0.0
f903967fd320da38|Chris Mickle|30|21|2|"5' 9"""|145 lbs.|No Stat|Orthodox|Jul 10, 1983|3.03|27%|9.70|48%|0.00|0%|0%|0.0
49f4b511932f71e9|David Michaud|11|3|0|"5' 9"""|155 lbs.|No Stat|Orthodox|Nov 10, 1988|3.25|43%|4.45|54%|2.53|58%|77%|0.7
5b5b9c6f6f270369|Kristof Midoux|6|10|0|"6' 1"""|220 lbs.|No Stat|Orthodox|Jul 30, 1974|0.70|43%|2.89|49%|0.00|0%|0%|0.0
a36a14985a57a1c6|Zachary Micklewright|15|3|0|"6' 0"""|155 lbs.|"74"""|Southpaw|Aug 21, 1976|5.56|53%|4.72|54%|0.70|12%|100%|0.0
f782f953bfe7b5f2|Jonathan Micallef|8|1|0|"6' 0"""|170 lbs.|"77"""|Southpaw|Mar 05, 1999|4.77|43%|4.00|58%|0.83|50%|50%|0.8
f5e4ce11afbdfb61|Brandon Michaels|4|14|0|"5' 9"""|185 lbs.|No Stat|No Stat|No Stat|0.00|0%|0.00|0%|0.00|0%|0%|0.0
8f003ef7e0d9a139|David Mgoyan|7|0|0|No Stat|145 lbs.|No Stat|No Stat|Jun 25, 2004|0.00|0%|0.00|0%|0.00|0%|0%|0.0
3623bd267a2eef2e|Yaotzin Meza|21|11|0|"5' 9"""|145 lbs.|"71"""|Orthodox|Feb 04, 1981|1.43|41%|1.62|64%|1.06|20%|18%|1.4
5823ceab56741617|Jonathan Meunier|8|1|0|"6' 3"""|170 lbs.|No Stat|Switch|Aug 04, 1987|3.47|50%|1.43|69%|0.58|33%|58%|0.0
5bdcbd8dd681a257|Jeremiah Metcalf|13|7|0|"6' 1"""|185 lbs.|No Stat|Orthodox|No Stat|1.74|59%|0.27|60%|4.02|66%|100%|2.0
946f341df6472ee0|Guy Mezger|30|14|2|"6' 1"""|200 lbs.|No Stat|Orthodox|Jan 01, 1968|2.30|32%|1.36|72%|0.39|50%|88%|0.0
eff9074bc066f0f2|Bia Mesquita|5|0|0|No Stat|135 lbs.|No Stat|No Stat|Apr 07, 1991|0.00|0%|0.00|0%|0.00|0%|0%|0.0
79cbdf233e5e0496|Eric Schwartz|2|0|0|No Stat|205 lbs.|No Stat|No Stat|No Stat|0.00|0%|0.00|0%|0.00|0%|0%|0.0
9fa568ad2bf2cb0b|Justin Scoggins|11|5|0|"5' 7"""|125 lbs.|"66"""|Southpaw|May 02, 1992|3.56|51%|2.16|55%|3.42|63%|82%|0.5
99c80d2bd5dbe5a9|Brian Schwartz|1|1|0|"6' 3"""|170 lbs.|No Stat|Orthodox|No Stat|1.27|44%|0.87|45%|0.00|0%|50%|1.0
b4443fae47e7eb9d|Wes Schultz|6|2|0|"6' 2"""|185 lbs.|"77"""|Orthodox|Aug 09, 1996|5.16|45%|5.38|46%|3.36|25%|0%|0.0
c1684f00c626f4c0|Mark Schultz|1|1|0|"5' 9"""|200 lbs.|No Stat|Orthodox|No Stat|0.00|0%|0.00|0%|0.00|0%|0%|0.0
e44c679c30403cba|Lacey Schuckman|11|10|0|"5' 3"""|125 lbs.|No Stat|No Stat|No Stat|0.00|0%|0.00|0%|0.00|0%|0%|0.0
040426baba8a45e8|Nate Schroeder|11|10|0|"6' 1"""|230 lbs.|No Stat|No Stat|No Stat|0.00|0%|0.00|0%|0.00|0%|0%|0.0
d86e913c548c07c2|Bob Schrijber|20|17|1|"6' 0"""|240 lbs.|No Stat|Orthodox|No Stat|0.00|0%|0.00|0%|0.00|0%|0%|0.0
b0353e7f5038dd09|Bailey Schoenfelder|5|1|0|"6' 3"""|265 lbs.|"76"""|Orthodox|Sep 22, 1997|0.00|0%|9.86|53%|0.00|0%|0%|0.0
5a558ba1ff5e9121|Darrill Schoonover|14|8|0|"6' 2"""|220 lbs.|No Stat|Orthodox|Jul 18, 1985|1.20|33%|4.35|38%|0.00|0%|50%|1.1
fdfef29ba17ee525|Alex Schoenauer|15|10|0|"6' 3"""|185 lbs.|No Stat|Orthodox|May 05, 1976|1.22|40%|2.27|42%|0.00|0%|22%|4.9
bd02e222a6166d50|Daniel Schmitt|2|3|0|No Stat|185 lbs.|No Stat|No Stat|No Stat|0.00|0%|0.00|0%|0.00|0%|0%|0.0
67c1d46f4ed16f9e|Matt Schnell|17|9|0|"5' 8"""|125 lbs.|"70"""|Orthodox|Jan 15, 1990|4.13|40%|4.17|55%|0.49|40%|43%|1.2
aa943b9bc00cb0ed|Colleen Schneider|11|7|0|No Stat|135 lbs.|No Stat|No Stat|No Stat|2.17|48%|2.50|50%|2.50|50%|60%|0.0
f41fad444939056b|Joe Schilling|2|5|0|"6' 3"""|185 lbs.|No Stat|No Stat|No Stat|2.84|52%|2.64|48%|0.00|0%|44%|0.0
d5ed14b2153c6ed2|Semmy Schilt|26|14|1|"6' 10"""|265 lbs.|No Stat|Orthodox|Oct 27, 1973|1.20|50%|1.31|53%|0.00|0%|47%|1.1
89ea01f5a7ada40c|Adam Schindler|10|6|0|"5' 8"""|155 lbs.|No Stat|No Stat|May 19, 1983|0.00|0%|0.00|0%|0.00|0%|0%|0.0
1208ffc5be6e31ad|Samy Schiavo|10|6|0|"5' 8"""|155 lbs.|No Stat|Orthodox|Dec 24, 1975|1.68|34%|2.62|38%|0.94|50%|66%|0.9
0bc7e61d204f2137|Fabiano Scherner|11|10|0|"6' 3"""|257 lbs.|No Stat|Orthodox|Jun 30, 1972|1.31|31%|3.20|38%|1.09|33%|40%|0.0
a296ad1d238d97df|Matheus Scheffel|14|7|0|"6' 2"""|205 lbs.|"75"""|Orthodox|Nov 04, 1992|1.33|36%|3.00|47%|0.00|0%|100%|0.0
a3244e3238541482|Antonio Schembri|5|5|0|"5' 9"""|205 lbs.|No Stat|Orthodox|Jun 01, 1974|0.72|26%|2.12|55%|1.31|40%|0%|0.4
66e981516e2476d1|Eric Schambari|15|6|0|"5' 11"""|185 lbs.|No Stat|Orthodox|Apr 22, 1978|1.43|42%|1.07|54%|3.00|42%|0%|1.0
de12bd65e2f46478|Pat Schilling|5|2|0|"5' 8"""|145 lbs.|No Stat|Orthodox|Aug 28, 1988|1.87|26%|8.24|52%|0.00|0%|0%|0.0
89a407032911e27e|Brendan Schaub|10|5|0|"6' 4"""|245 lbs.|"78"""|Orthodox|Mar 18, 1983|2.92|37%|2.22|57%|2.32|46%|72%|0.4
030f08370fd1c2bb|Kerry Schall|24|13|0|"6' 2"""|265 lbs.|No Stat|Orthodox|Aug 09, 1971|0.94|11%|4.84|63%|0.00|0%|0%|0.0
f59f1d3a2ff13edd|Eric Schafer|14|8|2|"6' 3"""|185 lbs.|"76"""|Orthodox|Sep 20, 1977|1.89|34%|3.38|56%|1.81|36%|50%|1.8
771b60ff889661c8|Mark Scanlon|9|2|0|"5' 9"""|170 lbs.|No Stat|Orthodox|No Stat|2.20|35%|3.33|48%|3.00|75%|25%|2.0
22a1f83edb865aee|Mikheil Sazhiniani|13|3|0|"6' 0"""|205 lbs.|"71"""|Orthodox|Oct 05, 1996|2.27|28%|3.03|52%|0.00|0%|100%|0.0
72b7c071910990b1|Brandon Sayles|5|1|0|"6' 5"""|265 lbs.|No Stat|No Stat|Apr 23, 1981|0.00|0%|0.00|0%|0.00|0%|0%|0.0
e82d5f54daa85a7e|Joe Merritt|7|2|0|"6' 0"""|170 lbs.|No Stat|Orthodox|Mar 07, 1984|1.53|58%|0.73|66%|0.00|0%|68%|0.0
2f6dc878d653c442|Nick Meregali|0|0|0|No Stat|No Stat|No Stat|No Stat|No Stat|0.00|0%|0.00|0%|0.00|0%|0%|0.0
c1135a6892e916db|Adam Meredith|5|3|0|"6' 2"""|170 lbs.|No Stat|No Stat|No Stat|2.63|50%|2.11|55%|7.89|100%|100%|7.9
3bc27ec15facbcf3|Steve Mensing|9|13|2|"5' 11"""|185 lbs.|No Stat|Orthodox|Dec 06, 1977|0.00|0%|9.51|42%|0.00|0%|0%|0.0
36120738148f203f|Buck Meredith|3|3|0|"6' 2"""|185 lbs.|No Stat|No Stat|May 17, 1982|0.00|0%|0.00|0%|0.00|0%|0%|0.0
275cafc9de131c83|Dave Menne|45|17|2|"5' 10"""|170 lbs.|No Stat|Orthodox|Jul 29, 1974|1.84|44%|1.99|42%|0.46|50%|57%|2.5
5755960ebd0b16f6|Ivan Menjivar|25|12|0|"5' 6"""|145 lbs.|"64"""|Orthodox|May 30, 1982|2.78|37%|2.76|65%|0.56|28%|38%|1.0
869d68b5383131fd|Pietro Menga|13|0|0|"5' 7"""|125 lbs.|"68"""|Southpaw|Feb 15, 1988|0.00|0%|0.00|0%|0.00|0%|0%|0.0
28200bc87367614f|Luis Mendoza|0|1|0|No Stat|155 lbs.|No Stat|No Stat|No Stat|0.00|0%|0.00|0%|0.00|0%|0%|0.0
48812daf291a4e23|Mateus Mendonca|10|3|0|"5' 6"""|125 lbs.|"71"""|Orthodox|Jan 17, 1999|1.66|40%|4.14|30%|2.54|27%|55%|0.4
a495f599e787614f|Alonzo Menifield|17|5|1|"6' 0"""|205 lbs.|"76"""|Orthodox|Oct 18, 1987|3.79|53%|3.76|50%|0.50|31%|78%|0.2
3d5b1ce6097dbb49|Augusto Mendes|6|2|0|"5' 6"""|135 lbs.|"65"""|Orthodox|Mar 03, 1983|2.42|34%|3.91|56%|1.75|33%|80%|0.0
49e49b54e5901d0d|Eddie Mendez|8|3|1|"5' 10"""|185 lbs.|No Stat|No Stat|Jan 16, 1984|1.71|33%|3.43|11%|0.00|0%|0%|0.0
3795fca327cbcf23|Antonio Mendes|18|13|0|"6' 3"""|205 lbs.|"77"""|Southpaw|Apr 19, 1981|1.34|47%|6.85|22%|2.51|50%|100%|0.0
b5b684eac99ae0a3|Chad Mendes|18|5|0|"5' 6"""|145 lbs.|"66"""|Orthodox|May 01, 1985|2.78|49%|2.35|67%|4.13|55%|100%|0.3
8a028648f3f0761d|Fabio Mello|11|8|0|"5' 5"""|155 lbs.|No Stat|Southpaw|No Stat|0.86|35%|3.94|50%|0.00|0%|0%|0.0
9b7dfb3b7d99926a|Vanessa Melo|11|8|0|"5' 5"""|135 lbs.|"65"""|Orthodox|Mar 27, 1988|3.48|30%|6.13|59%|0.00|0%|71%|0.0
64b8561624d3b15e|Nair Melikyan|11|0|0|"5' 6"""|155 lbs.|No Stat|No Stat|Aug 08, 1997|0.00|0%|0.00|0%|0.00|0%|0%|0.0
672ef06fd9f41f7d|Marcelo Mello|1|0|0|"5' 7"""|170 lbs.|No Stat|Southpaw|No Stat|0.00|0%|0.00|0%|0.00|0%|0%|0.0
2b06b6ad5db63348|Brandon Melendez|25|25|0|"5' 11"""|155 lbs.|No Stat|Southpaw|Mar 24, 1983|0.84|26%|0.56|63%|0.00|0%|25%|0.0
eee7dafac7d672b5|Brian Melancon|7|3|0|"5' 8"""|170 lbs.|No Stat|Orthodox|May 28, 1982|4.18|49%|3.64|64%|2.02|100%|66%|0.0
aa5b4eff51bdc7d1|Gilbert Melendez|22|8|0|"5' 9"""|145 lbs.|"73"""|Orthodox|Apr 12, 1982|3.44|33%|2.53|63%|1.64|41%|71%|0.2
6eae26c44e505775|Bryce Mejia|3|1|0|"6' 1"""|170 lbs.|No Stat|No Stat|No Stat|3.49|62%|6.98|50%|0.00|0%|0%|0.0
6c7dafd03b6cc3f8|Derrick Mehmen|19|9|0|"6' 4"""|205 lbs.|No Stat|No Stat|May 30, 1985|1.93|14%|4.53|48%|1.00|16%|0%|0.0
41dca66f9dadfc86|Miika Mehmet|3|5|0|No Stat|205 lbs.|No Stat|Orthodox|No Stat|0.33|12%|7.29|24%|0.00|0%|0%|0.0
2aa49b3766a59bcd|Jordan Mein|31|12|0|"6' 0"""|170 lbs.|"73"""|Orthodox|Oct 10, 1989|3.35|44%|2.55|69%|1.56|58%|66%|0.2
c0a93b52096b7682|Frank Megallon|2|3|0|"5' 10"""|185 lbs.|No Stat|Southpaw|No Stat|1.14|21%|5.32|54%|0.00|0%|0%|0.0
27c59ac201539d10|Sanford Alton Meeks|1|1|0|"6' 5"""|265 lbs.|"75"""|Orthodox|Apr 05, 1994|0.71|42%|4.47|38%|7.06|25%|0%|0.0
baa9be02c3e3e038|Jose Daniel Medina|11|5|0|"6' 0"""|185 lbs.|"74"""|Orthodox|May 17, 1991|2.18|36%|5.25|47%|0.45|33%|31%|0.0
103b06d8707895a9|Emil Meek|9|5|1|"5' 11"""|170 lbs.|"74"""|Switch|Aug 20, 1988|2.52|39%|2.53|38%|0.25|33%|47%|1.0
f53fb9d9e57cc38e|Jason Medina|21|15|1|"5' 9"""|180 lbs.|No Stat|No Stat|No Stat|0.00|0%|0.00|0%|0.00|0%|0%|0.0
6ac9bc2953c47345|Gerald Meerschaert|37|19|0|"6' 1"""|185 lbs.|"77"""|Southpaw|Dec 18, 1987|3.05|45%|3.43|53%|1.86|31%|42%|1.4
b60391da771deefe|Todd Medina|11|9|0|"5' 10"""|193 lbs.|No Stat|Southpaw|No Stat|0.00|0%|0.00|0%|0.00|0%|0%|0.0
402ea3b5ee233852|Lumumba Sayers|6|5|0|"6' 0"""|185 lbs.|No Stat|No Stat|Jun 30, 1978|2.54|41%|2.37|48%|7.63|75%|0%|2.5
67f0d1b1b0b39bec|Christien Savoie|10|2|1|"5' 11"""|170 lbs.|"72"""|Orthodox|Aug 29, 1992|1.39|45%|6.95|23%|0.00|0%|12%|0.0
5b8ba8f5512893b1|Matt Sayles|8|4|0|"5' 7"""|155 lbs.|"68"""|Orthodox|Feb 21, 1994|4.83|41%|2.81|61%|0.36|16%|81%|0.7
b35a159f525764eb|Chris Saunders|16|8|0|"5' 8"""|155 lbs.|No Stat|No Stat|Mar 11, 1986|1.48|22%|2.96|75%|3.70|100%|0%|0.0
36ab6af06e312b41|Tom Sauer|25|12|0|"6' 1"""|263 lbs.|No Stat|No Stat|Nov 11, 1970|0.00|0%|0.00|0%|0.00|0%|0%|0.0
484acc7b0f856ce9|Ben Saunders|22|13|2|"6' 2"""|170 lbs.|"77"""|Orthodox|Apr 13, 1983|3.23|50%|3.58|51%|0.20|40%|66%|1.3
20bd6c3e03c46ee6|Townsend Saunders|0|2|0|"5' 5"""|170 lbs.|No Stat|Orthodox|No Stat|0.00|0%|0.00|0%|0.00|0%|0%|0.0
4fe9492959834bf7|Chad W. Saunders|7|2|0|"5' 10"""|170 lbs.|No Stat|Orthodox|No Stat|0.00|0%|0.00|0%|0.00|0%|0%|0.0
f6f9d41669dd3eaa|Jeimeson Saudino|8|5|0|"5' 6"""|135 lbs.|No Stat|No Stat|Mar 05, 1991|0.66|30%|0.82|84%|2.47|50%|0%|2.5
02f484417a6fa69d|Uran Satybaldiev|9|1|0|"6' 4"""|205 lbs.|"79"""|Orthodox|Aug 10, 1994|2.40|25%|3.87|45%|0.00|0%|100%|0.0
c982b98d33825763|Shogo Sato|5|1|0|"5' 5"""|170 lbs.|"66"""|Southpaw|Jun 08, 1993|2.14|25%|25.71|29%|0.00|0%|0%|0.0
8abac218746e04ca|Takashi Sato|16|7|0|"5' 10"""|170 lbs.|"73"""|Southpaw|Jun 09, 1990|2.21|41%|3.73|44%|0.76|37%|60%|0.0
b7bcf6dfbbb7c16c|Keisuke Sasu|11|3|1|"5' 5"""|145 lbs.|"69"""|Switch|Sep 30, 1994|2.76|49%|2.42|48%|3.76|40%|61%|1.9
f4a031ac205ac580|Masaaki Satake|1|8|1|"6' 1"""|220 lbs.|No Stat|Orthodox|Aug 17, 1965|1.40|35%|3.76|41%|0.00|0%|58%|0.0
7b143a54451263d9|Paul Sass|14|2|0|"6' 0"""|155 lbs.|"73"""|Orthodox|Aug 04, 1988|0.53|26%|1.90|51%|0.53|16%|33%|7.4
276c60b14b571dd4|Takenori Sato|19|11|7|"5' 10"""|170 lbs.|No Stat|Southpaw|Jun 08, 1985|0.46|33%|12.92|9%|0.00|0%|0%|0.0
23bd78c3f89bdb54|Kyosuke Sasaki|3|7|4|"5' 7"""|183 lbs.|No Stat|Southpaw|No Stat|0.33|45%|0.93|46%|0.00|0%|0%|0.0
e5c38954c006f15c|Yuki Sasaki|25|22|2|"6' 2"""|185 lbs.|No Stat|Orthodox|Sep 12, 1976|1.09|43%|1.20|57%|0.43|100%|66%|0.0
7c3c48cf54a2848e|Yuta Sasaki|21|6|2|"5' 10"""|125 lbs.|"71"""|Southpaw|Oct 07, 1989|2.16|41%|2.50|50%|3.03|43%|41%|1.2
2097b1a5ff47dfb0|Alexander Sarnavskiy|35|6|0|"5' 11"""|155 lbs.|No Stat|No Stat|Jan 17, 1989|1.43|66%|2.06|42%|0.00|0%|75%|0.0
026b4f7049085842|Harris Sarmiento|36|26|0|"5' 9"""|155 lbs.|No Stat|Orthodox|Sep 09, 1983|0.84|25%|3.46|36%|2.36|60%|57%|0.0
4f4dac51adc1af4f|Diego Saraiva|22|20|1|"5' 6"""|155 lbs.|No Stat|Orthodox|Apr 23, 1982|1.64|32%|3.58|62%|1.33|40%|0%|0.7
57186c150c645200|Jeka Saragih|14|5|0|"5' 8"""|145 lbs.|"69"""|Orthodox|Jan 01, 1995|2.75|50%|2.82|40%|2.17|80%|66%|0.5
1d147d4163a6989b|Nick Sanzo|1|1|0|"5' 9"""|190 lbs.|No Stat|No Stat|No Stat|0.00|0%|0.00|0%|0.00|0%|0%|0.0
312f7d7b2b2f7de4|Djorden Santos|10|2|0|"6' 0"""|185 lbs.|"75"""|Orthodox|Aug 01, 1997|7.20|43%|5.87|49%|1.00|40%|86%|0.0
9f3d6ddef3d3cccc|Bob Sapp|11|20|0|"6' 5"""|350 lbs.|No Stat|Orthodox|Sep 22, 1974|3.19|55%|1.88|49%|0.58|100%|72%|0.0
480779d7f9a424d3|Mairon Santos|17|1|0|"5' 7"""|155 lbs.|"72"""|Orthodox|Jun 10, 2000|3.53|46%|2.38|66%|0.00|0%|50%|0.0
681399317dbf4701|Uros Medic|10|3|0|"6' 1"""|170 lbs.|"71"""|Southpaw|Apr 25, 1993|5.49|60%|3.46|56%|0.37|50%|55%|0.0
5078e1dacf9d25f4|Luana Santos|9|2|0|"5' 6"""|135 lbs.|"67"""|Orthodox|Apr 16, 2000|3.69|52%|3.40|62%|1.91|50%|83%|1.3
7e47047d0971d566|Daniel Sarafian|10|6|0|"5' 9"""|185 lbs.|"73"""|Orthodox|Aug 21, 1982|2.23|46%|3.10|58%|0.36|7%|53%|0.7
e2be0c1a9b886d92|MarQuel Mederos|11|1|0|"5' 10"""|155 lbs.|"69"""|Orthodox|Nov 30, 1996|4.84|56%|2.99|58%|0.00|0%|83%|0.0
263af068bd986548|Kaline Medeiros|8|5|0|"5' 3"""|115 lbs.|No Stat|No Stat|No Stat|2.06|70%|0.29|83%|4.41|100%|0%|4.4
2937cb502dda0808|Anistavio Medeiros|19|10|0|"5' 6"""|145 lbs.|No Stat|Orthodox|May 01, 1988|3.64|44%|5.00|47%|0.00|0%|0%|0.0
813550bc53b15fb0|Yancy Medeiros|15|8|0|"5' 10"""|155 lbs.|"75"""|Orthodox|Sep 07, 1987|4.36|37%|5.67|47%|0.33|50%|73%|0.7
7b03d9df5910917d|Daniel McWilliams|15|37|0|"6' 1"""|185 lbs.|No Stat|No Stat|No Stat|3.36|77%|0.00|0%|0.00|0%|100%|21.6
4b47e71384a9522f|Tim Means|33|17|1|"6' 2"""|170 lbs.|"75"""|Orthodox|Feb 20, 1984|5.04|49%|3.65|60%|1.14|40%|64%|0.2
acd8a53f7c0ce85e|Charles McTorry|3|0|0|No Stat|No Stat|No Stat|No Stat|No Stat|0.00|0%|0.00|0%|0.00|0%|0%|0.0
3eeec2f53cebdf12|Jackson McVey|6|1|0|"6' 4"""|185 lbs.|"77"""|Southpaw|Mar 25, 1999|1.12|26%|1.95|22%|0.00|0%|0%|0.0
cac08b8685387ca5|James McSweeney|15|15|0|"6' 4"""|230 lbs.|"77"""|Switch|Oct 24, 1980|3.94|55%|4.33|42%|0.52|33%|100%|1.1
6b0a6def604de298|Tommy McMillen|6|0|0|No Stat|145 lbs.|No Stat|No Stat|Dec 15, 1997|0.00|0%|0.00|0%|0.00|0%|0%|0.0
8336d7a85ce45481|Jason McLean|6|7|0|"5' 5"""|145 lbs.|No Stat|No Stat|No Stat|0.00|0%|0.00|0%|0.00|0%|0%|0.0
7be74a12d7352df2|Sara McMann|13|6|0|"5' 6"""|135 lbs.|"66"""|Orthodox|Sep 24, 1980|2.26|46%|1.92|47%|4.38|65%|50%|0.5
6488729da7ac1c79|Brian McLaughlin|6|2|0|"5' 9"""|155 lbs.|No Stat|No Stat|May 12, 1984|0.00|0%|0.00|0%|0.00|0%|0%|0.0
809bd1a871491508|Terrance McKinney|17|7|0|"5' 10"""|155 lbs.|"73"""|Switch|Sep 15, 1994|5.78|56%|2.58|47%|3.59|40%|77%|2.2
f215cfbd4ba3c270|Garreth McLellan|13|6|0|"6' 1"""|185 lbs.|"72"""|Southpaw|Sep 01, 1982|3.56|54%|2.94|45%|1.15|22%|34%|0.9
7be63795363029e8|Cody McKenzie|16|10|0|"6' 0"""|155 lbs.|"72"""|Switch|Dec 16, 1987|1.74|34%|2.50|67%|2.50|25%|14%|2.5
9ca265dfe8323db3|Tim McKenzie|14|9|0|"6' 0"""|185 lbs.|"74"""|Orthodox|Jul 21, 1982|1.37|54%|2.96|44%|0.00|0%|28%|2.1
3351aa64aa83c4d9|Cory McKenna|8|4|0|"5' 3"""|115 lbs.|"58"""|Orthodox|Jul 11, 1999|2.94|38%|3.68|46%|2.00|47%|75%|0.4
f3ec0214794a699e|AJ McKee|8|0|0|"5' 10"""|145 lbs.|No Stat|No Stat|No Stat|2.75|32%|0.92|80%|11.01|100%|100%|11.0
3414b50b08a10600|Antonio McKee|29|6|2|"5' 8"""|155 lbs.|No Stat|Southpaw|Mar 12, 1970|1.37|45%|0.74|74%|1.47|33%|57%|0.0
f748267c4ab6c127|Rhys McKee|14|6|1|"6' 2"""|170 lbs.|"78"""|Orthodox|Sep 10, 1995|5.16|44%|7.92|46%|0.00|0%|41%|0.0
f4c49976c75c5ab2|Conor McGregor|22|6|0|"5' 9"""|155 lbs.|"74"""|Southpaw|Jul 14, 1988|5.32|49%|4.66|54%|0.67|55%|66%|0.1
237187ed9f419285|Jack McGlaughlin|1|4|0|No Stat|No Stat|No Stat|Orthodox|No Stat|0.00|0%|0.00|0%|0.00|0%|0%|0.0
856ec65948b7d234|Ryan McGivern|13|7|0|"6' 0"""|185 lbs.|No Stat|Orthodox|Jan 17, 1980|2.22|29%|2.22|57%|0.00|0%|0%|0.0
00a905a4a4a2b071|Greg McIntyre|6|4|0|"5' 10"""|155 lbs.|No Stat|Orthodox|Apr 21, 1980|0.79|30%|1.36|41%|5.09|50%|0%|0.0
1f9c371c93dfd3a9|Ryan McGillivray|12|0|1|"5' 11"""|170 lbs.|No Stat|No Stat|Sep 27, 1986|1.27|20%|2.20|52%|0.00|0%|44%|0.0
c0ac37a4a1133da9|Marcus McGhee|10|2|0|"5' 8"""|135 lbs.|"69"""|Orthodox|May 07, 1990|5.50|45%|3.64|57%|0.31|14%|90%|0.3
d90b630e0561818b|Gan McGee|13|5|0|"6' 10"""|265 lbs.|No Stat|Orthodox|Nov 20, 1976|2.20|29%|2.31|59%|0.65|25%|83%|0.0
523fa774700d7d3f|Court McGee|23|14|0|"5' 11"""|170 lbs.|"75"""|Orthodox|Dec 12, 1984|4.50|36%|3.65|60%|1.78|24%|70%|0.5
b67d6bacc68d4c92|Daniel Santos|13|2|0|"5' 7"""|145 lbs.|"67"""|Orthodox|Mar 12, 1995|4.74|40%|4.96|51%|3.03|39%|73%|0.0
f2f140ce7532e327|Gabriel Santos|12|2|0|"5' 9"""|145 lbs.|"70"""|Orthodox|Nov 28, 1996|4.35|60%|4.31|45%|3.80|54%|87%|1.2
4cb79988b2a9bd07|Marilia Santos|10|3|0|"5' 4"""|125 lbs.|No Stat|Orthodox|Dec 12, 1992|4.40|54%|4.07|53%|1.00|100%|66%|1.0
78719f6663ad9160|Edivan Santos|12|3|1|"6' 4"""|248 lbs.|"78"""|Orthodox|May 03, 1992|1.55|48%|7.09|26%|0.00|0%|25%|0.0
f7467152fd9f18a2|Taila Santos|19|3|0|"5' 6"""|125 lbs.|"68"""|Orthodox|Jun 22, 1993|3.39|48%|2.64|58%|2.00|76%|86%|1.1
3143bf892608139a|Yana Santos|16|8|0|"5' 6"""|135 lbs.|"68"""|Orthodox|Nov 11, 1989|4.42|58%|3.07|52%|0.87|50%|53%|0.1
5b5b78116d1fc3eb|Andre Santos|38|10|0|"6' 0"""|170 lbs.|No Stat|No Stat|No Stat|2.77|34%|4.17|41%|2.50|29%|75%|0.0
da1d8d76404bb6b5|Bruno Santos|15|2|0|"5' 9"""|185 lbs.|No Stat|Orthodox|Jul 17, 1987|1.18|46%|2.27|56%|3.00|37%|66%|0.3
d12ee718fb35c35c|Gleristone Santos|33|7|0|"5' 9"""|145 lbs.|No Stat|No Stat|Aug 20, 1988|3.40|31%|4.40|64%|0.00|0%|75%|0.0
9c65736747ca92ec|Leonardo Santos|18|7|1|"6' 0"""|155 lbs.|"75"""|Orthodox|Feb 05, 1980|2.82|46%|3.40|54%|0.88|25%|86%|0.2
7701377be464d2ef|Luis Santos|63|10|1|"6' 1"""|170 lbs.|No Stat|Southpaw|No Stat|4.40|57%|4.00|64%|0.00|0%|0%|0.0
99bf06f20491cb54|Evangelista Santos|21|18|0|"5' 10"""|170 lbs.|"76"""|Orthodox|Dec 12, 1977|3.94|36%|6.01|49%|0.78|100%|50%|0.4
14aa21bc82cac57d|Iliarde Santos|30|13|1|"5' 5"""|125 lbs.|"67"""|Orthodox|Sep 25, 1980|3.00|30%|6.10|57%|1.66|23%|83%|0.0
dea070ed4a2a8281|Thiago Santos|22|11|0|"6' 2"""|205 lbs.|"76"""|Orthodox|Jan 07, 1984|3.72|48%|2.57|53%|0.88|33%|65%|0.1
c6e6926a81adcd00|Adriano Santos|0|1|0|No Stat|No Stat|No Stat|No Stat|No Stat|0.00|0%|0.00|0%|0.00|0%|0%|0.0
8299206ccebc44a7|Jose Santibanez|10|3|0|No Stat|155 lbs.|No Stat|No Stat|Jan 18, 1980|0.00|0%|0.00|0%|0.00|0%|0%|0.0
012fc7cd0779c09a|Art Santore|18|8|0|"6' 2"""|185 lbs.|No Stat|No Stat|Oct 26, 1972|1.40|12%|7.31|52%|0.00|0%|100%|0.0
7ca4c3f8aa8bacae|Paulo Santos|0|3|0|No Stat|No Stat|No Stat|No Stat|No Stat|0.00|0%|0.00|0%|0.00|0%|0%|0.0
9f95d6b5b459cc6b|Richie Santiago|7|2|0|"5' 7"""|135 lbs.|"67"""|Southpaw|Oct 10, 1992|3.87|49%|4.87|42%|0.00|0%|25%|0.0
4920292f5d9b76df|Will Santiago|9|5|0|"5' 7"""|185 lbs.|No Stat|Orthodox|Feb 08, 1983|1.47|39%|5.53|56%|1.00|50%|100%|0.0
bc656db347f31e19|Mike Santiago|19|12|0|"5' 10"""|145 lbs.|"69"""|Orthodox|Jul 28, 1989|3.44|49%|3.58|36%|2.66|50%|53%|1.1
86989ee8fe97884d|Neemias Santana|7|2|1|No Stat|185 lbs.|No Stat|No Stat|Oct 05, 1997|0.00|0%|0.00|0%|0.00|0%|0%|0.0
39792c2f42c9f527|Sean Santella|17|6|1|"5' 5"""|125 lbs.|No Stat|No Stat|Oct 25, 1984|0.00|0%|0.00|0%|0.00|0%|0%|0.0
19809d475ed832d5|Shaheen Santana|6|1|0|"6' 1"""|155 lbs.|"75"""|Orthodox|Jun 04, 1991|0.82|42%|1.65|40%|0.00|0%|0%|2.8
f8dc544e7077d014|Jorge Santiago|25|12|0|"6' 1"""|170 lbs.|"75"""|Orthodox|Oct 09, 1980|1.69|35%|2.62|56%|0.58|30%|52%|0.8
d6ead04919a894b1|Duda Santana|3|1|0|"5' 7"""|145 lbs.|"73"""|Orthodox|Jan 10, 1996|6.01|39%|2.72|73%|6.44|60%|0%|0.0
3143e5daff9e5b71|Jonathan Santa Maria|3|4|0|"5' 9"""|125 lbs.|No Stat|No Stat|No Stat|3.60|51%|2.53|74%|0.00|0%|80%|0.0
4c12aa7ca246e7a4|Yuhi Sano|0|4|0|"5' 11"""|243 lbs.|No Stat|Orthodox|Feb 02, 1965|0.00|0%|0.00|0%|0.00|0%|0%|0.0
16a64f93f6678b7b|Martin Sano|4|3|1|"5' 11"""|170 lbs.|"75"""|Orthodox|May 30, 1991|4.00|33%|12.00|40%|0.00|0%|0%|0.0
57887765f831e228|Roldan Sangcha'an|4|2|0|"5' 4"""|125 lbs.|No Stat|Orthodox|Dec 04, 1990|2.71|46%|2.15|51%|1.94|60%|68%|0.0
4fd140eea593526e|Pat Pytlik|9|2|0|"6' 0"""|170 lbs.|"73"""|Orthodox|Apr 24, 1989|3.12|56%|4.56|22%|0.00|0%|33%|0.0
f5990c11974d8e9c|Mike Pyle|27|14|1|"6' 0"""|170 lbs.|"74"""|Orthodox|Sep 18, 1975|2.74|45%|2.84|60%|1.80|35%|70%|1.5
c1085e1701b13eca|Joe Pyfer|14|3|0|"6' 2"""|185 lbs.|"75"""|Orthodox|Sep 17, 1996|3.74|43%|3.20|54%|1.35|42%|60%|0.7
22e07d3da1aa3475|Andrey Pulyaev|10|3|0|"6' 4"""|185 lbs.|"78"""|Southpaw|Sep 10, 1997|3.87|58%|3.93|48%|0.50|16%|85%|0.0
a8c9d16fe2a14d72|CM Punk|0|1|0|"6' 1"""|170 lbs.|"73"""|Orthodox|Oct 26, 1978|1.10|23%|4.87|40%|0.87|11%|0%|0.0
308279bd246c211f|Hugh Pulley|6|3|0|"6' 0"""|155 lbs.|No Stat|No Stat|No Stat|4.47|63%|3.27|57%|4.00|66%|69%|0.0
44260175069b6276|Jens Pulver|27|19|1|"5' 7"""|145 lbs.|"70"""|Southpaw|Dec 06, 1974|2.12|37%|3.13|56%|0.22|33%|63%|0.3
85d0fafb8b75d634|Juan Manuel Puig|11|4|0|"5' 9"""|145 lbs.|No Stat|Orthodox|Apr 23, 1989|4.91|23%|7.17|51%|0.00|0%|0%|0.0
16867810070dc520|Josh Pulsifer|17|8|0|"5' 10"""|145 lbs.|No Stat|No Stat|Mar 16, 1983|0.00|0%|0.00|0%|0.00|0%|0%|0.0
6cf2352cdb3de59d|Bubba Pugh|3|3|0|"5' 10"""|185 lbs.|No Stat|No Stat|No Stat|2.87|67%|2.60|23%|4.00|57%|80%|0.0
fdba548aff9763d9|Juan Puerta|23|6|0|"5' 9"""|125 lbs.|"71"""|Southpaw|Jan 20, 1988|1.27|39%|1.27|67%|1.00|100%|0%|0.0
d747eb273a40a920|Claudio Puelles|13|4|0|"5' 10"""|155 lbs.|"72"""|Southpaw|Apr 21, 1996|1.56|49%|2.78|46%|3.17|36%|60%|1.2
3cf66c62d9069f43|Lucie Pudilova|14|10|0|"5' 8"""|125 lbs.|"67"""|Orthodox|Jun 13, 1994|3.60|37%|4.07|50%|0.70|31%|67%|0.6
a36556bb1565e32d|Joe Proctor|11|5|0|"5' 10"""|155 lbs.|"72"""|Orthodox|Aug 10, 1985|3.39|36%|3.93|59%|0.00|0%|70%|1.8
66e0a70352fef46a|Daniel Puder|8|0|0|"6' 3"""|235 lbs.|No Stat|Orthodox|Oct 09, 1981|2.77|68%|1.17|38%|1.21|50%|81%|9.0
e99821959a840bb8|Lara Procopio|7|2|0|"5' 4"""|125 lbs.|"67"""|Orthodox|Nov 14, 1995|5.64|58%|6.50|47%|3.15|47%|50%|0.3
e4e0993befecdaf8|Liam McGeary|12|2|0|"6' 6"""|205 lbs.|No Stat|No Stat|Oct 04, 1982|1.28|48%|1.92|50%|0.51|100%|0%|2.5
49c29e57d4e2be6f|Justin McElfresh|6|4|0|"6' 6"""|205 lbs.|No Stat|Orthodox|Jan 04, 1980|4.59|26%|12.79|41%|0.00|0%|0%|0.0
2a470ad41c22c25a|Cole Province|6|2|0|"5' 9"""|145 lbs.|"68"""|Orthodox|Jan 17, 1981|1.47|44%|2.72|43%|2.40|50%|83%|1.0
1fd4fbdcc67de844|Drew McFedries|12|7|0|"6' 0"""|185 lbs.|"72"""|Southpaw|Jul 27, 1978|5.13|51%|4.56|52%|1.42|100%|56%|0.7
b507a76087e3ed9f|Josh McDonald|9|5|0|No Stat|185 lbs.|No Stat|No Stat|No Stat|0.80|57%|3.40|33%|9.00|50%|0%|0.0
a3f8356ace5e3eb5|Miles McDonald|2|1|0|"5' 7"""|115 lbs.|No Stat|No Stat|Aug 13, 1991|5.10|45%|4.00|43%|0.00|0%|100%|1.0
d0314416a7f26527|Michael McDonald|17|4|0|"5' 9"""|135 lbs.|"70"""|Orthodox|Jan 15, 1991|2.69|42%|2.76|57%|1.09|66%|52%|1.4
08ae3100bf2100ed|Scott McDonald|1|0|0|No Stat|No Stat|No Stat|No Stat|No Stat|0.00|0%|0.00|0%|0.00|0%|0%|0.0
5cafbc97dba2e797|Robert McDaniel|28|10|0|"6' 3"""|185 lbs.|"75"""|Southpaw|May 03, 1983|1.64|44%|1.98|56%|0.93|50%|50%|1.4
d52ef694108f8235|Michael McDonald|1|1|0|"5' 11"""|205 lbs.|No Stat|Orthodox|Feb 06, 1965|0.00|0%|0.40|50%|0.00|0%|0%|0.0
11e3fd7546359fc5|Rob McCullough|19|8|0|"5' 9"""|155 lbs.|"69"""|Orthodox|May 26, 1977|2.47|36%|2.84|59%|0.46|100%|68%|0.0
75f871836d41f90f|Justin McCully|11|5|2|"6' 1"""|225 lbs.|"73"""|Orthodox|Feb 18, 1976|1.58|37%|2.02|46%|1.28|44%|43%|0.0
baed16f18348908e|Kris McCray|8|5|0|"6' 0"""|170 lbs.|"76"""|Orthodox|Sep 24, 1981|2.69|45%|2.57|54%|2.88|55%|38%|0.0
b43620395f655046|Paddy McCorry|6|1|0|No Stat|185 lbs.|No Stat|No Stat|Dec 09, 1997|0.00|0%|0.00|0%|0.00|0%|0%|0.0
eff47295daf721a6|Tamdan McCrory|14|5|0|"6' 4"""|185 lbs.|"76"""|Switch|Nov 05, 1986|2.07|49%|1.60|46%|2.28|50%|33%|2.5
2a9f9db24cd032ba|Danni McCormack|9|2|0|"5' 4"""|125 lbs.|"62"""|Southpaw|Mar 15, 1990|6.93|51%|4.53|60%|6.00|42%|50%|2.0
9508cc6184cb2450|Eric McConico|9|3|1|"6' 0"""|185 lbs.|"77"""|Southpaw|May 09, 1990|0.90|38%|3.60|52%|0.00|0%|0%|0.0
008dc37cca279def|Sean McCorkle|17|7|0|"6' 7"""|265 lbs.|"81"""|Orthodox|Jul 17, 1976|0.85|44%|2.48|52%|2.12|40%|33%|4.2
da97d6c97d09c030|Charles McCarthy|10|5|0|"5' 10"""|185 lbs.|"71"""|Orthodox|Aug 06, 1980|0.18|12%|4.03|56%|2.67|60%|0%|2.7
701e057d63c124d9|Ian McCall|13|5|1|"5' 5"""|125 lbs.|"64"""|Orthodox|May 07, 1984|3.59|39%|3.25|67%|2.08|30%|88%|0.0
51018a31ddf31eb2|Molly McCann|14|8|0|"5' 4"""|115 lbs.|"62"""|Orthodox|May 04, 1990|5.28|49%|4.65|62%|1.78|36%|38%|0.5
ef6f45095119d416|Bobby McAndrews|1|3|0|No Stat|No Stat|No Stat|Orthodox|No Stat|2.56|83%|1.03|50%|0.00|0%|33%|7.7
443f60bec7c3c3d5|Michael McBride|8|3|0|"6' 1"""|155 lbs.|No Stat|Orthodox|Mar 09, 1986|4.08|48%|5.85|40%|1.85|42%|30%|1.2
7e7d81bf162a5ec1|Scott McAfee|14|7|0|"5' 8"""|155 lbs.|No Stat|Orthodox|Aug 23, 1983|0.00|0%|1.33|50%|0.00|0%|0%|0.0
7b3c13fe33556a21|Francesco Mazzeo|4|1|0|"6' 3"""|205 lbs.|"75"""|Orthodox|Sep 23, 1997|1.83|44%|0.75|65%|3.23|50%|0%|0.0
70d2329a92864fdb|Sabina Mazo|9|4|0|"5' 7"""|125 lbs.|"70"""|Orthodox|Mar 25, 1997|6.10|43%|4.35|57%|0.65|80%|59%|0.2
1b41c21d947d6f2f|Brooke Mayo|0|1|0|"5' 7"""|125 lbs.|No Stat|No Stat|No Stat|1.92|34%|3.20|63%|3.20|60%|0%|2.1
016a8d958883167c|Gina Mazany|7|6|0|"5' 6"""|125 lbs.|"68"""|Southpaw|Aug 19, 1988|3.73|50%|3.52|50%|4.34|52%|33%|0.2
2c6e81426dd7573c|Jack May|9|3|0|"6' 8"""|255 lbs.|No Stat|Switch|Apr 14, 1981|1.52|38%|3.29|33%|0.91|33%|20%|0.0
1a9480fc288e55d7|Don'Tale Mayes|11|9|0|"6' 6"""|260 lbs.|"81"""|Orthodox|Jan 16, 1992|3.22|43%|3.61|46%|0.59|38%|46%|0.0
c32fdfe75cda5b22|Jeremy May|13|10|0|"6' 1"""|185 lbs.|No Stat|No Stat|Oct 23, 1986|0.00|0%|0.00|0%|0.00|0%|0%|0.0
a16ce18149021139|Elaina Maxwell|7|4|0|"5' 8"""|145 lbs.|No Stat|Orthodox|Dec 16, 1978|2.07|60%|2.40|53%|0.00|0%|50%|1.0
7d96bc577e5178b2|Gray Maynard|13|7|1|"5' 9"""|155 lbs.|"70"""|Orthodox|May 09, 1979|1.92|32%|2.64|66%|2.91|47%|81%|0.7
65f09bacd3957381|Cory Sandhagen|18|5|0|"5' 11"""|135 lbs.|"70"""|Switch|Apr 20, 1992|5.06|45%|3.34|56%|1.28|34%|63%|0.3
696002b59f09d73b|Joseph Sandoval|7|7|0|"5' 7"""|135 lbs.|No Stat|Southpaw|May 11, 1986|1.82|42%|12.12|60%|0.00|0%|0%|0.0
f9ad10f6a49e5452|Raul Sandoval|3|3|0|No Stat|130 lbs.|No Stat|No Stat|No Stat|0.00|0%|0.00|0%|0.00|0%|0%|0.0
9d51bcc281aa0514|Hugo Sandoval|2|3|0|No Stat|135 lbs.|No Stat|No Stat|No Stat|0.00|0%|0.00|0%|0.00|0%|0%|0.0
12f1b140e248bdb9|Jerrod Sanders|16|3|0|"5' 8"""|135 lbs.|"72"""|Orthodox|Oct 01, 1979|0.88|64%|1.14|46%|2.20|33%|50%|1.6
96428b9e9bd048ea|Luke Sanders|13|5|0|"5' 6"""|135 lbs.|"67"""|Southpaw|Dec 12, 1985|6.61|52%|4.37|50%|0.71|30%|72%|0.2
59aaf2730b84698a|Jesse Sanders|23|7|0|"6' 0"""|170 lbs.|No Stat|Orthodox|No Stat|0.00|0%|6.45|35%|0.00|0%|50%|0.0
ef3663798164adf0|Erick Sanchez|8|3|0|"5' 10"""|145 lbs.|No Stat|No Stat|Oct 04, 1990|0.00|0%|0.00|0%|0.00|0%|0%|0.0
fccf811c1e8b01c7|Andrew Sanchez|13|7|0|"6' 1"""|185 lbs.|"74"""|Orthodox|Apr 08, 1988|4.30|43%|5.10|50%|2.55|36%|100%|0.0
546f8599a63c29da|Robert Sanchez|8|2|0|"5' 6"""|125 lbs.|"66"""|Orthodox|Mar 05, 1986|0.96|40%|1.78|46%|3.61|62%|50%|0.7
b12fc8a41e82d3a2|Joby Sanchez|11|4|0|"5' 6"""|135 lbs.|"68"""|Orthodox|Jun 24, 1991|3.22|36%|2.82|63%|0.95|71%|51%|0.4
243a336eaa2d2eb4|Emmanuel Sanchez|15|3|0|"5' 9"""|145 lbs.|"71"""|No Stat|Aug 11, 1990|4.45|35%|4.17|55%|0.25|6%|16%|0.5
bb140b121283acbb|Donald Sanchez|31|17|0|"5' 10"""|145 lbs.|No Stat|No Stat|Aug 18, 1984|0.58|50%|1.16|55%|0.00|0%|50%|0.0
6a0047ac8c99fece|Bobby Sanchez|10|35|0|"5' 7"""|155 lbs.|No Stat|Orthodox|No Stat|0.00|0%|0.00|100%|0.00|0%|100%|0.0
c6da1c24fe473418|Julian Sanchez|0|1|0|"6' 3"""|300 lbs.|No Stat|Orthodox|No Stat|0.00|0%|0.00|0%|0.00|0%|0%|0.0
7f0b4a75ef3039a3|Eddie Sanchez|15|8|0|"6' 2"""|230 lbs.|"74"""|Orthodox|Nov 04, 1982|3.45|43%|3.30|43%|1.13|26%|42%|0.0
438d497617ecb16e|Samuel Sanches|10|1|0|No Stat|155 lbs.|No Stat|No Stat|Jan 28, 2003|0.00|0%|0.00|0%|0.00|0%|0%|0.0
82e7929bf6c2b689|Diego Sanchez|31|13|0|"5' 10"""|170 lbs.|"72"""|Southpaw|Dec 31, 1981|2.69|37%|3.02|56%|1.51|24%|46%|0.8
983e281d257c24dc|Josh San Diego|8|3|0|"5' 10"""|135 lbs.|No Stat|No Stat|No Stat|0.00|0%|0.00|0%|0.00|0%|0%|0.0
f65dcb22dada2223|Josh Sampo|11|5|0|"5' 4"""|125 lbs.|"64"""|Orthodox|Jul 24, 1984|1.99|36%|2.96|55%|1.06|33%|40%|2.1
9deff9e3e8d94d47|Josh Samman|13|4|0|"6' 3"""|185 lbs.|"79"""|Orthodox|Mar 14, 1988|2.08|52%|2.47|34%|1.09|33%|33%|0.4
a7a3fb5f6c67b122|Dylan Salvador|5|2|0|"5' 9"""|155 lbs.|"69"""|Southpaw|May 20, 1993|4.34|37%|11.57|46%|0.00|0%|0%|0.0
b23388ff8ac6637b|Johnny Sampaio|3|1|0|"5' 8"""|170 lbs.|No Stat|Orthodox|Sep 11, 1975|1.32|40%|2.64|50%|9.89|50%|0%|9.9
010986ee359fb863|John Salter|14|3|0|"6' 1"""|185 lbs.|"74"""|Southpaw|Mar 21, 1985|1.68|32%|1.68|68%|2.85|46%|66%|0.5
98e946879ba20c0f|Boston Salmon|6|3|0|"5' 9"""|135 lbs.|"69"""|Southpaw|Nov 20, 1990|4.13|37%|7.75|59%|0.00|0%|100%|0.0
7c0847d3854a95f2|Sean Salmon|18|21|0|"5' 10"""|185 lbs.|No Stat|Southpaw|Sep 11, 1977|1.49|33%|2.03|65%|4.06|50%|0%|0.0
65cdf4ec31143d86|Vinicius Salvador|14|7|0|"5' 7"""|135 lbs.|"70"""|Southpaw|Jul 24, 1996|5.48|43%|6.50|48%|0.36|11%|86%|0.0
17734443a833cdf7|Quillan Salkilld|9|1|0|"6' 0"""|155 lbs.|"75"""|Orthodox|Dec 28, 1999|5.48|59%|3.46|45%|8.41|37%|100%|0.5
a049aa06508b9c7b|Brandon Saling|8|6|0|"5' 10"""|170 lbs.|No Stat|No Stat|Jan 28, 1986|2.88|40%|6.08|20%|0.00|0%|57%|0.0
74d5f71eeb0c66c7|Gabriel Salinas-Jones|5|2|1|"6' 1"""|245 lbs.|No Stat|No Stat|Nov 20, 1984|0.00|0%|0.00|0%|0.00|0%|0%|0.0
447f9858ae78f921|Muslim Salikhov|22|5|0|"5' 11"""|170 lbs.|"70"""|Orthodox|Jun 09, 1984|3.39|49%|2.92|62%|1.08|32%|72%|0.0
5114f1b5ad4cdf72|Shane Primm|5|5|0|"6' 3"""|205 lbs.|No Stat|Orthodox|Jul 30, 1984|0.83|26%|2.25|62%|1.78|20%|0%|0.0
46caf130099206cd|Brent Primus|8|0|0|"5' 10"""|155 lbs.|No Stat|No Stat|Apr 12, 1985|1.73|39%|2.27|59%|5.00|38%|0%|2.0
009341ed974bad72|Jiri Prochazka|31|5|1|"6' 3"""|205 lbs.|"80"""|Orthodox|Oct 14, 1992|5.74|55%|5.70|43%|0.60|60%|68%|0.2
0597a4528ebd1307|Chris Price|19|4|0|"6' 2"""|185 lbs.|No Stat|Southpaw|Nov 09, 1982|1.44|66%|2.59|48%|0.00|0%|33%|2.2
ee4b670e159f4a33|Dorian Price|8|5|0|"6' 3"""|170 lbs.|No Stat|Southpaw|Aug 20, 1977|0.00|0%|0.00|0%|0.00|0%|0%|0.0
6597b611f1c32555|Philip Preece|10|14|0|"5' 8"""|205 lbs.|No Stat|Orthodox|No Stat|0.80|72%|0.70|63%|0.00|0%|0%|0.0
d8da10db80131bec|Niko Price|16|9|0|"6' 0"""|170 lbs.|"76"""|Orthodox|Sep 29, 1989|5.13|43%|5.55|48%|0.98|28%|50%|0.6
873626e5547b5235|Kyle Prepolec|18|9|0|"5' 10"""|155 lbs.|"70"""|Southpaw|Aug 30, 1989|2.87|35%|5.19|49%|0.00|0%|40%|0.0
e51fcd9cd84c0b93|Michel Prazeres|26|4|0|"5' 6"""|170 lbs.|"67"""|Orthodox|Jul 25, 1981|2.38|47%|2.51|57%|3.94|36%|47%|0.6
4f853e98886283cf|Carlo Prater|31|18|1|"5' 11"""|155 lbs.|"72"""|Switch|Jun 25, 1981|2.03|47%|4.07|35%|0.43|9%|57%|1.7
b51d0ed3782a1bf5|Ricardo Prasel|10|2|0|"6' 7"""|238 lbs.|"78"""|Orthodox|Jun 02, 1990|2.21|57%|7.83|37%|0.00|0%|0%|0.0
f5ff7bcdcfeba3ad|Trevor Prangley|34|11|2|"6' 1"""|185 lbs.|"75"""|Orthodox|Aug 24, 1972|2.59|60%|2.02|48%|3.38|55%|74%|1.0
7ee0fd831c0fe7c3|Carlos Prates|21|7|0|"6' 1"""|170 lbs.|"78"""|Switch|Aug 17, 1993|3.60|54%|4.79|48%|0.25|100%|83%|0.0
3920d0cc288f9b0d|Francisco Prado|12|4|0|"5' 10"""|170 lbs.|"69"""|Orthodox|Jun 16, 2002|4.09|43%|4.95|54%|0.94|19%|50%|0.5
7f6ef4e1227600bc|Wagner Prado|12|3|0|"6' 0"""|205 lbs.|"74"""|Southpaw|Dec 30, 1986|1.72|40%|3.06|50%|0.00|0%|22%|0.0
065eb44700e641a4|Devin Powell|9|4|0|"6' 0"""|155 lbs.|"73"""|Orthodox|Mar 01, 1988|2.88|41%|3.67|51%|0.00|0%|0%|0.6
7e208569469c8bc8|Ruan Potts|11|6|0|"6' 2"""|247 lbs.|"75"""|Orthodox|Feb 23, 1978|0.85|37%|5.92|22%|0.75|16%|33%|2.3
6370c1c1e12723d5|Marcin Prachnio|17|9|0|"6' 3"""|205 lbs.|"73"""|Orthodox|Jul 14, 1988|5.52|54%|3.15|54%|0.14|20%|53%|0.0
8fc9ae9c7527dfcb|Callan Potter|18|9|0|"6' 0"""|170 lbs.|"72"""|Orthodox|Jun 09, 1984|3.18|50%|4.72|58%|3.29|66%|100%|0.0
260bd4cef10b033f|Ihor Potieria|20|8|0|"6' 3"""|185 lbs.|"75"""|Southpaw|May 29, 1996|4.44|50%|4.96|50%|0.73|18%|66%|0.0
61e47575b24a06bf|Dylan Potter|10|6|0|"6' 2"""|225 lbs.|"77"""|Switch|Jan 14, 1995|3.10|48%|5.78|46%|0.00|0%|33%|1.1
ac40f7e3cbecdda4|Parker Porter|14|9|0|"6' 0"""|265 lbs.|"75"""|Orthodox|Apr 22, 1985|6.55|50%|6.32|51%|1.35|26%|66%|0.5
56bf3ed155bd0fcd|Alexander Poppeck|9|3|0|"6' 2"""|205 lbs.|No Stat|Orthodox|Apr 06, 1992|4.01|57%|9.81|33%|0.00|0%|0%|0.0
303e017a9074f3aa|Felipe Portela|9|2|0|No Stat|170 lbs.|No Stat|No Stat|Nov 23, 1987|0.00|0%|0.00|0%|0.00|0%|0%|0.0
3bb030257966b022|Mike Polchlopek|1|1|0|"6' 4"""|285 lbs.|No Stat|Orthodox|Dec 27, 1965|2.00|38%|1.33|57%|0.00|0%|0%|0.0
d3fa5c5955397532|Grigory Popov|13|3|0|"5' 7"""|135 lbs.|"68"""|Switch|Apr 18, 1984|3.63|37%|4.20|55%|0.00|0%|45%|0.0
6d1bffff14897645|Santiago Ponzinibbio|31|9|0|"6' 0"""|170 lbs.|"73"""|Orthodox|Sep 26, 1986|4.78|41%|4.68|61%|0.60|27%|71%|0.0
abb68e3c7ca128f2|Julia Polastri|13|5|0|"5' 2"""|115 lbs.|"63"""|Orthodox|Mar 05, 1998|5.62|55%|5.37|56%|0.87|80%|58%|0.4
543cd2258f4fa339|Brandon Polcare|1|1|0|No Stat|125 lbs.|No Stat|No Stat|No Stat|0.43|50%|0.00|0%|0.00|0%|0%|0.0
b18fb36a4aa00093|John Polakowski|2|2|0|"5' 10"""|155 lbs.|No Stat|Orthodox|Jun 21, 1981|2.60|26%|2.83|50%|0.00|0%|87%|0.7
d3b5ad3b15a64a18|Francesco Maturi|0|1|0|No Stat|No Stat|No Stat|No Stat|No Stat|0.00|0%|0.00|0%|0.00|0%|0%|0.0
ccdd90bd1fc7dab6|Vladimir Matyushenko|27|8|0|"6' 0"""|205 lbs.|"74"""|Orthodox|Jan 04, 1971|1.90|44%|1.62|59%|3.25|46%|70%|0.1
12585614e0ed2626|Nick Maximov|8|2|0|"6' 0"""|185 lbs.|"76"""|Southpaw|Dec 23, 1997|1.93|45%|2.64|46%|4.16|45%|35%|0.2
f29a6350c69f4a33|Miranda Maverick|17|6|0|"5' 3"""|125 lbs.|"65"""|Southpaw|Jul 01, 1997|3.22|44%|2.25|61%|2.16|40%|45%|0.4
36e78278a77006d4|Connor Matthews|7|4|0|"5' 8"""|145 lbs.|"71"""|Switch|May 31, 1992|4.82|43%|6.06|55%|3.24|55%|46%|0.7
6e2b1d631832921d|Claudio Mattos|5|4|0|No Stat|185 lbs.|No Stat|Orthodox|No Stat|0.00|0%|3.53|0%|0.00|0%|0%|0.0
c933d423ebdbbbdb|John Matua|1|4|0|"6' 2"""|400 lbs.|No Stat|Orthodox|No Stat|0.00|0%|0.00|0%|0.00|0%|0%|0.0
990060b2a68a7b82|Naoki Matsushita|12|16|11|"5' 6"""|155 lbs.|No Stat|Orthodox|No Stat|3.30|32%|2.20|63%|1.50|100%|0%|0.0
18e4f61f16f458c6|AJ Matthews|8|7|0|"5' 11"""|185 lbs.|No Stat|No Stat|No Stat|5.11|52%|4.96|51%|0.00|0%|100%|0.0
5ad226da6c74a48e|Koyomi Matsushima|13|6|0|"5' 7"""|145 lbs.|"66"""|Orthodox|Oct 08, 1992|2.70|47%|2.83|59%|9.00|52%|33%|0.0
ffd3224638c01b57|Jean Matsumoto|16|1|0|"5' 6"""|135 lbs.|"68"""|Orthodox|Sep 09, 1999|5.18|41%|5.40|45%|2.73|47%|57%|0.3
a845f0735bc67405|Jake Matthews|22|7|0|"5' 11"""|170 lbs.|"73"""|Orthodox|Aug 19, 1994|3.44|43%|2.63|60%|1.51|42%|67%|0.6
2fb6f197d1fbc779|Koichiro Matsumoto|15|3|1|"5' 7"""|145 lbs.|No Stat|No Stat|Mar 07, 1986|1.90|26%|3.50|31%|0.00|0%|0%|0.0
56cc76c55cee8410|Toki Matsui|6|1|0|"5' 6"""|125 lbs.|"65"""|Orthodox|Sep 08, 1999|0.00|0%|0.00|0%|0.00|0%|0%|0.0
3a524c6700addc24|Tateki Matsuda|13|8|0|"5' 7"""|125 lbs.|No Stat|Orthodox|Feb 27, 1986|3.20|34%|3.43|69%|0.00|0%|16%|0.0
4c33b3d37955aa85|Arisa Matsuda|7|0|0|"5' 3"""|115 lbs.|"64"""|Orthodox|Dec 15, 1994|1.00|75%|1.87|56%|3.00|42%|0%|1.0
eec3fe66a8b11a26|Al Matavao|8|3|0|"5' 8"""|205 lbs.|"67"""|Orthodox|Feb 23, 1994|7.84|46%|6.70|58%|0.00|0%|0%|0.0
cd42bbe8887bba90|Daijiro Matsui|13|29|7|"5' 9"""|200 lbs.|No Stat|Orthodox|Dec 05, 1972|0.84|45%|1.69|55%|1.83|30%|43%|0.4
47b9e0e7703a4868|Jorge Masvidal|35|17|0|"5' 11"""|170 lbs.|"74"""|Orthodox|Nov 12, 1984|4.05|47%|3.05|64%|1.38|59%|72%|0.3
ca743f96dd2063d5|Tiffany Masters|2|1|0|"5' 3"""|115 lbs.|"65"""|Orthodox|Jul 31, 1994|3.53|62%|2.58|50%|3.06|60%|0%|0.0
883922e5cd6d8473|Jameel Massouh|26|9|0|"5' 10"""|145 lbs.|"72"""|Orthodox|Sep 12, 1984|1.91|54%|2.62|55%|0.67|15%|50%|0.7
5b2d7906aa894274|Mike Massenzio|13|9|0|"6' 2"""|185 lbs.|"73"""|Southpaw|Nov 01, 1982|2.08|45%|3.59|54%|2.74|24%|50%|1.4
aa1a873d05acc7eb|Kazuma Maruyama|11|7|0|"5' 11"""|155 lbs.|"72"""|Orthodox|Jul 19, 1992|3.83|41%|2.23|53%|4.79|33%|100%|0.0
9b198c73e3d0d289|Justin Salas|12|7|0|"5' 8"""|155 lbs.|"70"""|Southpaw|Mar 13, 1982|3.42|43%|2.96|68%|2.43|20%|0%|0.0
c046100aea0dba9a|Shoji Maruyama|12|9|1|"5' 7"""|139 lbs.|No Stat|Orthodox|Apr 24, 1983|1.40|63%|0.27|55%|0.00|0%|54%|0.0
6dedfe07640a9acc|Islem Masraf|3|1|0|"6' 0"""|205 lbs.|"74"""|Southpaw|Jun 07, 1996|0.68|20%|3.88|15%|0.00|0%|100%|0.0
ff9578cdbfabd323|Ryuta Sakurai|24|24|6|"5' 7"""|183 lbs.|No Stat|Orthodox|No Stat|1.80|48%|3.44|58%|0.52|100%|36%|1.6
a17322f99ddfd8e9|Bristol Marunde|16|10|0|"6' 1"""|170 lbs.|"75"""|Orthodox|Apr 20, 1982|1.42|21%|4.40|47%|1.60|33%|14%|0.0
4690d47bf725fd98|Gokhan Saki|1|2|0|"6' 0"""|205 lbs.|"73"""|Orthodox|Oct 19, 1983|7.09|58%|4.57|53%|0.00|0%|100%|0.0
d7907a9a968e4d29|Wataru Sakata|11|14|0|"5' 9"""|195 lbs.|No Stat|Southpaw|Mar 11, 1973|1.11|61%|2.08|31%|0.00|0%|0%|0.0
9b5b5a75523728f3|Kazushi Sakuraba|26|17|1|"6' 0"""|185 lbs.|No Stat|Southpaw|Jul 14, 1969|1.26|41%|2.03|51%|1.26|31%|48%|1.7
7f955f71fa2ce7ac|Alessio Sakara|19|11|0|"6' 0"""|185 lbs.|"72"""|Orthodox|Sep 02, 1981|3.96|47%|2.80|59%|2.18|78%|62%|0.0
85e26e2468b4e82f|Hayato Sakurai|38|13|2|"5' 7"""|168 lbs.|No Stat|Orthodox|Aug 24, 1975|2.45|49%|1.94|59%|1.87|69%|56%|0.3
441eacbe20e0e80b|Augusto Sakai|16|5|1|"6' 3"""|265 lbs.|"77"""|Orthodox|May 09, 1991|4.60|49%|3.83|48%|0.23|40%|56%|0.0
94a5aaf573f780ad|Yukio Sakaguchi|6|7|0|"5' 9"""|185 lbs.|No Stat|Orthodox|Jul 26, 1973|0.30|25%|2.40|50%|4.50|100%|0%|9.0
fb41432b622992a9|Lukasz Sajewski|13|3|0|"5' 8"""|155 lbs.|"71"""|Orthodox|Nov 27, 1990|2.06|35%|3.88|57%|1.01|25%|66%|0.0
6a6c4709ebc5499a|Kaushik Saikumar|5|0|0|No Stat|135 lbs.|No Stat|No Stat|Dec 11, 1997|0.00|0%|0.00|0%|0.00|0%|0%|0.0
c2299ec916bc7c56|Benoit Saint Denis|14|3|0|"5' 11"""|155 lbs.|"73"""|Southpaw|Dec 18, 1995|5.39|55%|4.61|41%|4.19|39%|70%|1.5
50db8711c70196cd|Ovince Saint Preux|27|18|0|"6' 3"""|205 lbs.|"80"""|Southpaw|Apr 08, 1983|3.03|47%|3.33|47%|1.09|36%|67%|0.5
96c76dd695eb3b88|Mridul Saikia|8|1|0|"5' 7"""|125 lbs.|"68"""|Orthodox|May 09, 1997|0.91|28%|2.74|36%|0.00|0%|0%|0.0
cc4e571964b084d4|Tatsuya Saika|11|5|0|"6' 0"""|155 lbs.|"73"""|Orthodox|Sep 18, 1990|6.67|44%|9.91|43%|0.00|0%|66%|0.0
296a120cb880477b|Kiru Sahota|12|3|0|"5' 10"""|125 lbs.|"73"""|Orthodox|May 28, 1995|4.05|52%|2.64|41%|0.92|33%|50%|0.5
4ac1ecf8ce59ef23|Jason Saggo|12|4|0|"5' 11"""|155 lbs.|"71"""|Orthodox|Nov 23, 1985|2.50|39%|2.94|52%|2.33|40%|23%|0.0
0749d968e932df53|Tarec Saffiedine|16|7|0|"5' 10"""|170 lbs.|"70"""|Switch|Sep 06, 1986|4.05|47%|3.06|62%|0.52|36%|84%|0.1
88d7b6d8230e1f3f|Saparbeg Safarov|9|3|0|"6' 1"""|185 lbs.|"78"""|Orthodox|Oct 14, 1986|4.03|48%|2.96|47%|2.52|41%|33%|0.0
ff62013d2fce6d13|Nazim Sadykhov|11|1|1|"5' 10"""|155 lbs.|"69"""|Southpaw|May 16, 1994|5.55|50%|5.89|50%|1.29|55%|75%|0.3
2650e2f846a30f64|Amir Sadollah|6|5|0|"5' 10"""|170 lbs.|"75"""|Orthodox|Aug 27, 1980|4.71|46%|3.55|60%|0.57|27%|60%|0.3
9ba2226646046b63|Frankie Saenz|13|7|0|"5' 6"""|135 lbs.|"66"""|Orthodox|Aug 12, 1980|3.94|47%|3.50|52%|1.74|31%|61%|0.1
b8bbdeff718dbb7d|Pat Sabatini|20|5|0|"5' 8"""|145 lbs.|"70"""|Orthodox|Nov 09, 1990|1.87|62%|1.22|49%|3.98|48%|50%|1.8
cb7ee07982de2a28|Danny Sabatello|9|1|0|"5' 10"""|135 lbs.|"71"""|Orthodox|Mar 31, 1993|2.07|57%|0.20|25%|3.00|75%|100%|1.0
7956f026e2672c47|Pete Sabala|3|15|0|No Stat|135 lbs.|No Stat|No Stat|No Stat|0.00|0%|0.00|0%|0.00|0%|0%|0.0
3c8a5200436e19f3|Cameron Saaiman|9|3|0|"5' 8"""|135 lbs.|"67"""|Southpaw|Dec 20, 2000|5.30|46%|4.14|51%|0.89|28%|47%|0.7
7215953cd5c6254d|Ross Pointon|6|17|0|"5' 8"""|170 lbs.|No Stat|Orthodox|Feb 18, 1980|2.62|23%|2.77|58%|1.19|100%|0%|0.0
53278852bcd91e11|Igor Pokrajac|28|13|0|"6' 0"""|205 lbs.|"74"""|Orthodox|Jan 02, 1979|2.25|45%|4.26|40%|0.87|29%|51%|0.2
9756095cb76b67c3|Dmitry Poberezhets|24|5|1|"6' 3"""|237 lbs.|No Stat|No Stat|Jun 11, 1985|0.00|0%|0.00|0%|0.00|0%|0%|0.0
f41b9f5efc7162d6|Jamal Pogues|11|5|0|"6' 3"""|205 lbs.|"77"""|Orthodox|Dec 01, 1995|3.57|46%|3.97|49%|2.00|46%|70%|0.0
029eaff01e6bb8f0|Dustin Poirier|30|10|0|"5' 9"""|155 lbs.|"72"""|Southpaw|Jan 19, 1989|5.24|50%|4.57|52%|1.15|35%|64%|1.2
8765559b6a29a421|Gaetano Pirrello|15|7|1|"5' 7"""|135 lbs.|"65"""|Orthodox|Apr 29, 1992|0.99|55%|2.44|42%|0.00|0%|30%|0.0
c549573c0df4d676|Maki Pitolo|13|9|0|"5' 10"""|185 lbs.|"75"""|Orthodox|Nov 24, 1990|4.10|44%|3.93|55%|2.24|52%|50%|0.8
39d309957c5c210d|Mario Pinto|10|0|0|"6' 5"""|265 lbs.|"79"""|Orthodox|Mar 14, 1998|3.67|71%|5.29|51%|0.00|0%|100%|0.0
25af5e832f17b474|Jesus Pinedo|16|5|1|"5' 10"""|155 lbs.|No Stat|Southpaw|Jun 22, 1996|3.23|38%|4.37|52%|2.50|100%|100%|0.0
fdd22e895a70e4a8|Damian Pinas|7|1|0|No Stat|185 lbs.|No Stat|No Stat|Mar 12, 2002|0.00|0%|0.00|0%|0.00|0%|0%|0.0
a3a542074109b347|Luana Pinheiro|11|5|0|"5' 2"""|115 lbs.|"62"""|Orthodox|Nov 18, 1992|3.29|39%|4.06|60%|2.33|37%|71%|0.2
31bbd39c0a075d4e|Pingyuan Liu|13|7|0|"5' 6"""|135 lbs.|"72"""|Orthodox|Feb 13, 1993|2.36|33%|2.99|54%|0.25|20%|56%|1.0
361d49960a196976|Daniel Pineda|28|17|0|"5' 7"""|145 lbs.|"69"""|Orthodox|Aug 06, 1985|2.85|49%|3.26|45%|1.42|24%|54%|1.5
7826923b47f8d72a|Paddy Pimblett|23|3|0|"5' 10"""|155 lbs.|"73"""|Orthodox|Jan 03, 1995|5.19|53%|3.14|42%|0.96|28%|50%|1.7
0d506315895efffc|Sean Pierson|14|6|0|"6' 0"""|170 lbs.|"76"""|Southpaw|Mar 10, 1976|3.84|39%|3.73|64%|0.39|18%|66%|0.4
4bf6b225ff6099c4|Domingo Pilarte|8|3|0|"6' 0"""|135 lbs.|"73"""|Southpaw|Jan 05, 1990|1.31|47%|2.96|40%|1.20|42%|54%|0.8
1c7308d2957a12d2|Jonathan Piersma|9|3|0|"5' 11"""|170 lbs.|"73"""|Orthodox|Mar 03, 1996|0.40|42%|0.87|31%|0.00|0%|36%|3.0
9a967e8e43dcef63|Joao Pierini|4|1|0|"6' 1"""|155 lbs.|No Stat|Switch|Dec 11, 1971|0.76|14%|4.56|33%|0.00|0%|0%|0.0
df7d386a54e07446|Nick Piedmont|12|7|1|"5' 10"""|145 lbs.|No Stat|No Stat|No Stat|0.00|0%|0.00|0%|0.00|0%|0%|0.0
1cf7ccf64a5bf24e|Oskar Piechota|11|3|1|"6' 0"""|185 lbs.|"76"""|Southpaw|Jan 24, 1990|3.30|52%|3.93|51%|0.61|40%|38%|1.5
236a37d96d476164|Mike Pierce|17|7|0|"5' 8"""|170 lbs.|"71"""|Orthodox|Sep 01, 1980|2.62|42%|2.36|62%|3.08|42%|71%|0.2
634bb0de2eb043b4|Cristiane Justino|21|2|0|"5' 8"""|145 lbs.|"68"""|Orthodox|Jul 09, 1985|7.28|52%|2.25|64%|0.66|55%|94%|0.4
9561eb5f0d63ffcc|Fabiola Pidroni|5|0|0|No Stat|115 lbs.|No Stat|No Stat|Jan 04, 1994|0.00|0%|0.00|0%|0.00|0%|0%|0.0
5537efc6e496dd84|Aaron Pico|13|4|0|No Stat|145 lbs.|No Stat|No Stat|Sep 23, 1996|0.00|0%|0.00|0%|0.00|0%|0%|0.0
830f60497fab345a|Jamie Pickett|13|11|0|"6' 2"""|185 lbs.|"80"""|Orthodox|Aug 29, 1988|2.65|47%|3.62|50%|1.26|40%|67%|0.1
ac70a4f1db1b8c40|Scott Junk|8|3|1|"6' 1"""|265 lbs.|No Stat|Orthodox|Dec 17, 1978|5.13|60%|1.81|45%|0.00|0%|0%|0.0
74f9448b97bf8bec|Da Woon Jung|15|6|1|"6' 4"""|205 lbs.|"78"""|Orthodox|Dec 07, 1993|3.24|40%|4.23|49%|1.59|47%|75%|0.2
08e908ed6d18d6a0|Myles Jury|17|4|0|"5' 10"""|145 lbs.|"73"""|Orthodox|Oct 31, 1988|2.94|42%|2.16|66%|2.16|55%|50%|0.3
13104eaed3ae96c3|Young Sam Jung|4|8|0|"5' 8"""|139 lbs.|No Stat|Orthodox|Oct 27, 1985|0.53|9%|2.79|63%|0.00|0%|0%|2.0
b35d1650c78c2948|Bu-Kyung Jung|0|4|0|"5' 7"""|154 lbs.|No Stat|Orthodox|May 26, 1978|0.63|36%|1.85|56%|1.10|75%|0%|1.5
a72a2a769fa5a2be|Anshul Jubli|7|2|0|"6' 0"""|155 lbs.|"69"""|Switch|Jan 13, 1995|6.42|46%|5.72|50%|0.81|18%|63%|0.4
4c288a2b250bb576|Luke Jumeau|13|5|0|"5' 11"""|170 lbs.|"72"""|Orthodox|Feb 12, 1988|2.93|43%|3.17|58%|0.25|100%|86%|0.0
6ece1d2ab1bed31d|Steve Judson|0|2|0|"5' 11"""|230 lbs.|No Stat|Orthodox|No Stat|0.00|0%|0.00|0%|0.00|0%|0%|0.0
c451d67c09c55418|Chan Sung Jung|17|8|0|"5' 7"""|145 lbs.|"72"""|Orthodox|Mar 17, 1987|3.93|41%|4.52|52%|0.70|44%|72%|0.6
f1ab6f37492c630a|Carli Judice|5|2|0|"5' 7"""|125 lbs.|"68"""|Southpaw|Mar 02, 1999|10.73|52%|8.08|55%|0.70|25%|77%|0.0
410898e8dd6ca9b6|Ernie Juarez|8|1|0|"5' 8"""|145 lbs.|"70"""|No Stat|Jan 12, 1998|4.21|51%|6.23|55%|0.00|0%|25%|0.0
cd039ff136d89ded|Jesse Juarez|23|12|0|"6' 1"""|170 lbs.|No Stat|Orthodox|May 08, 1981|1.71|48%|2.87|52%|2.69|33%|50%|0.0
97f3692d5444a80a|Tony Juarez|1|12|0|No Stat|155 lbs.|No Stat|No Stat|No Stat|0.89|25%|10.34|38%|4.43|100%|66%|0.0
69d3fa376ff2595e|Max Martyniouk|1|1|0|No Stat|155 lbs.|No Stat|No Stat|No Stat|0.00|0%|0.00|0%|0.00|0%|0%|0.0
35080a7f406f9ab3|Mike Joy|11|8|0|"5' 6"""|155 lbs.|No Stat|Southpaw|Jul 18, 1985|0.57|33%|1.71|47%|0.78|33%|0%|2.3
791367e8c35cfb6a|Dustin Joynson|5|0|0|"6' 6"""|244 lbs.|"78"""|Orthodox|Oct 14, 1985|3.28|53%|5.63|47%|0.00|0%|0%|0.0
7413b80dbb0f8f9f|Lucas Martins|19|3|0|"6' 0"""|145 lbs.|"72"""|Southpaw|Nov 11, 1988|2.87|35%|4.14|60%|0.00|0%|76%|0.5
7dcf06c1967801c1|Adriano Martins|28|9|0|"5' 10"""|155 lbs.|"72"""|Southpaw|Dec 16, 1982|1.80|38%|2.14|65%|0.83|80%|81%|0.4
9a97acbfd5a08bfa|David Martinez|12|1|0|"5' 5"""|135 lbs.|"67"""|Orthodox|Aug 03, 1998|5.40|52%|2.70|67%|0.00|0%|100%|0.0
563d051c9e769b24|Wagner da Conceicao Martins|9|8|0|"6' 7"""|390 lbs.|No Stat|Orthodox|May 19, 1978|1.91|37%|5.43|42%|2.20|100%|100%|0.0
f77afa72da84c9a8|Julieta Martinez|8|0|0|"5' 1"""|115 lbs.|"62"""|Orthodox|Sep 14, 2004|2.53|44%|3.60|41%|5.00|45%|100%|0.0
2c5a0b8317f8f27a|Roque Martinez|15|8|2|"5' 10"""|250 lbs.|"72"""|Orthodox|Mar 04, 1986|3.28|53%|4.90|56%|0.38|50%|53%|0.4
3e708ce33b6b18e6|Victor Martinez|13|6|0|"5' 8"""|155 lbs.|"70"""|Orthodox|Jul 17, 1991|7.94|51%|7.66|53%|0.70|33%|80%|0.0
c0386644627a7ee5|Mana Martinez|10|4|0|"5' 10"""|135 lbs.|"70"""|Orthodox|Mar 25, 1996|4.33|48%|4.94|50%|0.72|42%|25%|0.5
f8c2aba4815876b5|Andrew Martinez|9|6|0|"5' 9"""|215 lbs.|No Stat|No Stat|No Stat|3.40|31%|2.30|47%|1.50|50%|0%|0.0
3f4c3bc822bea45d|Melissa Martinez|8|2|0|"5' 2"""|115 lbs.|"66"""|Southpaw|Aug 18, 1997|3.78|47%|5.21|53%|0.35|50%|50%|0.0
8851bb0418d27d28|Poppies Martinez|29|11|0|"5' 9"""|145 lbs.|No Stat|No Stat|Aug 19, 1983|2.88|50%|2.16|51%|1.54|33%|50%|9.2
f2477cf43c4975cc|Jonathan Martinez|19|6|0|"5' 8"""|135 lbs.|"70"""|Southpaw|Apr 20, 1994|4.44|49%|4.09|56%|0.38|35%|68%|0.1
76729a829623e266|Henry Martinez|9|4|0|"5' 7"""|155 lbs.|"69"""|Southpaw|Aug 07, 1983|2.79|25%|4.01|60%|0.00|0%|80%|0.0
8a9c6c4301f6d088|Danny Martinez|21|8|0|"5' 6"""|125 lbs.|"67"""|Orthodox|Jun 14, 1985|2.73|28%|3.77|63%|3.00|45%|36%|0.0
feffee4fc6da3aa3|Alonzo Martinez|42|20|1|"5' 10"""|155 lbs.|No Stat|No Stat|Apr 22, 1984|3.07|27%|7.33|52%|0.00|0%|0%|0.0
19b7738321cfae42|Mallory Martin|7|5|0|"5' 4"""|115 lbs.|"63"""|Orthodox|Jan 29, 1994|4.42|48%|6.64|55%|2.28|43%|25%|0.3
9acf42aebe9bb895|Michal Martinek|7|1|0|"6' 2"""|230 lbs.|No Stat|Southpaw|Apr 19, 1990|2.45|53%|4.29|51%|0.00|0%|0%|0.0
325550dab63fb25a|Joe Martin|6|8|0|"5' 9"""|170 lbs.|No Stat|No Stat|No Stat|0.73|40%|2.40|45%|0.00|0%|16%|0.0
577ec7e108b94be3|Rainy Martinez|0|2|0|"6' 0"""|199 lbs.|No Stat|Orthodox|No Stat|0.00|0%|0.00|0%|0.00|0%|0%|0.0
92c96df8bdab5fea|Dave Martin|0|2|0|"6' 0"""|205 lbs.|No Stat|No Stat|No Stat|0.00|0%|0.00|0%|0.00|0%|0%|0.0
5331b25a60417ffb|Anthony Rocco Martin|17|6|0|"6' 0"""|170 lbs.|"73"""|Orthodox|Dec 11, 1989|2.68|37%|2.59|58%|0.71|27%|68%|1.0
3da19339ee7051d5|Justin Martin|4|3|0|"6' 0"""|185 lbs.|No Stat|No Stat|No Stat|0.00|0%|0.00|0%|0.00|0%|0%|0.0
abbc4fc02e0d84b3|Eric Martin|0|1|0|No Stat|No Stat|No Stat|No Stat|No Stat|0.00|0%|0.00|0%|0.00|0%|0%|0.0
045f25b3a4c08e81|Jack Marshman|23|10|0|"6' 0"""|185 lbs.|"73"""|Orthodox|Dec 19, 1989|2.74|25%|4.19|56%|0.00|0%|20%|0.0
6a92caba39b64752|Terry Martin|23|11|0|"5' 8"""|185 lbs.|"71"""|Orthodox|Oct 10, 1980|2.82|43%|3.13|54%|3.10|42%|92%|0.0
5d495dec23d7c68e|Francis Marshall|8|3|0|"5' 9"""|145 lbs.|"72"""|Orthodox|Mar 03, 1999|3.46|33%|4.10|54%|2.75|44%|66%|0.4
0a2813f89a758ff7|David Marshall|8|4|0|"6' 2"""|170 lbs.|No Stat|No Stat|Aug 24, 1984|0.00|0%|0.00|0%|0.00|0%|0%|0.0
0c1773639c795466|Doug Marshall|18|8|0|"5' 10"""|205 lbs.|No Stat|Orthodox|Sep 09, 1975|6.99|46%|4.02|60%|0.00|0%|66%|2.4
a08d909a5be6f410|Eliot Marshall|10|4|0|"6' 2"""|205 lbs.|"77"""|Orthodox|Jul 07, 1980|1.93|27%|2.39|67%|0.47|33%|79%|0.9
4c91eb190d5e0dd9|CJ Marsh|5|7|0|No Stat|No Stat|No Stat|No Stat|No Stat|0.00|0%|0.00|0%|0.00|0%|0%|0.0
aa03a3ca00ac6827|Carmelo Marrero|16|6|0|"6' 0"""|205 lbs.|"73"""|Orthodox|Jan 26, 1981|0.84|34%|2.04|54%|3.21|36%|36%|0.9
e8efeb9cf33b1941|Cesar Marscucci|3|2|0|No Stat|No Stat|No Stat|No Stat|No Stat|0.00|0%|0.00|0%|0.00|0%|0%|0.0
b6b12014698cc345|John Marsh|8|7|0|"6' 0"""|265 lbs.|No Stat|Orthodox|Sep 15, 1970|0.83|42%|2.23|40%|0.43|100%|54%|0.4
b1669a810fae4220|Yusup Saadulaev|16|4|1|"5' 6"""|135 lbs.|No Stat|No Stat|Mar 31, 1985|0.57|45%|0.96|66%|5.73|60%|0%|1.0
fa399f7f6e17f7f5|Adam Piccolotti|9|0|0|"5' 11"""|155 lbs.|No Stat|No Stat|Oct 23, 1988|4.61|50%|2.83|71%|2.96|60%|100%|3.0
c77a953488e5607d|Vinc Pichel|14|5|0|"5' 10"""|155 lbs.|"72"""|Orthodox|Nov 23, 1982|3.78|46%|3.17|54%|2.50|51%|31%|0.2
c945adc22c2bfe8f|Brad Pickett|25|14|0|"5' 6"""|135 lbs.|"68"""|Orthodox|Sep 24, 1978|3.02|31%|4.63|55%|2.47|44%|58%|0.4
7922e8269adcc25a|Nick Pica|5|1|0|"5' 10"""|185 lbs.|No Stat|No Stat|No Stat|0.00|0%|0.00|0%|0.00|0%|0%|0.0
a5cb1c29461853ca|Nick Piccininni|7|1|0|"5' 6"""|125 lbs.|"66"""|Orthodox|Dec 16, 1996|3.20|43%|6.03|42%|8.00|44%|100%|0.0
60425d07ef4b91a7|Kyler Phillips|12|4|0|"5' 8"""|135 lbs.|"72"""|Orthodox|Jun 12, 1995|5.04|42%|3.83|60%|2.31|45%|75%|0.4
44f234a36324e6c8|Mario Piazzon|8|0|0|"5' 9"""|265 lbs.|"73"""|Orthodox|Apr 06, 1998|1.35|73%|1.16|40%|18.87|50%|50%|0.0
dcbf01d605681ad1|Elizabeth Phillips|6|6|0|"5' 6"""|135 lbs.|"65"""|Orthodox|Aug 20, 1986|2.60|33%|3.07|58%|0.75|25%|53%|0.2
e9ac7bfb65c25497|John Phillips|22|11|0|"5' 11"""|185 lbs.|"75"""|Southpaw|Jun 09, 1985|1.72|34%|4.03|49%|0.00|0%|7%|0.0
34c2b3656f88f7ef|Aaron Phillips|12|5|0|"5' 9"""|135 lbs.|"71"""|Southpaw|Aug 05, 1989|1.51|53%|3.66|43%|0.86|50%|44%|0.6
99020eeb8cd5689d|Dave Phillips|13|7|0|"6' 0"""|185 lbs.|No Stat|Orthodox|Jan 12, 1980|0.00|0%|2.00|25%|0.00|0%|0%|10.0
5904b0b38dc6718d|Cody Pfister|13|6|1|"5' 10"""|155 lbs.|"73"""|Orthodox|Jul 12, 1990|1.41|25%|2.80|51%|2.82|30%|0%|0.0
09a82bd51ff61376|Wayne Phillips|7|7|0|No Stat|185 lbs.|No Stat|No Stat|Jun 17, 1983|0.00|0%|0.00|0%|0.00|0%|0%|0.0
05560764359161e4|Constantinos Philippou|13|5|0|"5' 11"""|185 lbs.|"73"""|Orthodox|Nov 29, 1979|2.19|35%|2.73|54%|0.40|42%|65%|0.3
80dbeb1dd5b53e64|Nam Phan|21|17|0|"5' 6"""|135 lbs.|"70"""|Orthodox|Mar 13, 1983|4.52|37%|6.55|59%|0.18|18%|60%|0.2
81b57acd6975ac06|Dino Pezao|1|3|0|No Stat|205 lbs.|No Stat|Orthodox|No Stat|0.66|30%|3.28|31%|0.00|0%|0%|0.0
e86bc32f5997a8f7|Forrest Petz|26|10|0|"5' 9"""|170 lbs.|"71"""|Orthodox|Sep 22, 1975|2.27|29%|2.20|57%|1.30|100%|66%|0.0
de75d1c45a39e221|Sergio Pettis|18|5|0|"5' 6"""|125 lbs.|"69"""|Orthodox|Aug 18, 1993|3.88|37%|2.91|65%|0.85|40%|67%|0.4
7ea5d60d2e6a8ad0|Peter Petties|5|3|0|"5' 11"""|145 lbs.|"72"""|Southpaw|Dec 20, 1990|2.61|29%|8.24|48%|0.00|0%|0%|0.0
38c5817ade8a8014|Ivana Petrovic|7|3|0|"5' 8"""|125 lbs.|"70"""|Southpaw|Jun 11, 1994|1.91|41%|2.05|56%|2.12|38%|61%|0.8
369ea36e450ae62a|Armen Petrosyan|9|5|0|"6' 3"""|185 lbs.|"71"""|Orthodox|Nov 03, 1990|5.84|53%|3.31|53%|0.17|33%|41%|0.0
cbb682f5fcc44bfc|Anthony Pettis|24|10|0|"5' 10"""|155 lbs.|"72"""|Orthodox|Jan 27, 1987|3.05|47%|3.44|54%|0.61|50%|60%|1.1
5f61780fe5e9b6d0|Andre Petroski|13|5|0|"6' 0"""|185 lbs.|"73"""|Switch|Jun 12, 1991|2.82|49%|2.75|52%|3.21|51%|86%|1.3
71171fc96445bf65|Vitor Petrino|12|2|0|"6' 2"""|205 lbs.|"77"""|Orthodox|Aug 28, 1997|2.72|45%|2.60|47%|3.25|58%|71%|1.0
93b9496275bbbf80|Seth Petruzelli|14|8|0|"6' 0"""|205 lbs.|"76"""|Orthodox|Dec 03, 1979|2.17|41%|2.08|55%|0.46|50%|47%|2.3
5df10509264586e5|Cory Peterson|2|1|0|"6' 11"""|400 lbs.|No Stat|Orthodox|No Stat|2.17|60%|6.51|40%|0.00|0%|0%|0.0
b93c06d09d1c4ac0|Steven Peterson|19|11|0|"5' 10"""|145 lbs.|"70"""|Orthodox|May 29, 1990|4.76|40%|5.94|53%|1.42|26%|64%|0.7
f1d64ae34e088832|Charles Jourdain|16|8|1|"5' 9"""|135 lbs.|"69"""|Switch|Nov 27, 1995|5.43|48%|4.27|56%|0.34|21%|47%|0.6
dda15dbfafb792df|Kevin Jousset|10|4|0|"6' 2"""|170 lbs.|"75"""|Orthodox|May 02, 1993|6.61|51%|6.49|50%|0.69|40%|100%|0.3
764d39074a352e33|Thomas Petersen|10|3|0|"6' 1"""|264 lbs.|"74"""|Southpaw|Mar 30, 1995|3.74|59%|2.94|57%|4.42|66%|100%|0.6
cf65d56b0755ed3b|Alan Jouban|17|7|0|"6' 0"""|170 lbs.|"73"""|Southpaw|Nov 25, 1981|5.67|50%|3.77|60%|0.51|44%|58%|0.3
8ecb9f42da5ef5ac|Gareth Joseph|9|5|0|No Stat|205 lbs.|No Stat|No Stat|No Stat|0.00|0%|0.00|0%|0.00|0%|0%|0.0
388abbf8832b5adf|Jeff Joslin|5|3|0|"6' 0"""|170 lbs.|No Stat|Orthodox|Apr 30, 1975|2.17|39%|1.57|65%|0.50|33%|64%|0.5
4e06913c91da5200|Krzysztof Jotko|24|6|0|"6' 1"""|185 lbs.|"77"""|Southpaw|Aug 19, 1989|2.98|42%|2.23|57%|1.33|39%|82%|0.1
34ca93f1791a5c50|Dwight Joseph|5|0|0|"5' 6"""|135 lbs.|No Stat|Switch|Aug 16, 1989|2.60|52%|2.87|55%|1.00|20%|20%|1.0
19db7ac26308178f|Ivan Jorge|27|7|0|"5' 9"""|155 lbs.|"73"""|Orthodox|Nov 07, 1980|3.41|49%|2.91|59%|1.56|16%|75%|0.6
0b64d0fed453ef7f|Scott Jorgensen|15|12|0|"5' 5"""|135 lbs.|"66"""|Orthodox|Sep 17, 1982|3.37|40%|3.41|65%|2.61|45%|59%|0.7
712c4db78b9373d1|Joe Jordan|49|14|2|"5' 6"""|155 lbs.|No Stat|Orthodox|Jul 27, 1978|1.85|25%|4.27|59%|0.00|0%|66%|0.0
ca2efc9d7d523c43|Shawn Jordan|19|8|0|"6' 0"""|260 lbs.|"75"""|Southpaw|Oct 21, 1984|2.87|50%|3.30|47%|1.97|38%|76%|0.1
e947b563eb744a21|Craig Jones|0|0|0|No Stat|205 lbs.|No Stat|No Stat|Jul 17, 1991|0.00|0%|0.00|0%|0.00|0%|0%|0.0
08b01ed84044c6bc|Jacobi Jones|6|2|0|"5' 9"""|155 lbs.|"72"""|Orthodox|May 24, 1996|5.87|46%|7.60|48%|0.00|0%|33%|0.0
1a98c9dbb7fc3959|Jocelyn Jones-Lybarger|6|4|0|"5' 7"""|115 lbs.|"64"""|Orthodox|Oct 04, 1985|2.96|31%|4.83|56%|0.34|25%|81%|0.0
02e52b3a595f0786|Kevin Jordan|11|9|0|"6' 3"""|245 lbs.|No Stat|Orthodox|Dec 31, 1970|2.00|40%|1.91|55%|0.00|0%|77%|0.6
f6ad6a1e4d600e0d|Mason Jones|16|2|0|"5' 10"""|155 lbs.|"74"""|Orthodox|Apr 26, 1995|5.56|41%|4.46|48%|4.24|52%|80%|0.0
1dda22d0ac3d1271|Jamelle Jones|7|5|0|"6' 0"""|205 lbs.|"75"""|Orthodox|Jan 31, 1988|1.78|80%|3.11|65%|0.00|0%|0%|0.0
f1fd494586ab8d5f|Antonio Jones|6|1|0|"5' 11"""|185 lbs.|No Stat|Orthodox|Apr 12, 1985|7.50|55%|30.00|42%|0.00|0%|0%|0.0
8a9f54b9056b07f5|Roshaun Jones|2|6|0|"5' 8"""|135 lbs.|No Stat|No Stat|No Stat|0.00|0%|0.00|0%|0.00|0%|0%|0.0
509319d35664369e|Chris Jones|10|5|0|"5' 9"""|149 lbs.|No Stat|No Stat|Nov 16, 1981|0.00|0%|0.00|0%|0.00|0%|0%|0.0
329aff8e958a2997|Ben Jones|4|4|0|No Stat|185 lbs.|No Stat|No Stat|No Stat|0.00|0%|0.00|0%|0.00|0%|0%|0.0
04f0471f221db717|Victor Jones|1|3|0|No Stat|145 lbs.|No Stat|No Stat|No Stat|0.00|0%|0.00|0%|0.00|0%|0%|0.0
9b75954db8db2a08|Justin Jones|9|2|0|"5' 11"""|185 lbs.|No Stat|Orthodox|Sep 06, 1987|1.70|36%|3.17|45%|1.00|15%|46%|0.5
ec23c1be628d8057|Trevin Jones|13|10|0|"5' 7"""|135 lbs.|"70"""|Southpaw|Aug 04, 1990|2.13|37%|4.29|39%|0.62|15%|60%|0.2
7b223a22a6c26868|Tito Jones|11|8|0|"5' 8"""|145 lbs.|No Stat|Southpaw|Jul 31, 1981|0.00|0%|0.00|0%|0.00|0%|0%|0.0
be8dfcf0442812b1|Roy Jones|7|5|0|No Stat|205 lbs.|No Stat|No Stat|Oct 26, 1983|0.00|0%|0.00|0%|0.00|0%|0%|0.0
8fa2b06572365321|Marcus Jones|4|2|0|"6' 6"""|265 lbs.|No Stat|Orthodox|Aug 15, 1973|1.94|52%|2.71|58%|8.71|75%|0%|2.9
f117c3e8c1aa7b9e|Carlton Jones|1|4|0|"6' 1"""|225 lbs.|No Stat|Orthodox|No Stat|2.32|41%|3.58|56%|4.02|50%|57%|2.7
bc0f994de0521926|Jesse Jones|2|1|0|"5' 9"""|170 lbs.|No Stat|No Stat|No Stat|0.00|0%|0.00|0%|0.00|0%|0%|0.0
f54fb3b9c4228142|Nathan Jones|0|1|0|"6' 11"""|345 lbs.|No Stat|Orthodox|Aug 21, 1970|0.00|0%|0.00|0%|0.00|0%|0%|0.0
d0e1b42d41dab603|Julian Marquez|9|6|0|"6' 2"""|185 lbs.|"72"""|Orthodox|May 08, 1990|5.06|45%|5.35|50%|0.00|0%|54%|2.6
687c15b2eddfaa63|Danilo Marques|11|4|0|"6' 6"""|205 lbs.|"77"""|Orthodox|Dec 26, 1985|1.44|79%|2.52|52%|3.93|28%|0%|0.8
d7fe8c6b7d2872e5|Brendon Marotte|8|3|0|"5' 9"""|145 lbs.|"70"""|Orthodox|Jan 12, 1996|0.41|50%|5.70|28%|0.00|0%|0%|0.0
c7be22a47a58365a|Christina Marks|8|9|0|"5' 7"""|125 lbs.|"69"""|Orthodox|Nov 08, 1985|5.00|58%|3.00|64%|7.50|100%|0%|0.0
a8e6a69796280f17|Nate Marquardt|35|19|2|"6' 0"""|185 lbs.|"74"""|Orthodox|Apr 20, 1979|2.71|49%|2.32|55%|1.87|51%|70%|0.8
23a16ebe733e3041|Rory Markham|17|6|0|"6' 0"""|170 lbs.|"71"""|Orthodox|Mar 25, 1982|1.98|21%|10.27|45%|0.00|0%|0%|0.0
4a57ebb14315b251|Randa Markos|11|12|1|"5' 4"""|115 lbs.|"63"""|Orthodox|Aug 10, 1985|2.97|43%|3.10|58%|1.12|28%|52%|0.2
e0c6edcb5b5d0b90|Chepe Mariscal|18|6|0|"5' 7"""|145 lbs.|"69"""|Orthodox|Oct 27, 1992|4.95|56%|3.07|51%|2.85|39%|73%|0.2
bd21a1e3d41c97ee|Ronny Markes|17|5|0|"6' 1"""|185 lbs.|"75"""|Orthodox|Apr 21, 1988|2.17|53%|2.43|45%|3.13|40%|100%|0.5
72e5e5a6edfa8223|Marcos Mariano|6|6|0|"6' 1"""|155 lbs.|"76"""|Switch|Oct 12, 1986|0.25|27%|2.11|43%|0.00|0%|28%|0.0
23a6e307077c6ccc|Enrique Marin|10|4|0|"5' 10"""|170 lbs.|No Stat|No Stat|Sep 02, 1986|1.43|33%|3.00|50%|2.50|38%|60%|1.0
850266b3dc4e506e|Daniel Marcos|17|1|0|"5' 7"""|135 lbs.|"69"""|Orthodox|Mar 07, 1993|5.11|53%|3.88|61%|0.99|46%|84%|0.0
b35ba64b6a2bbcb3|Jose Maria|37|7|0|"5' 5"""|125 lbs.|No Stat|Orthodox|Jan 04, 1982|3.20|53%|3.98|52%|2.32|27%|33%|2.3
ff4c3ab594c7fac3|Cristiano Marcello|13|6|0|"5' 9"""|155 lbs.|"72"""|Orthodox|Dec 03, 1977|2.56|33%|3.61|58%|0.44|11%|20%|0.9
edbc609a3b0d2aba|Lisa Kyriacou|7|2|0|"5' 5"""|125 lbs.|"64"""|Orthodox|Nov 17, 1993|4.67|41%|4.40|47%|0.00|0%|33%|0.0
530af2900b5a1693|Dominic Mar Fan|7|2|0|"5' 11"""|155 lbs.|"75"""|Orthodox|Mar 19, 2000|2.60|55%|2.67|28%|2.00|40%|0%|1.0
1e1dbd1cc5a7469e|Jimi Manuwa|17|6|0|"6' 1"""|205 lbs.|"79"""|Orthodox|Feb 18, 1980|3.43|54%|3.97|49%|0.53|18%|70%|0.4
56b8b24f65f9f057|Mike Kyle|22|14|1|"6' 4"""|205 lbs.|"77"""|Orthodox|Mar 31, 1980|3.93|51%|3.35|49%|1.33|62%|50%|0.8
849d15ed7e3a0e97|Jarrod Kwitty|2|2|0|"5' 8"""|185 lbs.|No Stat|No Stat|No Stat|0.53|50%|4.40|32%|8.00|50%|0%|2.0
2545c7f47a65bca3|Kaleo Kwan|11|16|0|"5' 7"""|155 lbs.|No Stat|No Stat|Aug 01, 1970|0.00|0%|0.00|0%|0.00|0%|0%|0.0
843dd76c50cae0f6|Lina Kvokov|0|3|0|"5' 9"""|135 lbs.|No Stat|Orthodox|No Stat|2.31|30%|12.12|19%|0.00|0%|0%|0.0
aeb2bcd4371f40d5|Vadym Kutsyi|17|2|0|"6' 0"""|170 lbs.|"71"""|Orthodox|Jul 18, 1991|5.53|48%|4.94|55%|3.53|40%|0%|0.0
b490def93478ae29|Kyle Kurtz|7|5|0|No Stat|170 lbs.|No Stat|No Stat|No Stat|1.31|36%|2.95|52%|1.23|20%|0%|2.5
4c78fc005a53831d|Eldari Kurtanidze|0|1|0|"5' 6"""|235 lbs.|No Stat|Orthodox|Apr 16, 1972|0.47|20%|3.72|60%|0.00|0%|0%|0.0
032b65d5fff611b2|Tsuyoshi Kurihara|10|8|2|"5' 10"""|185 lbs.|No Stat|Orthodox|Jul 13, 1973|0.00|0%|12.00|50%|0.00|0%|0%|0.0
7772b283d288dbe2|Guram Kutateladze|13|5|0|"5' 11"""|155 lbs.|"72"""|Orthodox|Jan 08, 1992|3.53|45%|4.22|54%|0.61|15%|75%|0.0
780a2897055e3ee3|Korey Kuppe|8|4|0|"6' 5"""|170 lbs.|"77"""|Switch|Jan 23, 1989|0.73|73%|1.33|31%|0.00|0%|69%|1.0
6905d45bd71b50a9|Leo Kuntz|18|4|1|"5' 10"""|155 lbs.|No Stat|Orthodox|Oct 03, 1983|1.68|32%|3.80|45%|1.99|25%|33%|0.7
2694c4997a51ed01|Jon Kunneman|10|0|0|No Stat|185 lbs.|No Stat|No Stat|Jul 14, 1999|0.00|0%|0.00|0%|0.00|0%|0%|0.0
71df36d6d8cf0d74|Kiichi Kunimoto|18|7|2|"5' 10"""|170 lbs.|"71"""|Orthodox|May 01, 1981|1.87|44%|3.92|41%|1.59|20%|28%|0.3
782a2a17d3e38fdf|Keigo Kunihara|3|2|0|"6' 0"""|235 lbs.|No Stat|Orthodox|No Stat|0.17|10%|1.99|57%|4.97|40%|100%|2.5
c61f66d8c3fd5f07|Tony Petarra|2|3|1|"5' 11"""|196 lbs.|No Stat|Orthodox|No Stat|0.00|0%|0.00|0%|0.00|0%|0%|0.0
b6a73e6f11a8835c|Ramazan Kuramagomedov|8|0|0|"6' 1"""|170 lbs.|"73"""|Orthodox|Aug 23, 1996|11.67|67%|9.13|54%|1.00|14%|0%|0.0
f3743d8ef5dde970|Leiticia Pestova|0|2|0|"5' 6"""|135 lbs.|No Stat|Orthodox|Jan 15, 1984|0.00|0%|24.62|44%|0.00|0%|0%|0.0
739fd4fbb5d862f4|Rizvan Kuniev|12|3|1|"6' 4"""|240 lbs.|"76"""|Orthodox|Mar 10, 1992|4.45|58%|2.45|45%|1.45|75%|90%|0.0
202b0467521c9d6f|Viktor Pesta|10|4|0|"6' 3"""|240 lbs.|"77"""|Orthodox|Jul 15, 1990|1.58|36%|2.54|56%|3.29|28%|100%|0.0
41f90012b86a11bf|Raphael Pessoa|10|2|0|"6' 3"""|262 lbs.|"78"""|Orthodox|Mar 09, 1989|2.16|26%|3.43|42%|0.00|0%|100%|0.0
f2b6fdb20675b11c|Mike Perry|14|8|0|"5' 10"""|170 lbs.|"71"""|Orthodox|Sep 15, 1991|4.32|47%|5.16|52%|0.81|40%|78%|0.2
d0fd0d9ee560dae7|Brando Pericic|4|1|0|No Stat|265 lbs.|No Stat|No Stat|Aug 03, 1994|0.00|0%|0.00|0%|0.00|0%|0%|0.0
575360be653ad6a6|Hernani Perpetuo|18|5|0|"6' 0"""|170 lbs.|No Stat|Orthodox|May 24, 1985|2.73|29%|4.37|55%|0.00|0%|37%|0.5
01fed6f61ebea01f|Jay Perrin|10|7|0|"5' 7"""|135 lbs.|"67"""|Switch|Jun 15, 1993|3.71|46%|3.90|44%|2.83|52%|58%|0.0
c1a5d3843596df92|Thiago Perpetuo|9|4|1|"5' 10"""|170 lbs.|No Stat|Orthodox|Dec 14, 1987|5.39|69%|3.51|51%|2.82|50%|66%|0.0
4b4753d19489297f|Anthony Perosh|15|10|0|"6' 3"""|205 lbs.|"75"""|Orthodox|Oct 05, 1972|2.27|43%|3.77|53%|2.03|22%|33%|1.1
8d3b4a630b1bf1e6|Rafael Pergentino|5|0|0|No Stat|265 lbs.|No Stat|No Stat|No Stat|0.00|0%|0.00|0%|0.00|0%|0%|0.0
06e4245d16fc5315|Ailin Perez|12|2|0|"5' 5"""|135 lbs.|"66"""|Switch|Oct 05, 1994|3.10|54%|1.79|55%|4.68|46%|66%|0.2
d84033157714ee94|Cristian Perez|13|1|0|No Stat|155 lbs.|No Stat|No Stat|Aug 17, 1999|0.00|0%|0.00|0%|0.00|0%|0%|0.0
ab2b4ff41d6ebe0f|Alex Perez|25|9|0|"5' 6"""|125 lbs.|"65"""|Orthodox|Mar 21, 1992|4.19|46%|3.20|58%|2.04|46%|77%|0.8
89578ae236ee04e9|Jose Perez|1|0|0|No Stat|No Stat|No Stat|No Stat|No Stat|0.00|0%|0.00|0%|0.00|0%|0%|0.0
2ac4628c08ec5125|Markus Perez|12|5|0|"6' 1"""|185 lbs.|"73"""|Orthodox|Jun 22, 1988|2.60|47%|3.72|52%|0.81|25%|77%|1.0
80daefbed11ce998|Alejandro Perez|23|9|1|"5' 6"""|135 lbs.|"67"""|Orthodox|Sep 02, 1989|3.45|35%|3.18|61%|0.54|22%|70%|0.3
96c336b463e0662c|Frankie Perez|10|4|0|"5' 11"""|155 lbs.|"73"""|Orthodox|May 11, 1989|1.64|41%|2.17|54%|1.75|41%|50%|0.3
07f72a2a7591b409|Jon Jones|28|1|0|"6' 4"""|248 lbs.|"84"""|Orthodox|Jul 19, 1987|4.38|58%|2.24|64%|1.89|45%|95%|0.5
eee8efec7b951d84|Philip Perez|7|5|1|"5' 5"""|155 lbs.|No Stat|Southpaw|No Stat|1.36|100%|0.68|66%|10.23|100%|0%|10.2
af62f99eb7606308|Erik Perez|17|6|0|"5' 8"""|135 lbs.|"68"""|Orthodox|Nov 19, 1989|3.16|40%|2.09|66%|3.16|55%|69%|0.2
f341f9551ba744e2|Paul Jones|11|1|1|"5' 9"""|199 lbs.|No Stat|Orthodox|Jun 16, 1963|0.00|0%|0.00|0%|0.00|0%|0%|0.0
a6aa3157e1a1d104|Nikola Joksovic|17|0|0|No Stat|170 lbs.|No Stat|No Stat|Sep 11, 1994|0.00|0%|0.00|0%|0.00|0%|0%|0.0
eeabcd4dc6619129|Daniel Jolly|5|3|0|"6' 1"""|205 lbs.|"75"""|Orthodox|Sep 03, 1984|1.32|46%|3.39|44%|2.83|33%|50%|0.0
eebc23626e38f5dc|Liana Jojua|8|5|0|"5' 4"""|125 lbs.|"62"""|Orthodox|Mar 22, 1995|2.42|30%|5.32|54%|1.71|66%|50%|1.3
1c3f5e85b59ec710|Brian Johnston|5|5|0|"6' 3"""|230 lbs.|No Stat|Orthodox|No Stat|0.00|0%|0.00|0%|0.00|0%|0%|0.0
6ce9a012e4c6020c|Chad Johnson|6|2|0|"6' 2"""|230 lbs.|"80"""|Orthodox|Jul 22, 1986|5.92|68%|7.80|40%|0.00|0%|0%|0.0
814e5233e2acf2ee|Charles Johnson|17|7|0|"5' 9"""|125 lbs.|"70"""|Switch|Jan 10, 1991|4.74|49%|3.62|57%|0.50|20%|67%|0.4
84f727cf0166d6f2|Jose Johnson|16|10|0|"6' 0"""|125 lbs.|"71"""|Orthodox|May 20, 1995|2.27|57%|1.61|53%|0.69|60%|41%|0.7
552b09cbf13b6328|Taylor Johnson|5|1|0|"6' 0"""|185 lbs.|"74"""|Switch|Nov 09, 1990|5.09|60%|1.13|33%|8.49|100%|100%|0.0
a45bab49951a45cd|Tony Johnson|11|3|0|"6' 1"""|265 lbs.|No Stat|No Stat|No Stat|2.00|53%|4.73|31%|2.00|22%|0%|0.0
99bcdf5eac39898f|Jordan Johnson|10|0|0|"6' 2"""|205 lbs.|"79"""|Orthodox|Nov 18, 1988|3.45|47%|2.64|53%|3.25|42%|100%|1.2
cc900af167fbedfd|Timothy Johnson|12|4|0|"6' 3"""|265 lbs.|"77"""|Southpaw|Mar 13, 1985|3.43|45%|3.08|44%|1.09|24%|69%|0.0
36207c58e854cae5|Dashon Johnson|9|2|0|"5' 7"""|145 lbs.|No Stat|Orthodox|Jan 25, 1988|1.01|69%|3.83|35%|0.85|33%|63%|0.8
bf97ad31eae89429|Deshaun Johnson|6|9|0|No Stat|167 lbs.|No Stat|No Stat|No Stat|2.27|41%|6.67|43%|0.00|0%|0%|0.0
633a45d131192ffe|Kajan Johnson|23|13|1|"5' 11"""|155 lbs.|"75"""|Orthodox|Apr 21, 1984|2.47|42%|1.59|64%|1.54|37%|62%|0.2
8a304bfd6bf04a57|Demetrious Johnson|27|3|1|"5' 3"""|125 lbs.|"66"""|Orthodox|Aug 13, 1986|3.43|54%|1.66|67%|3.35|56%|65%|0.5
fa2fca260beeb9c0|Ricky Johnson|10|6|0|"5' 8"""|145 lbs.|No Stat|Orthodox|No Stat|1.83|25%|6.30|36%|0.00|0%|0%|0.0
e6c5908910cc26e4|Lavar Johnson|18|10|0|"6' 4"""|240 lbs.|"82"""|Orthodox|Jun 11, 1977|5.39|55%|2.54|55%|0.61|66%|54%|0.6
3641a0d117e9bc6c|Tony Johnson|7|2|0|"6' 2"""|205 lbs.|"76"""|Orthodox|May 02, 1983|4.00|92%|3.67|22%|0.00|0%|90%|0.0
511e82663651438d|Michael Johnson|25|19|0|"5' 10"""|155 lbs.|"73"""|Southpaw|Jun 04, 1986|4.28|39%|3.79|58%|0.58|38%|81%|0.0
22f4b6cb6b1bd7fd|Devin Johnson|1|1|1|No Stat|No Stat|No Stat|No Stat|No Stat|0.00|0%|0.00|0%|0.00|0%|0%|0.0
322a56923b396b4d|DaMarques Johnson|15|15|0|"6' 1"""|170 lbs.|"75"""|Orthodox|Jun 28, 1982|2.11|37%|3.75|51%|1.18|55%|19%|0.7
443835675e8fc6ca|Travis Johnson|0|1|0|No Stat|205 lbs.|No Stat|No Stat|No Stat|0.00|0%|0.00|0%|0.00|0%|0%|0.0
365fee2da473b177|Anthony Johnson|22|6|0|"6' 2"""|205 lbs.|"78"""|Orthodox|Mar 06, 1984|3.25|47%|1.83|60%|2.43|57%|77%|0.6
46e0d677f91bacc0|Miles Johns|15|3|0|"5' 7"""|135 lbs.|"66"""|Orthodox|Mar 30, 1994|3.16|44%|2.65|67%|0.92|20%|81%|0.0
a8fa0c4e95512806|Phil Johns|30|14|1|"5' 2"""|170 lbs.|No Stat|Southpaw|Oct 22, 1968|1.20|66%|1.80|50%|0.00|0%|50%|0.0
ec52462a1b41f714|Brett Johns|17|2|0|"5' 7"""|135 lbs.|"71"""|Orthodox|Feb 21, 1992|2.86|49%|3.84|53%|4.92|49%|58%|1.0
a23e63184c65f5b8|Chris Manuel|9|7|2|"5' 9"""|135 lbs.|No Stat|Orthodox|Jul 21, 1987|2.53|40%|2.67|66%|1.00|20%|100%|0.0
e192ebb85b68fa9e|Dylan Mantello|8|4|0|"6' 1"""|155 lbs.|"73"""|Orthodox|Nov 19, 1992|4.69|62%|4.76|55%|0.00|0%|76%|0.0
2a4200ead401a9ce|Carls John De Tomas|6|2|0|"5' 5"""|125 lbs.|"71"""|Southpaw|Aug 28, 1996|1.74|37%|3.93|44%|1.37|33%|66%|0.0
b6203e0492a9336c|Marnic Mann|6|3|0|"5' 0"""|115 lbs.|"64"""|Southpaw|Mar 05, 1993|1.47|41%|5.08|31%|1.90|33%|25%|0.4
0eef1bf99afd4ff2|Steve Mann|12|5|0|"6' 1"""|170 lbs.|No Stat|No Stat|No Stat|3.18|70%|0.66|57%|1.64|100%|60%|0.0
a0602dd050bebefc|Jon Manley|9|4|0|"6' 1"""|170 lbs.|No Stat|Orthodox|Jul 07, 1986|1.13|20%|4.33|45%|1.00|7%|20%|0.0
b6c6d1731ff00eeb|Melchor Manibusan|2|4|0|"5' 5"""|154 lbs.|No Stat|Southpaw|Dec 27, 1976|1.58|54%|5.79|15%|0.00|0%|0%|0.0
1c0ffc63d8ec8f45|Gary Mangat|15|3|0|"5' 7"""|135 lbs.|No Stat|No Stat|No Stat|0.00|0%|0.00|0%|0.00|0%|0%|0.0
122ae3b34275fbb2|George Mangos|7|0|0|No Stat|145 lbs.|No Stat|No Stat|Aug 19, 2003|0.00|0%|0.00|0%|0.00|0%|0%|0.0
9297ce6eee046f7a|Michael Mangan|0|3|0|No Stat|155 lbs.|No Stat|No Stat|No Stat|1.94|33%|4.52|46%|19.35|50%|100%|0.0
e5767ed355a937c2|Melvin Manhoef|30|14|1|"5' 9"""|185 lbs.|No Stat|Orthodox|May 11, 1976|3.52|48%|2.64|51%|0.33|25%|78%|0.0
6e9f40c706f91f32|Nate Maness|16|3|0|"5' 10"""|125 lbs.|"72"""|Orthodox|Jun 27, 1991|3.14|50%|3.88|42%|0.68|75%|80%|0.7
dd6103dd7127db1d|Mike Malott|12|2|1|"6' 1"""|170 lbs.|"73"""|Orthodox|Nov 07, 1991|4.09|47%|2.96|54%|2.08|56%|16%|0.7
725a834930c2b5bf|Troy Mandaloniz|3|2|0|"5' 9"""|170 lbs.|No Stat|Orthodox|Feb 01, 1980|3.52|56%|4.71|63%|3.10|66%|57%|0.0
eefc73b53d4a05d7|Dan Manasoiu|0|0|0|No Stat|No Stat|No Stat|No Stat|No Stat|0.00|0%|0.00|0%|0.00|0%|0%|0.0
9f5609dba6584ab2|Regina Malpica Rivera|5|0|0|No Stat|135 lbs.|No Stat|No Stat|Oct 19, 2004|0.00|0%|0.00|0%|0.00|0%|0%|0.0
a314687f372b2cec|Carl Malenko|6|4|0|"5' 11"""|200 lbs.|No Stat|Orthodox|No Stat|0.00|0%|0.00|0%|0.00|0%|0%|0.0
d4270315cbcf2569|Jacob Malkoun|8|3|0|"5' 9"""|185 lbs.|"73"""|Orthodox|Aug 26, 1995|3.86|56%|2.48|52%|6.62|42%|20%|0.4
d38e8c6ae2dfc051|Nazareno Malegarie|28|4|0|"5' 8"""|155 lbs.|No Stat|No Stat|May 16, 1986|3.87|34%|3.27|69%|1.00|33%|0%|0.0
b60c980f79b87ce8|Bea Malecki|4|1|0|"5' 9"""|135 lbs.|"74"""|Orthodox|Aug 23, 1991|6.84|46%|6.96|62%|0.00|0%|78%|1.1
110404b505fb562c|Jeremy Malaterre|4|2|0|"5' 11"""|155 lbs.|No Stat|No Stat|No Stat|0.00|0%|0.00|0%|0.00|0%|0%|0.0
7f1bf0c255ec8756|Azat Maksum|15|2|0|"5' 7"""|125 lbs.|"70"""|Southpaw|Feb 02, 1995|3.24|28%|5.00|52%|2.33|28%|85%|0.3
1fb80f46d3c105d9|Fabio Maldonado|23|11|0|"6' 1"""|205 lbs.|"75"""|Orthodox|Mar 17, 1980|5.29|58%|4.31|53%|0.44|57%|61%|0.6
57ab4d7c0bc09a30|Zach Makovsky|20|8|0|"5' 4"""|125 lbs.|"64"""|Southpaw|Apr 19, 1983|1.94|43%|2.24|62%|3.71|30%|56%|0.3
3d481aa374c954a1|Aliev Makhmud|0|1|0|"5' 6"""|195 lbs.|No Stat|Southpaw|Feb 13, 1970|1.12|30%|2.24|36%|2.10|50%|0%|0.0
b301292b1bc92bdb|Roshan Mainam|6|3|0|No Stat|135 lbs.|No Stat|No Stat|No Stat|0.00|0%|0.00|0%|0.00|0%|0%|0.0
c21a036b4e012f1c|John Makdessi|18|9|0|"5' 8"""|155 lbs.|"68"""|Orthodox|May 03, 1985|5.52|49%|4.15|68%|0.00|0%|86%|0.0
e5ce754b01f922be|Marvin Maldonado|2|4|0|"5' 6"""|135 lbs.|No Stat|No Stat|No Stat|0.87|56%|3.47|43%|0.00|0%|20%|0.0
e2ccd9a9ace60de7|Aleksei Kunchenko|20|2|0|"5' 8"""|170 lbs.|"70"""|Orthodox|May 02, 1984|3.67|44%|2.83|63%|0.25|33%|80%|0.0
4e77d070239699e2|Maiju Kujala|6|3|0|No Stat|135 lbs.|No Stat|No Stat|No Stat|2.50|40%|5.50|36%|0.00|0%|50%|0.0
938ad489fb7a1f31|Levan Makashvili|15|2|1|"5' 8"""|145 lbs.|"68"""|Orthodox|Jan 07, 1989|2.87|54%|2.07|61%|3.67|42%|85%|0.0
a0a625221e0dd339|Sumit Kumar|8|1|0|"5' 5"""|125 lbs.|"66"""|Orthodox|Sep 09, 2000|2.80|24%|4.67|46%|6.00|30%|60%|0.0
275aca31f61ba28c|Islam Makhachev|27|1|0|"5' 10"""|155 lbs.|"70"""|Southpaw|Oct 27, 1991|2.63|58%|1.55|61%|3.20|53%|90%|1.1
706f8e2b34e8e18b|Anton Kuivanen|24|10|0|"5' 8"""|155 lbs.|"72"""|Orthodox|May 01, 1984|2.27|38%|1.63|67%|1.20|100%|71%|0.4
b7f38813485745da|Michael Kuiper|15|5|0|"6' 0"""|185 lbs.|"73"""|Orthodox|Jun 07, 1989|3.28|54%|3.62|54%|2.30|55%|79%|0.0
a272656ad662ac53|John Kuhner|1|2|0|No Stat|170 lbs.|No Stat|No Stat|Oct 12, 1982|0.00|0%|0.00|0%|0.00|0%|0%|0.0
ab16537dd1e5e81d|Mariusz Ksiazkiewicz|8|1|0|"6' 3"""|185 lbs.|"75"""|Southpaw|Oct 04, 1989|0.93|45%|3.40|39%|4.00|100%|0%|2.0
487c170da059857d|Junya Kudo|10|7|2|No Stat|135 lbs.|No Stat|Orthodox|No Stat|1.85|71%|4.44|33%|0.00|0%|0%|0.0
6071d786f6187810|Jorgen Kruth|5|0|0|"6' 2"""|205 lbs.|No Stat|No Stat|May 08, 1974|0.00|0%|0.00|0%|0.00|0%|0%|0.0
1091d4d957141094|Nikita Krylov|30|11|0|"6' 3"""|205 lbs.|"77"""|Orthodox|Mar 07, 1992|4.31|54%|2.58|44%|2.17|38%|53%|1.4
ca36633b80be4a78|Kaynan Kruschewsky|15|3|0|"6' 0"""|155 lbs.|"73"""|Orthodox|Apr 04, 1991|5.67|50%|5.71|46%|2.74|100%|75%|2.1
a01e84abefd85ec0|Pascal Krauss|11|2|0|"6' 1"""|170 lbs.|No Stat|Orthodox|Apr 19, 1987|5.45|47%|3.88|59%|1.53|50%|60%|0.9
db05271715bb4874|Rene Kronvold|5|1|0|"5' 8"""|170 lbs.|No Stat|Orthodox|No Stat|0.82|100%|2.47|60%|0.00|0%|66%|4.1
714e1e0681ddb703|Derrick Krantz|22|12|0|"5' 10"""|170 lbs.|"72"""|Orthodox|Jan 13, 1988|2.07|37%|4.03|50%|3.18|50%|0%|0.8
fc36e2352dccf2a4|Steve Kozola|8|0|0|No Stat|155 lbs.|No Stat|No Stat|No Stat|3.90|39%|4.36|50%|2.34|100%|100%|0.0
8f6a18831a120817|James Krause|28|9|0|"6' 2"""|170 lbs.|"73"""|Orthodox|Jun 04, 1986|4.79|49%|4.11|61%|0.96|18%|59%|0.9
d7c3816669784109|Karolina Kowalkiewicz|16|9|0|"5' 3"""|115 lbs.|"64"""|Orthodox|Oct 15, 1985|5.54|43%|5.51|57%|0.31|22%|74%|0.2
ad0e42800a0d8977|Marcus Kowal|3|1|1|No Stat|135 lbs.|No Stat|No Stat|No Stat|0.00|0%|0.00|0%|0.00|0%|0%|0.0
8fbcd82bf7f352bf|Matt Kovacs|12|16|0|"6' 0"""|244 lbs.|No Stat|Orthodox|No Stat|1.47|22%|4.87|44%|1.00|25%|0%|0.0
c6becb722706c7d8|Iouri Kotchkine|7|4|1|"6' 2"""|235 lbs.|No Stat|Orthodox|No Stat|0.67|38%|4.92|15%|0.00|0%|25%|0.0
81d2c551886bd5a1|Alice Pereira|6|0|0|No Stat|135 lbs.|No Stat|No Stat|Dec 20, 2005|0.00|0%|0.00|0%|0.00|0%|0%|0.0
a68d57ae177a5815|Ilya Kotau|1|2|0|No Stat|170 lbs.|No Stat|No Stat|No Stat|3.94|40%|4.38|44%|6.57|100%|100%|6.6
bc8f6b42767e28df|Naoyuki Kotani|34|14|7|"5' 8"""|155 lbs.|"66"""|Southpaw|Dec 08, 1981|1.02|31%|2.89|50%|0.83|16%|46%|0.8
84512339473dd300|Steven Koslow|6|1|0|"5' 7"""|125 lbs.|"69"""|Switch|Jan 22, 1997|0.77|37%|3.73|40%|5.28|55%|0%|1.1
d7ee49bf3c779fa6|Luciano Pereira|13|1|0|No Stat|125 lbs.|No Stat|Orthodox|Jan 09, 2001|0.00|0%|0.00|0%|0.00|0%|0%|0.0
595db60957de51d3|Michel Pereira|31|13|0|"6' 1"""|185 lbs.|"73"""|Orthodox|Oct 06, 1993|4.50|52%|4.33|51%|1.14|52%|76%|0.7
44f46b0592ca0814|Daniel Pereira|9|2|0|"5' 10"""|185 lbs.|No Stat|No Stat|Dec 13, 1990|0.00|0%|0.00|0%|0.00|0%|0%|0.0
e5549c82bfb5582d|Alex Pereira|12|3|0|"6' 4"""|205 lbs.|"79"""|Orthodox|Jul 07, 1987|5.00|62%|3.50|53%|0.11|50%|78%|0.2
d50382dc0565a9e1|Viviane Pereira|13|2|0|"5' 1"""|115 lbs.|"63"""|Orthodox|Aug 28, 1993|2.70|30%|4.48|58%|0.25|100%|28%|0.2
960d6cae8879ba2b|Robert Peralta|18|8|0|"5' 8"""|145 lbs.|"71"""|Orthodox|Mar 14, 1986|3.76|44%|2.97|53%|0.59|66%|65%|0.0
fa37628269132d1a|Godofredo Pepey|13|6|0|"5' 7"""|145 lbs.|"73"""|Orthodox|Jul 02, 1987|2.32|38%|3.23|47%|0.37|7%|35%|1.5
9a70f67ad2187fa3|Ray Perales|13|22|0|"5' 10"""|170 lbs.|No Stat|Orthodox|No Stat|0.18|25%|2.39|32%|0.00|0%|33%|0.0
0699c4b2a7c3c76f|Justin Pennington|3|3|0|"5' 4"""|No Stat|No Stat|No Stat|No Stat|0.00|0%|0.00|0%|0.00|0%|0%|0.0
a2ac473d74eb157c|Jerron Peoples|4|3|0|"6' 0"""|170 lbs.|No Stat|No Stat|May 04, 1982|0.00|0%|0.00|0%|0.00|0%|0%|0.0
31ef8b67e13495b3|Tecia Pennington|15|7|0|"5' 1"""|115 lbs.|"60"""|Orthodox|Aug 16, 1989|4.78|48%|3.48|61%|0.54|13%|62%|0.1
fc169c387b4b465d|Raquel Pennington|16|10|0|"5' 7"""|135 lbs.|"67"""|Orthodox|Sep 05, 1988|4.10|49%|3.32|61%|0.83|27%|62%|0.6
879b8df81523d91b|Nick Penner|11|3|0|"6' 4"""|205 lbs.|No Stat|Southpaw|Mar 26, 1980|1.25|30%|4.60|38%|0.00|0%|40%|0.0
c742287ed86a09bc|Jessica Penne|14|9|0|"5' 5"""|115 lbs.|"67"""|Orthodox|Jan 30, 1983|2.63|33%|5.05|45%|1.29|18%|36%|0.5
99c7610aa74995d3|Cathal Pendred|17|4|1|"6' 1"""|170 lbs.|"75"""|Orthodox|Sep 02, 1987|2.49|44%|3.01|55%|2.46|23%|83%|0.4
34b634cb2471bdde|Drew Pendleton|5|0|0|No Stat|145 lbs.|No Stat|No Stat|Dec 08, 1983|0.00|0%|0.00|0%|0.00|0%|0%|0.0
abd64006fd37298d|Matej Penaz|6|1|0|"6' 3"""|185 lbs.|"83"""|Southpaw|Oct 14, 1996|1.28|33%|2.55|33%|0.00|0%|0%|0.0
73c7cfa551289285|BJ Penn|16|14|2|"5' 9"""|155 lbs.|"70"""|Orthodox|Dec 13, 1978|2.76|48%|3.20|56%|1.19|55%|74%|0.5
2844b047183a1adb|Luis Pena|9|3|0|"6' 3"""|155 lbs.|"75"""|Southpaw|Jul 05, 1993|3.66|46%|3.12|51%|1.17|33%|48%|1.2
566ff9546fc29acd|Felipe Pena|0|0|0|No Stat|No Stat|No Stat|No Stat|Oct 19, 1991|0.00|0%|0.00|0%|0.00|0%|0%|0.0
e670f8cc2969a789|Sherman Pendergarst|11|18|0|"6' 1"""|235 lbs.|No Stat|Orthodox|Aug 01, 1967|1.23|36%|3.08|16%|4.62|100%|0%|0.0
bfe95ec546692b13|Yan Pellerin|11|13|0|"5' 11"""|205 lbs.|No Stat|Orthodox|No Stat|0.59|25%|0.89|66%|4.43|100%|0%|0.0
3253b16d38ae087d|Julianna Pena|13|6|0|"5' 6"""|135 lbs.|"69"""|Orthodox|Aug 19, 1989|3.10|44%|2.56|57%|1.70|54%|24%|0.8
aa1952ec0b3dd8e1|Kurt Pellegrino|16|7|0|"5' 8"""|155 lbs.|"70"""|Orthodox|May 07, 1979|2.45|43%|1.94|63%|2.90|54%|69%|0.8
38ed5a2299230227|Filip Pejic|12|2|2|"5' 8"""|135 lbs.|No Stat|Orthodox|Jul 21, 1992|0.00|0%|0.88|33%|0.00|0%|0%|0.0
6e0e977beb909837|Sung Bin Jo|9|1|0|"6' 0"""|145 lbs.|"72"""|Orthodox|Jul 17, 1992|1.40|33%|2.67|51%|1.00|33%|83%|1.0
c14a683dac2ebc4c|Jiniushiyue|13|4|0|"5' 6"""|125 lbs.|"68"""|Southpaw|Dec 09, 2000|3.00|41%|2.71|50%|0.79|28%|75%|0.0
4eccb78d628b2238|Jinensibieke Asikeerbai|36|11|0|"5' 6"""|155 lbs.|"69"""|Orthodox|Jul 10, 1988|2.00|50%|10.00|0%|0.00|0%|0%|0.0
bc3ec52ef70fc155|Ryan Jimmo|19|5|0|"6' 1"""|205 lbs.|"73"""|Orthodox|Nov 27, 1981|3.12|66%|2.77|46%|0.45|28%|87%|0.0
a5c53b3ddb31cc7d|Art Jimmerson|0|1|0|"6' 1"""|196 lbs.|No Stat|Orthodox|Aug 04, 1963|0.00|0%|0.00|0%|0.00|0%|0%|0.0
1c02b964466c10e4|Ramiro Jimenez|10|0|0|No Stat|145 lbs.|No Stat|No Stat|Jan 16, 1999|0.00|0%|0.00|0%|0.00|0%|0%|0.0
b9e871af730f826c|Ronald Jhun|24|26|2|"5' 11"""|170 lbs.|No Stat|Orthodox|Sep 21, 1970|1.45|57%|3.01|50%|1.81|100%|100%|0.0
6b5b9be990774f0e|Maciej Jewtuszko|12|3|0|"6' 0"""|155 lbs.|No Stat|Southpaw|Jan 31, 1981|2.29|45%|1.39|66%|0.00|0%|42%|0.9
24174a3f44ce8e03|Chan-Mi Jeon|5|2|0|"5' 5"""|115 lbs.|No Stat|Orthodox|Aug 28, 1997|6.23|31%|7.77|55%|0.00|0%|0%|0.0
8677e67a75d65b8e|Baergeng Jieleyisi|18|7|0|"5' 9"""|145 lbs.|"71"""|Orthodox|Nov 24, 1995|1.61|35%|2.62|52%|1.73|38%|78%|0.2
59d36ddfcb27b7dc|Gilbert Jimenez|8|12|1|No Stat|155 lbs.|No Stat|No Stat|No Stat|0.00|0%|0.00|0%|0.00|0%|0%|0.0
aec273fcb765330d|Kyle Jensen|4|11|2|"5' 9"""|170 lbs.|No Stat|Orthodox|Jul 20, 1979|0.00|0%|0.92|60%|6.92|100%|0%|6.9
ad047e3073a775f3|Steve Jennum|2|3|0|"5' 10"""|215 lbs.|No Stat|Orthodox|No Stat|0.00|0%|0.00|0%|0.00|0%|0%|0.0
aae99701b21554e4|Ryan Jensen|21|8|0|"6' 1"""|185 lbs.|"76"""|Orthodox|Sep 20, 1977|2.84|39%|2.99|59%|1.55|50%|31%|1.9
dae85a6a83f53215|Adrienna Jenkins|19|6|0|"5' 8"""|145 lbs.|No Stat|No Stat|Jul 22, 1981|0.00|0%|0.00|0%|0.00|0%|0%|0.0
6a8928652fc01bee|Brandon Jenkins|15|9|0|"6' 0"""|155 lbs.|"71"""|Switch|Sep 30, 1991|2.93|41%|8.05|33%|0.00|0%|27%|0.0
a9da3158dd2c2b5a|Jack Jenkins|13|4|0|"5' 7"""|145 lbs.|"68"""|Switch|Nov 03, 1993|4.50|61%|2.97|58%|1.78|64%|67%|0.0
5e841bb3752b6e86|Bubba Jenkins|11|4|0|"5' 7"""|145 lbs.|No Stat|No Stat|Feb 05, 1988|2.41|37%|1.58|67%|7.23|68%|100%|0.0
02fc8f50f56eb307|Trent Jenkins|0|4|0|"6' 2"""|185 lbs.|No Stat|No Stat|No Stat|0.00|0%|0.00|0%|0.00|0%|0%|0.0
ccdcb20370be62a3|Aaron Jeffery|10|3|0|"6' 2"""|185 lbs.|"73"""|Orthodox|Nov 14, 1992|3.10|45%|4.46|34%|0.00|0%|50%|0.0
304a21d0595e1a08|Justin Jaynes|16|8|0|"5' 7"""|145 lbs.|"68"""|Orthodox|Aug 10, 1989|3.34|44%|5.33|62%|0.75|40%|20%|1.1
03b1b79b34eaf217|Nayara Maia|7|1|1|"5' 5"""|125 lbs.|"66"""|Orthodox|Jul 25, 1990|0.60|36%|3.33|43%|1.00|33%|0%|1.0
3d6749c4267da18f|Joanna Jedrzejczyk|16|5|0|"5' 6"""|115 lbs.|"65"""|Orthodox|Aug 18, 1987|6.28|48%|3.25|62%|0.27|62%|80%|0.1
7a9c1bb08a743d7f|Klayton Mai|8|3|0|"5' 9"""|125 lbs.|No Stat|No Stat|Nov 30, 1986|1.53|42%|1.02|63%|3.83|100%|0%|7.7
8e1f36476ef02a6a|Jennifer Maia|21|10|1|"5' 4"""|125 lbs.|"64"""|Orthodox|Oct 06, 1988|4.35|38%|4.52|55%|0.42|27%|58%|0.1
ae58685caf8e4a0d|Bill Mahood|20|7|1|"6' 3"""|200 lbs.|No Stat|Orthodox|Feb 01, 1967|1.54|85%|3.59|17%|0.00|0%|0%|3.9
8c1ca54b5089d199|Maheshate|10|4|0|"6' 0"""|155 lbs.|"71"""|Orthodox|Dec 01, 1999|3.86|29%|5.64|53%|0.00|0%|45%|0.0
118463dd8db16e7f|Michelle Maher|1|2|0|No Stat|145 lbs.|No Stat|No Stat|No Stat|0.00|0%|0.00|0%|0.00|0%|0%|0.0
1a7745388839e52b|John Maguire|24|9|0|"5' 9"""|155 lbs.|"69"""|Southpaw|May 19, 1983|1.41|41%|2.44|65%|2.80|46%|77%|1.1
fb0b6593cec84356|Lolohea Mahe|10|4|1|No Stat|No Stat|No Stat|No Stat|No Stat|1.71|29%|6.92|40%|2.44|40%|0%|0.0
87aa9fb63d6b51a1|Zabit Magomedsharipov|18|1|0|"6' 1"""|145 lbs.|"73"""|Orthodox|Mar 01, 1991|4.89|48%|3.00|64%|5.22|56%|77%|0.8
427b5953ac8e3a27|Demian Maia|28|11|0|"6' 1"""|170 lbs.|"72"""|Southpaw|Nov 06, 1977|1.80|43%|2.07|63%|2.49|24%|61%|1.0
36b8f265bcd1b7a4|Abus Magomedov|28|6|1|"6' 2"""|185 lbs.|"78"""|Orthodox|Sep 02, 1990|3.21|48%|3.68|56%|2.65|57%|100%|0.2
06734ca9d88dec3a|Shara Magomedov|16|1|0|"6' 2"""|185 lbs.|"73"""|Orthodox|May 16, 1994|5.93|62%|3.85|43%|0.00|0%|71%|0.0
7ea1f74cef32f906|Rashid Magomedov|20|2|0|"5' 9"""|155 lbs.|"70"""|Orthodox|Nov 29, 1984|4.40|49%|3.05|54%|0.67|57%|89%|0.2
369e1ce458ef50a6|Ruslan Magomedov|14|1|0|"6' 3"""|242 lbs.|"78"""|Orthodox|Nov 26, 1986|4.02|47%|1.47|66%|0.33|100%|88%|0.0
84b3e7d38f2d2ec5|Neil Magny|30|14|0|"6' 3"""|170 lbs.|"80"""|Orthodox|Aug 03, 1987|3.43|46%|2.48|51%|2.12|38%|53%|0.2
e7e970d508529bf3|Ibragim Magomedov|22|8|1|"6' 0"""|250 lbs.|No Stat|Orthodox|No Stat|0.26|4%|3.86|42%|0.00|0%|0%|0.0
bd878a638e0e3be3|Angela Magana|11|9|0|"5' 1"""|115 lbs.|"65"""|Orthodox|Aug 02, 1983|1.53|28%|4.92|42%|0.40|25%|28%|0.4
d16373b3568678d4|Raimond Magomedaliev|10|2|0|"6' 1"""|170 lbs.|"75"""|Orthodox|Jun 10, 1990|4.07|41%|4.75|41%|0.00|0%|0%|0.0
1b583c64c23f0c7f|Vinicius Magalhaes|2|1|0|No Stat|145 lbs.|No Stat|No Stat|Jul 30, 1971|0.00|0%|0.00|0%|0.00|0%|0%|0.0
7a613f78dd7ee8f8|Bernardo Magalhaes|13|4|0|"5' 9"""|155 lbs.|No Stat|Orthodox|Apr 08, 1981|1.80|27%|3.37|68%|0.00|0%|0%|0.5
0c5c66ddd1886b83|Caio Magalhaes|10|3|0|"6' 1"""|185 lbs.|"73"""|Orthodox|Dec 14, 1987|2.27|40%|2.78|56%|1.05|15%|58%|1.6
88a9bc81271ccd89|Vinny Magalhaes|14|9|0|"6' 3"""|205 lbs.|"75"""|Orthodox|Jul 02, 1984|2.14|24%|3.97|68%|1.55|44%|66%|0.8
aee885b8ca29ab4f|Andrey Koreshkov|19|2|0|"6' 0"""|170 lbs.|No Stat|No Stat|Aug 23, 1990|2.84|39%|1.92|63%|4.80|53%|0%|0.0
dd37fd509af89f15|Josh Koscheck|17|11|0|"5' 10"""|170 lbs.|"73"""|Orthodox|Nov 30, 1977|1.79|36%|2.27|63%|2.46|48%|64%|0.4
2015c944226ad2df|Brandon Magana|6|2|0|No Stat|170 lbs.|No Stat|Orthodox|No Stat|0.00|0%|0.00|0%|0.00|0%|0%|0.0
8db1b36dde268ef6|Eric Magana|1|1|0|No Stat|No Stat|No Stat|No Stat|No Stat|0.00|0%|0.00|0%|0.00|0%|0%|0.0
6c011be66326ad97|Bruno Korea|7|3|0|"5' 6"""|135 lbs.|"65"""|No Stat|Jun 28, 1991|2.12|34%|3.96|42%|0.00|0%|25%|0.0
1eacf73d6a0055dc|Cheick Kongo|27|10|2|"6' 4"""|240 lbs.|"82"""|Orthodox|May 17, 1975|3.33|56%|1.28|54%|2.30|56%|52%|0.2
5f6038bcdb95e3e4|John Kolosci|15|9|0|"5' 11"""|185 lbs.|No Stat|Orthodox|Nov 26, 1974|0.21|20%|0.85|50%|0.00|0%|0%|0.0
dd39f1ca787a3d9d|Andrei Kopylov|6|11|0|"6' 2"""|265 lbs.|No Stat|Orthodox|Jul 16, 1965|0.33|66%|4.31|40%|0.00|0%|0%|0.0
000774e57404d8c7|Chungreng Koren|7|1|0|No Stat|135 lbs.|No Stat|No Stat|Feb 01, 1998|0.00|0%|0.00|0%|0.00|0%|0%|0.0
3cc506f115cbb9d5|Mantas Kondratavicius|7|1|0|No Stat|185 lbs.|No Stat|No Stat|No Stat|0.00|0%|0.00|0%|0.00|0%|0%|0.0
a851c35f58199231|Syuri Kondo|6|3|0|"5' 4"""|115 lbs.|"66"""|Orthodox|Feb 08, 1989|5.40|44%|7.22|58%|0.00|0%|83%|0.3
9d83f6da776ff7d6|Roman Kopylov|14|4|0|"6' 0"""|185 lbs.|"75"""|Southpaw|May 04, 1991|4.74|50%|5.08|53%|1.02|42%|87%|0.0
33de378ce1734638|Kaloyan Kolev|10|1|0|"6' 2"""|205 lbs.|"73"""|Orthodox|Oct 17, 1992|1.12|45%|4.49|42%|10.11|60%|0%|0.0
1fe7adb23b3eedfb|Yuki Kondo|60|33|9|"5' 11"""|183 lbs.|No Stat|Southpaw|Jul 17, 1975|1.14|42%|2.57|51%|0.76|41%|37%|0.5
44c233770075cea1|Shingo Kohara|1|0|0|"5' 6"""|135 lbs.|No Stat|No Stat|No Stat|0.00|0%|0.00|0%|0.00|0%|0%|0.0
b76ed59283d3559c|Tsuyoshi Kohsaka|27|19|2|"5' 11"""|225 lbs.|No Stat|Orthodox|Mar 06, 1970|1.88|38%|4.41|54%|1.32|20%|33%|0.4
5717efc6f271cd52|Charlie Kohler|8|4|1|"5' 9"""|155 lbs.|No Stat|Orthodox|Jul 16, 1976|0.81|33%|4.31|46%|0.00|0%|0%|4.0
13c4313ed0f744f3|Brad Kohler|12|15|0|"5' 9"""|220 lbs.|No Stat|Orthodox|May 26, 1964|0.00|0%|0.00|0%|0.00|0%|0%|0.0
6d8ef8706781c49e|Sokun Koh|4|1|0|"6' 1"""|205 lbs.|No Stat|No Stat|No Stat|0.00|0%|0.00|0%|0.00|0%|0%|0.0
c398235fcaf8d71d|Kelly Kobold|19|3|1|"5' 6"""|135 lbs.|No Stat|Orthodox|Feb 25, 1983|2.33|21%|4.11|59%|1.67|11%|0%|0.0
99bd87a300079ed9|Erik Koch|16|6|0|"5' 10"""|170 lbs.|"71"""|Southpaw|Oct 04, 1988|2.33|42%|2.82|47%|1.02|42%|81%|1.0
a02652d063ef5baa|Isao Kobayashi|21|4|4|"5' 8"""|145 lbs.|No Stat|No Stat|Oct 28, 1988|1.01|33%|1.66|45%|2.17|100%|100%|0.0
4a07b1988477502c|Seokhyeon Ko|12|2|0|"5' 10"""|170 lbs.|"71"""|Southpaw|Sep 24, 1993|2.90|52%|2.00|59%|4.00|53%|75%|0.5
5da33b8fbfa5ee95|William Knight|11|5|0|"5' 10"""|205 lbs.|"73"""|Orthodox|Apr 03, 1988|2.62|56%|3.30|35%|1.78|40%|48%|0.4
971dba22c622af12|Josefine Knutsson|8|1|0|"5' 3"""|115 lbs.|"60"""|Orthodox|Jan 16, 1996|4.24|51%|2.13|54%|1.60|72%|35%|0.0
198994b47f395af0|Carlo Pedersoli Jr.|11|3|0|"5' 11"""|170 lbs.|"75"""|Southpaw|Jun 08, 1993|4.17|37%|4.12|61%|2.91|44%|0%|0.0
bba678d312590087|Andre Pederneiras|1|1|2|"5' 8"""|155 lbs.|No Stat|Orthodox|Mar 22, 1967|0.00|0%|0.00|0%|0.00|0%|0%|0.0
87c0b1c696ddfb43|Jonathan Pearce|14|7|0|"6' 0"""|145 lbs.|"71"""|Switch|May 01, 1992|5.12|54%|3.32|54%|5.02|50%|55%|0.8
122806b56775a53a|Joe Pearson|45|30|1|"5' 10"""|145 lbs.|No Stat|Orthodox|Mar 28, 1978|0.59|18%|3.51|33%|0.00|0%|0%|4.4
4f732e58ed907eff|Ross Pearson|20|16|0|"5' 8"""|155 lbs.|"69"""|Orthodox|Sep 26, 1984|3.68|40%|4.09|62%|0.74|35%|75%|0.0
2e04a3b4a2011b97|Roland Payne|0|1|0|"5' 9"""|205 lbs.|No Stat|Orthodox|No Stat|0.00|0%|0.00|0%|0.00|0%|0%|0.0
9310418684bc896f|Pawel Pawlak|12|3|0|"6' 0"""|170 lbs.|"73"""|Orthodox|Feb 08, 1989|1.67|33%|2.22|53%|1.00|37%|70%|0.0
d0a5ef38a7778ac2|Estevan Payan|16|12|0|"5' 10"""|145 lbs.|No Stat|Orthodox|Mar 14, 1982|4.25|42%|3.58|57%|0.36|100%|60%|0.4
748d4e35f846a029|Sarah Payant|1|4|0|"5' 4"""|115 lbs.|No Stat|No Stat|No Stat|0.29|16%|2.06|30%|0.00|0%|0%|0.0
f14cf73e51b29254|Sergei Pavlovich|19|3|0|"6' 3"""|257 lbs.|"84"""|Southpaw|May 13, 1992|4.54|43%|3.81|54%|0.63|40%|75%|0.0
56f7d7ee06be4aab|Zac Pauga|7|3|0|"6' 2"""|205 lbs.|"76"""|Orthodox|Feb 25, 1988|4.46|62%|2.73|58%|0.38|7%|100%|0.0
60c72f7459827881|Julio Paulino|23|5|0|"6' 0"""|170 lbs.|No Stat|Orthodox|Dec 04, 1975|0.97|27%|1.87|48%|0.00|0%|37%|0.5
dda67d7d3df6b406|Thomas Paull|11|4|0|"5' 7"""|155 lbs.|"67"""|Orthodox|Oct 15, 1994|7.33|33%|8.67|64%|0.00|0%|0%|0.0
8b6e5dc2ba1edbe7|Sam Patterson|13|2|1|"6' 3"""|170 lbs.|"78"""|Orthodox|Apr 30, 1996|3.17|41%|3.60|48%|1.61|100%|33%|3.2
2dc7c49cfaeb867c|Justin Patterson|9|3|0|"5' 10"""|170 lbs.|No Stat|No Stat|Dec 07, 1985|0.00|0%|0.00|0%|0.00|0%|0%|0.0
83d0de122f2f9664|Michael Patt|12|4|0|"6' 0"""|205 lbs.|No Stat|Orthodox|No Stat|1.65|28%|5.53|55%|0.00|0%|0%|0.0
cd7763bcadb5d4c8|Alan Patrick|15|4|0|"5' 11"""|155 lbs.|"74"""|Southpaw|Jul 19, 1983|1.82|40%|2.95|43%|3.01|33%|43%|0.3
66d42e9503fa108e|Windri Patilima|8|1|0|"5' 6"""|155 lbs.|"71"""|Southpaw|Jul 19, 1993|0.31|50%|7.64|31%|0.00|0%|0%|0.0
eafedba0617ced81|Russell Patrick|6|4|0|"5' 9"""|145 lbs.|No Stat|No Stat|No Stat|0.00|0%|0.00|0%|0.00|0%|0%|0.0
56116a79e4deed06|Claude Patrick|14|2|0|"5' 11"""|170 lbs.|"75"""|Orthodox|Jun 14, 1980|1.80|55%|0.89|69%|2.32|53%|84%|1.7
6b16024d44eb03a2|Jhonoven Pati|6|4|0|"6' 1"""|185 lbs.|"75"""|Switch|Aug 29, 1990|2.88|53%|6.13|33%|2.70|100%|0%|0.0
0e8744ded08ee5fb|Louis Jauregui|4|2|0|"5' 7"""|170 lbs.|No Stat|No Stat|No Stat|0.00|0%|0.00|0%|0.00|0%|0%|0.0
c8cca8f3de5be4b4|Jorge Patino|38|19|2|"5' 8"""|170 lbs.|No Stat|Orthodox|Aug 05, 1973|1.33|30%|3.14|53%|0.54|25%|50%|0.0
40cb680ae1cd331f|Yazmin Jauregui|11|2|0|"5' 3"""|115 lbs.|"64"""|Orthodox|Feb 28, 1999|6.64|39%|5.25|54%|0.00|0%|100%|0.0
32e8e0e8498f03c2|Josh Jarvis|1|4|0|No Stat|No Stat|No Stat|No Stat|No Stat|0.00|0%|0.00|0%|0.00|0%|0%|0.0
b71ce838b01f2cad|Rony Jason|14|7|0|"5' 7"""|145 lbs.|"73"""|Orthodox|Mar 21, 1984|2.04|44%|3.14|53%|0.59|30%|36%|0.8
a9e260472d321361|Jasmine Jasudavicius|14|3|0|"5' 7"""|125 lbs.|"68"""|Orthodox|Mar 01, 1989|3.71|45%|3.63|51%|2.61|44%|75%|0.6
99d5cf1eda8b25c1|Gigo Jara|6|9|0|"5' 9"""|145 lbs.|No Stat|No Stat|No Stat|2.26|57%|2.71|51%|0.00|0%|66%|0.0
805ad1801eb26abb|Jaime Jara|38|18|0|"6' 1"""|205 lbs.|No Stat|Southpaw|Aug 02, 1969|2.20|60%|1.47|56%|0.00|0%|25%|0.0
64959f90b6dd9759|Brock Jardine|12|6|0|"5' 11"""|170 lbs.|No Stat|Orthodox|Jul 10, 1985|1.06|30%|3.34|56%|0.00|0%|14%|0.8
335ad945324c3a2e|Dave Jansen|20|4|0|"5' 9"""|155 lbs.|"73"""|Orthodox|Aug 21, 1979|2.94|33%|3.67|58%|2.79|28%|38%|0.9
b9d0fd83bb8a147a|Keith Jardine|17|11|2|"6' 2"""|185 lbs.|"76"""|Orthodox|Oct 31, 1975|3.25|36%|2.98|59%|1.18|45%|62%|0.7
b59037262c8fe060|Ryan Janes|10|3|0|"6' 3"""|185 lbs.|"76"""|Orthodox|Aug 22, 1981|7.69|48%|5.53|59%|0.35|100%|58%|0.0
c7b0081edfef4bc7|Yoon Sung Jang|7|1|0|No Stat|170 lbs.|No Stat|No Stat|Nov 04, 2002|0.00|0%|0.00|0%|0.00|0%|0%|0.0
8f7380fb0916dc77|Josh Janousek|8|1|0|"5' 11"""|185 lbs.|No Stat|Orthodox|Sep 25, 1980|0.00|0%|0.00|0%|0.00|0%|0%|0.0
7dda2cf308f24a02|Virna Jandiroba|22|3|0|"5' 3"""|115 lbs.|"64"""|Orthodox|May 30, 1988|1.97|38%|2.55|57%|2.37|33%|73%|1.8
1ea8df62b3f8fea6|Justin James|13|7|0|"5' 10"""|155 lbs.|No Stat|Orthodox|Nov 08, 1976|1.34|36%|2.68|50%|0.00|0%|50%|1.6
a34fecf2f4e5a317|Nate James|14|8|1|"6' 0"""|185 lbs.|No Stat|No Stat|May 29, 1978|1.33|42%|2.67|28%|0.00|0%|44%|0.0
e4277e87a789d687|Dustin Jacoby|21|9|1|"6' 3"""|205 lbs.|"76"""|Orthodox|Apr 04, 1988|5.37|47%|4.02|57%|0.33|25%|62%|0.0
46f557bd44da630e|Richard Jacobi|6|1|1|"6' 4"""|260 lbs.|"75"""|Orthodox|Sep 28, 1993|0.88|44%|3.94|51%|3.28|100%|100%|0.0
ba17afef01ed78b6|Eric Jacob|1|9|0|No Stat|155 lbs.|No Stat|No Stat|No Stat|0.00|0%|0.00|0%|0.00|0%|0%|0.0
cc1a8b4b38b92c6d|Montel Jackson|15|2|0|"5' 10"""|135 lbs.|"75"""|Southpaw|Apr 24, 1992|3.22|53%|1.39|62%|3.24|62%|68%|0.4
ca8da445dfa82d56|Jason Jackson|7|2|0|"6' 1"""|170 lbs.|"78"""|Orthodox|Oct 30, 1990|2.24|48%|1.31|56%|0.00|0%|0%|0.0
56c5132870a526d5|Kenyon Jackson|4|3|0|"6' 0"""|185 lbs.|No Stat|No Stat|No Stat|0.00|0%|0.00|0%|0.00|0%|0%|0.0
0641c21bec209472|Mike Jackson|1|2|0|"6' 2"""|170 lbs.|"74"""|Orthodox|Mar 22, 1985|4.49|57%|3.73|62%|0.71|33%|88%|0.0
29af297d9f1de0f8|Damon Jackson|23|8|1|"5' 11"""|155 lbs.|"71"""|Switch|Aug 08, 1988|2.96|42%|3.47|49%|2.30|32%|37%|1.2
ad32471f01e7b1a5|Jeremy Jackson|9|5|0|"5' 10"""|170 lbs.|No Stat|Orthodox|Sep 19, 1982|0.71|27%|2.03|25%|1.52|40%|58%|0.0
13b2f59210dda9cc|Kevin Jackson|4|2|0|"5' 10"""|199 lbs.|No Stat|Switch|No Stat|0.00|0%|0.00|0%|0.00|0%|0%|0.0
8bbc0cfc01bc1ba1|Leonardo Mafra|13|4|0|"5' 10"""|155 lbs.|"70"""|Orthodox|Apr 25, 1989|4.55|48%|4.38|43%|2.12|83%|69%|0.4
ffc088e64fab57e9|Quinton Jackson|37|12|0|"6' 1"""|205 lbs.|"73"""|Orthodox|Jun 20, 1978|3.25|54%|2.51|55%|1.52|56%|73%|0.1
a4bf17bd3ba3423b|Yoshiro Maeda|35|16|5|"5' 7"""|139 lbs.|"68"""|Southpaw|Oct 31, 1981|2.36|33%|2.55|63%|2.93|51%|50%|0.7
ce783bf73b5131f9|Eugene Jackson|15|9|1|"5' 8"""|185 lbs.|No Stat|Orthodox|Sep 23, 1966|2.19|33%|3.44|32%|1.91|71%|16%|2.3
cc63a5f0089d8ba9|Victor Madrigal|15|5|0|"5' 7"""|135 lbs.|"71"""|Orthodox|Aug 16, 1990|2.31|38%|9.56|50%|0.00|0%|0%|0.0
7691a80e6ca3e55b|Jon Madsen|8|2|0|"6' 0"""|240 lbs.|"72"""|Orthodox|Feb 12, 1980|2.46|41%|1.18|81%|1.32|71%|70%|0.0
da0995f19b749cfa|Mark Madsen|12|2|0|"5' 8"""|155 lbs.|"72"""|Orthodox|Sep 23, 1984|3.56|49%|3.97|52%|2.86|66%|62%|0.0
e25bcbcdaf6537a1|Reza Madadi|14|6|0|"5' 11"""|155 lbs.|"73"""|Orthodox|Jun 20, 1978|2.51|46%|3.31|66%|3.17|33%|89%|0.5
68c7ad953455c73f|Don Madge|9|3|1|"6' 0"""|155 lbs.|"72"""|Southpaw|Nov 12, 1990|2.08|52%|0.74|67%|2.22|25%|80%|0.7
e88b83dea18f5d31|Pauline Macias|4|1|0|"5' 4"""|115 lbs.|"64"""|Southpaw|Jun 27, 1988|0.80|29%|4.60|42%|2.00|18%|0%|0.0
a8d521d913df4e31|Ryan Madigan|5|3|0|"6' 0"""|170 lbs.|No Stat|Orthodox|No Stat|0.00|0%|3.35|47%|0.00|0%|0%|0.0
cd7bafbeee1f29a0|War Machine|14|5|0|"5' 11"""|170 lbs.|No Stat|Orthodox|Nov 30, 1981|2.32|60%|3.17|43%|1.16|50%|40%|0.0
442c9011034ae1fd|Ian Machado Garry|16|1|0|"6' 3"""|170 lbs.|"74"""|Orthodox|Nov 17, 1997|4.77|54%|2.77|51%|1.02|33%|73%|0.4
dedc3bb440d09554|Anthony Macias|26|18|0|"5' 9"""|185 lbs.|No Stat|Switch|No Stat|0.00|0%|0.00|0%|0.00|0%|0%|0.0
f7a7f7118d4b01b6|Lyoto Machida|24|8|0|"6' 1"""|185 lbs.|"74"""|Southpaw|May 30, 1978|2.59|53%|1.57|61%|1.21|65%|75%|0.4
a1a91dbf41a029c4|Valesca Machado|8|3|0|"5' 4"""|115 lbs.|"63"""|Orthodox|May 06, 1996|2.40|32%|2.87|64%|0.00|0%|76%|0.0
89839250eb25c9c1|Caio Machado|8|4|1|"6' 4"""|250 lbs.|"78"""|Southpaw|Jul 20, 1994|5.82|53%|2.87|63%|0.00|0%|82%|0.0
8cf90e41646491fd|Ilima Macfarlane|6|0|0|"5' 4"""|125 lbs.|No Stat|No Stat|No Stat|4.13|43%|2.93|65%|0.00|0%|50%|1.0
39831e62d12e7ad1|Clayton MacFarlane|4|1|0|No Stat|170 lbs.|No Stat|No Stat|No Stat|1.33|52%|1.82|55%|1.05|33%|37%|0.0
35e1f9984ed64206|Ryan MacDonald|10|2|0|"5' 11"""|135 lbs.|"71"""|Switch|Mar 18, 1993|2.28|29%|6.49|45%|0.00|0%|0%|0.0
f3388d2cf7ab3f64|Rob MacDonald|5|4|0|"6' 3"""|205 lbs.|"78"""|Orthodox|Sep 05, 1978|1.80|50%|2.04|46%|7.19|80%|80%|5.4
cbd5d3cdd862e90e|Rory MacDonald|19|4|0|"6' 0"""|170 lbs.|"76"""|Orthodox|Jul 22, 1989|3.75|42%|2.80|62%|1.77|47%|88%|0.4
2be6596a9db33bf5|Jason MacDonald|25|16|0|"6' 3"""|185 lbs.|"80"""|Orthodox|Jun 03, 1975|1.55|52%|2.70|46%|1.43|16%|35%|2.0
450bacdacd706bcd|Pawan Maan|7|3|1|"5' 7"""|155 lbs.|"70"""|Orthodox|Apr 06, 1986|0.89|44%|2.98|43%|0.00|0%|0%|0.0
ed74afc8b5b47a61|William Macario|9|3|0|"5' 11"""|170 lbs.|"75"""|Orthodox|Jul 01, 1991|4.92|54%|3.96|65%|1.85|45%|78%|0.0
bb1a2cdad6ff34db|Jason Knight|20|5|0|"5' 10"""|145 lbs.|"71"""|Orthodox|Jul 14, 1992|2.95|33%|3.02|51%|1.31|31%|47%|1.7
02f0e04acf102ea9|Michael Knaap|18|22|3|"6' 2"""|220 lbs.|No Stat|Orthodox|Feb 27, 1984|0.00|0%|0.00|0%|0.00|0%|0%|0.0
1fac46d466abd5b8|Kevin Knabjian|12|7|1|"5' 10"""|170 lbs.|No Stat|Orthodox|Jul 05, 1984|0.00|0%|15.56|22%|0.00|0%|100%|0.0
8276f28f1ad087de|Felix Klinkhammer|7|0|0|"6' 0"""|170 lbs.|No Stat|No Stat|No Stat|0.00|0%|0.00|0%|0.00|0%|0%|0.0
7cbf7c78d3b34218|Drakkar Klose|15|3|1|"5' 9"""|155 lbs.|"70"""|Orthodox|Mar 09, 1988|4.33|55%|3.54|50%|1.65|27%|69%|0.0
7eaa5e31c2dd86aa|Nick Klein|6|3|0|"6' 1"""|185 lbs.|"77"""|Orthodox|Sep 08, 1995|3.22|60%|3.33|47%|3.33|20%|66%|1.7
bc3876891e155bb5|Stefan Klever|6|1|0|No Stat|185 lbs.|No Stat|Orthodox|No Stat|0.82|50%|3.84|58%|0.00|0%|0%|0.0
745fa7b605f8e2da|Fatima Kline|8|1|0|"5' 6"""|115 lbs.|"67"""|Orthodox|Jul 12, 2000|3.94|49%|2.29|59%|1.21|60%|50%|0.0
8ad022dd81224f61|Seth Kleinbeck|8|4|0|"6' 2"""|185 lbs.|No Stat|No Stat|Jul 25, 1973|2.55|33%|2.42|40%|0.98|25%|90%|0.0
5b86d491d63890c5|Ludovit Klein|23|5|1|"5' 7"""|155 lbs.|"72"""|Southpaw|Feb 22, 1995|3.57|52%|3.34|52%|1.52|51%|76%|0.0
e065b4a42a6c2c79|Top Noi Kiwram|9|5|0|"5' 5"""|125 lbs.|"67"""|Southpaw|Aug 15, 1992|4.47|59%|3.23|66%|2.72|85%|74%|0.0
2a6f8136da1e52c0|Koji Kitao|1|2|0|"6' 7"""|350 lbs.|No Stat|Southpaw|Oct 12, 1963|0.00|0%|0.00|0%|0.00|0%|0%|0.0
e2ac5bb645f33088|Satoru Kitaoka|40|14|9|"5' 6"""|154 lbs.|No Stat|No Stat|Feb 04, 1980|0.68|33%|2.15|45%|0.62|10%|27%|2.1
928ae2e5b5f7a9ec|Justine Kish|7|4|0|"5' 5"""|125 lbs.|"64"""|Orthodox|Apr 13, 1988|4.51|48%|4.59|57%|0.87|33%|50%|0.1
c7d7fda69ec410d3|Kamuela Kirk|12|6|0|"5' 10"""|155 lbs.|"75"""|Switch|Apr 13, 1994|3.22|50%|5.87|40%|1.50|26%|47%|1.2
21b5c82c1b89dab1|Yusaku Kinoshita|6|3|0|"6' 0"""|170 lbs.|"71"""|Southpaw|Aug 21, 2000|4.65|50%|5.12|51%|0.00|0%|50%|0.0
51d2aaaca56e5b40|Yurij Kiseliov|5|4|0|"5' 8"""|185 lbs.|No Stat|Orthodox|No Stat|4.88|87%|0.00|0%|0.00|0%|50%|0.0
b959e8c7fd8390d2|Kyle Kingsbury|11|6|0|"6' 4"""|205 lbs.|"79"""|Orthodox|Mar 22, 1982|2.97|40%|3.81|51%|2.64|41%|52%|0.0
fe91d254db77a7fc|Dustin Kimura|11|3|0|"5' 7"""|135 lbs.|"71"""|Orthodox|May 21, 1989|1.33|21%|3.82|51%|0.93|37%|50%|2.2
564c2f5f9eb45d67|Mike King|5|1|0|"6' 3"""|185 lbs.|No Stat|No Stat|Aug 04, 1983|4.44|58%|1.29|72%|1.75|25%|40%|3.5
c7ac79839e86ce33|Taiei Kin|6|3|0|"5' 11"""|185 lbs.|No Stat|Orthodox|Jul 08, 1970|2.71|60%|1.33|52%|0.00|0%|55%|0.0
054defd5420a551f|Rob Kimmons|25|9|0|"5' 10"""|185 lbs.|"73"""|Orthodox|Jan 30, 1981|1.86|48%|4.79|38%|2.08|46%|25%|2.4
864c07a7ff90caae|So Yul Kim|8|1|0|No Stat|115 lbs.|No Stat|No Stat|May 25, 1997|0.00|0%|0.00|0%|0.00|0%|0%|0.0
1291dd6b8ab4d952|George Zuniga|3|1|0|"5' 9"""|185 lbs.|No Stat|No Stat|No Stat|7.64|38%|5.45|37%|0.00|0%|100%|0.0
917a5cb9821df261|Jeremy Kimball|15|8|0|"6' 0"""|205 lbs.|"72"""|Switch|Jan 03, 1991|2.81|46%|3.84|49%|1.41|20%|50%|0.0
e7ecfab8fd86d3e1|KyuSung Kim|12|6|0|"5' 11"""|125 lbs.|"69"""|Orthodox|Nov 05, 1992|1.53|53%|0.87|69%|0.00|0%|33%|0.0
02d808afb96669de|Alex Zuniga|6|3|0|No Stat|145 lbs.|No Stat|No Stat|No Stat|0.00|0%|0.00|0%|0.00|0%|0%|0.0
e9712cad24948ce1|SangWon Kim|10|6|1|"5' 9"""|145 lbs.|"69"""|Orthodox|Sep 01, 1993|3.18|57%|3.73|58%|0.69|25%|72%|0.0
be124bdd60fab7d5|Dave Zitanick|5|7|0|No Stat|170 lbs.|No Stat|No Stat|Mar 05, 1980|0.00|0%|0.00|0%|0.00|0%|0%|0.0
108afe61a26bcbf4|Igor Zinoviev|4|1|2|"6' 1"""|199 lbs.|No Stat|Orthodox|No Stat|0.00|0%|0.00|0%|0.00|0%|0%|0.0
3ecd936bd8814108|Cat Zingano|10|4|0|"5' 6"""|145 lbs.|"68"""|Southpaw|Jul 01, 1982|2.57|61%|1.63|47%|2.77|65%|42%|0.8
4b4fc3ddc307bc73|James Zikic|21|10|2|"6' 2"""|205 lbs.|No Stat|Orthodox|Mar 01, 1977|1.47|35%|1.60|44%|0.50|25%|74%|0.5
6d3398b910461f2f|Mike Zichelle|8|4|0|No Stat|205 lbs.|No Stat|No Stat|No Stat|0.87|35%|0.87|40%|0.00|0%|0%|2.0
0aa74d04c196800c|Errol Zimmerman|0|1|0|"6' 3"""|185 lbs.|No Stat|Orthodox|Apr 20, 1986|2.95|42%|0.00|0%|0.00|0%|0%|0.0
1e4f273069fb9e85|Fares Ziam|17|4|0|"6' 1"""|155 lbs.|"75"""|Orthodox|Mar 21, 1997|2.85|51%|1.62|64%|1.62|40%|70%|0.2
55fa6ce3e522c8bb|Zhalgas Zhumagulov|14|9|0|"5' 4"""|125 lbs.|"66"""|Switch|Aug 29, 1988|5.24|43%|5.86|52%|1.30|19%|75%|0.2
d027fff39a34a9df|Zhou Kun|13|4|0|No Stat|125 lbs.|No Stat|No Stat|No Stat|0.00|0%|0.00|0%|0.00|0%|0%|0.0
6f4ec5aa3eced219|Zhu Kangjie|21|4|0|"5' 6"""|145 lbs.|"70"""|Orthodox|Jan 16, 1996|2.89|48%|1.33|70%|0.33|100%|51%|0.0
ba15006c804a8de0|Guilherme Pat|5|0|0|No Stat|265 lbs.|No Stat|No Stat|No Stat|0.00|0%|0.00|0%|0.00|0%|0%|0.0
3eb4dc9a7d4ac906|Ramona Pascual|6|5|0|"5' 7"""|135 lbs.|"66"""|Southpaw|Sep 23, 1988|3.87|57%|8.43|46%|1.81|19%|100%|0.0
5ea918ea81b7dee2|Yao Zhikui|2|4|0|"5' 5"""|125 lbs.|"64"""|Orthodox|Feb 07, 1991|1.44|21%|2.82|48%|0.66|16%|58%|0.0
2975297f505e9447|Jonny Parsons|9|3|0|"5' 9"""|170 lbs.|"69"""|Orthodox|Sep 06, 1991|4.65|44%|4.89|60%|0.00|0%|66%|0.0
96d173b7f92aa520|Onassis Parungao|2|1|0|"5' 11"""|200 lbs.|No Stat|No Stat|No Stat|0.00|0%|0.00|0%|0.00|0%|0%|0.0
e5a59983f4603621|Billy Pasulatan|10|3|0|"5' 5"""|125 lbs.|"66"""|Switch|Aug 07, 1991|0.65|20%|5.22|48%|0.00|0%|0%|4.9
9fe7af8b3fbe00a0|Preston Parsons|11|6|0|"5' 11"""|170 lbs.|"71"""|Orthodox|Jul 15, 1995|3.54|51%|3.25|54%|3.46|36%|71%|2.3
86ad0ae839331bd7|Willie Parks|5|2|0|"5' 10"""|185 lbs.|No Stat|No Stat|Nov 04, 1983|0.00|0%|0.00|0%|0.00|0%|0%|0.0
64be3dc99eaa42b6|Tyra Parker|4|5|0|"5' 5"""|115 lbs.|No Stat|Orthodox|No Stat|1.50|22%|9.00|14%|0.00|0%|0%|0.0
c0231720fe516994|Larry Parker|13|6|1|"5' 11"""|205 lbs.|No Stat|Orthodox|No Stat|0.00|0%|0.00|0%|0.00|0%|0%|0.0
0d5cc0170c1a7e71|Mick Parkin|10|1|0|"6' 4"""|265 lbs.|"79"""|Orthodox|Oct 02, 1995|4.70|50%|4.13|58%|1.38|46%|50%|0.2
6a0b80a24f22e152|Ryan Parker|0|1|0|"6' 3"""|235 lbs.|No Stat|Southpaw|No Stat|0.00|0%|0.00|0%|0.00|0%|0%|0.0
8b2a18d3c6735083|Jordan Parsons|11|2|0|"5' 9"""|145 lbs.|No Stat|No Stat|Aug 26, 1990|3.29|40%|2.37|60%|1.54|21%|50%|1.0
f79e7f138bf50cc0|EoJin Park|9|2|1|"6' 0"""|145 lbs.|"71"""|Orthodox|Dec 26, 2001|3.78|40%|3.92|47%|0.00|0%|0%|0.0
b671bdf981ad527d|HyunSung Park|10|1|0|"5' 7"""|125 lbs.|"66"""|Orthodox|Nov 04, 1995|4.27|46%|3.29|60%|1.90|33%|100%|2.9
14ff46596ad80609|Norman Parke|23|6|1|"5' 11"""|155 lbs.|"70"""|Southpaw|Dec 22, 1986|3.06|35%|2.88|64%|1.98|26%|77%|0.0
fe1595732dfb08fc|JaeHyun Park|8|3|0|"5' 8"""|155 lbs.|"73"""|Orthodox|Dec 12, 2001|2.67|71%|1.00|42%|1.25|100%|25%|0.0
b709b534b6873744|Harvey Park|12|3|0|"6' 0"""|155 lbs.|"70"""|Orthodox|Mar 22, 1986|3.77|50%|7.21|33%|0.00|0%|0%|0.0
9df394db5ca103eb|Won Sik Park|11|7|1|"5' 11"""|154 lbs.|No Stat|Orthodox|No Stat|2.60|43%|2.20|47%|0.00|0%|0%|0.0
7573d25a078b5732|Ido Pariente|13|6|0|"5' 8"""|155 lbs.|No Stat|Orthodox|No Stat|0.00|0%|2.86|45%|0.00|0%|0%|0.0
285ae0b4a68221f4|JunYong Park|19|6|0|"5' 10"""|185 lbs.|"73"""|Orthodox|Feb 27, 1991|4.59|50%|3.59|53%|1.87|42%|57%|0.9
b5da8f7d05e85a55|Josh Parisian|15|8|0|"6' 4"""|265 lbs.|"79"""|Orthodox|Jun 28, 1989|4.55|48%|4.88|41%|0.98|33%|46%|0.2
749685d24e2cac50|Remco Pardoel|9|6|1|"6' 3"""|260 lbs.|No Stat|Southpaw|No Stat|0.00|0%|0.00|0%|0.00|0%|0%|0.0
349aaa3da11eb587|Karo Parisyan|24|11|0|"5' 10"""|170 lbs.|"72"""|Orthodox|Aug 28, 1982|2.49|41%|2.19|58%|5.27|59%|59%|1.0
56116537d71a578c|Bryan Pardoe|13|16|0|"6' 1"""|205 lbs.|No Stat|Orthodox|No Stat|1.11|36%|4.59|45%|4.75|40%|33%|0.0
74fefd43f073cd2f|Joe Pardo|4|6|0|"6' 1"""|210 lbs.|No Stat|Southpaw|No Stat|0.00|0%|0.00|0%|0.00|0%|0%|0.0
bd381cde8426077a|Kathryn Paprocki|3|2|0|"5' 3"""|115 lbs.|"63"""|Orthodox|Apr 28, 1993|1.00|23%|4.27|43%|0.00|0%|0%|0.0
edad57b3dddf2168|Jared Papazian|20|13|0|"5' 8"""|135 lbs.|"67"""|Southpaw|Feb 01, 1988|3.33|39%|3.81|44%|0.00|0%|50%|0.0
a264d4e9a4d6bfe4|Sangwook Kim|12|3|0|"6' 0"""|155 lbs.|"71"""|Orthodox|Oct 17, 1993|5.22|54%|5.89|47%|1.11|16%|71%|0.6
98a6b2361045898f|Dong Hyun Ma|16|11|3|"5' 11"""|155 lbs.|"70"""|Orthodox|Sep 09, 1988|2.84|41%|4.10|54%|1.27|53%|33%|0.0
2bc47c7cc6c05bd7|HanSeul Kim|13|6|0|"6' 1"""|170 lbs.|"73"""|Southpaw|Jun 19, 1990|5.79|42%|5.68|52%|0.00|0%|50%|1.7
b4eeac608fc82f88|Yves Jabouin|20|11|0|"5' 7"""|135 lbs.|"68"""|Orthodox|May 30, 1979|3.06|41%|2.93|62%|1.94|60%|82%|0.1
5a9f7b5ffebdd6e7|KyeungPyo Kim|11|4|0|"5' 9"""|155 lbs.|"71"""|Orthodox|Jan 29, 1992|6.77|46%|6.32|63%|3.87|40%|100%|0.0
a20f234df70f2182|Ji Yeon Kim|9|7|2|"5' 7"""|125 lbs.|"72"""|Orthodox|Oct 18, 1989|5.37|36%|5.41|56%|0.00|0%|50%|0.1
6343a95f1d9e6a33|MinWoo Kim|10|2|0|"5' 8"""|135 lbs.|"72"""|Orthodox|Jul 21, 1993|0.00|0%|0.00|0%|0.00|0%|0%|0.0
dba230fe33011201|Jong Man Kim|23|11|3|"5' 7"""|139 lbs.|No Stat|Orthodox|Mar 03, 1978|1.33|21%|3.00|60%|0.00|0%|0%|0.0
9e0f28d1f639ad73|Jong Won Kim|0|1|0|"5' 7"""|139 lbs.|No Stat|Orthodox|No Stat|0.84|15%|3.28|63%|2.81|100%|0%|0.0
9bcf8603ceb25680|Dong Hyun Kim|22|4|1|"6' 2"""|170 lbs.|"76"""|Southpaw|Nov 17, 1981|2.12|49%|1.89|58%|2.93|43%|71%|0.6
380e8b023290d091|Jong Wang Kim|13|23|0|"6' 1"""|240 lbs.|No Stat|No Stat|No Stat|0.00|0%|0.00|0%|0.00|0%|0%|0.0
637bd06c32219f0b|Jacob Kilburn|8|4|0|"5' 9"""|145 lbs.|"72"""|Orthodox|Jun 28, 1995|2.56|33%|6.78|35%|0.51|5%|20%|0.5
9c37681096c6f3a9|Akira Kikuchi|16|4|0|"5' 8"""|155 lbs.|No Stat|Orthodox|Jul 23, 1978|3.67|56%|0.40|14%|2.00|40%|100%|0.0
91dac5e69e28d5b5|Pannie Kianzad|17|9|0|"5' 7"""|135 lbs.|"66"""|Orthodox|Dec 08, 1991|4.88|49%|4.09|51%|0.41|33%|65%|0.1
e4bde462b043d3e1|Sanae Kikuta|31|9|3|"5' 9"""|200 lbs.|No Stat|Orthodox|Sep 10, 1971|0.70|45%|0.90|52%|1.60|63%|25%|1.8
44470bfd9483c7ad|Katsunori Kikuno|24|8|2|"5' 8"""|145 lbs.|"66"""|Orthodox|Oct 31, 1981|2.64|40%|2.47|61%|1.88|75%|76%|0.8
354808cf38d9d73c|Dae Won Kim|11|7|0|"5' 11"""|180 lbs.|No Stat|Orthodox|No Stat|1.75|32%|2.51|36%|3.43|42%|0%|0.0
831b937811804dad|Min Soo Kim|3|7|0|"6' 1"""|255 lbs.|No Stat|Southpaw|Jan 22, 1975|0.87|100%|3.48|20%|0.00|0%|0%|0.0
8d04923f2db59b7f|Jin Oh Kim|0|4|0|"5' 9"""|205 lbs.|No Stat|Orthodox|No Stat|5.06|25%|8.43|50%|0.00|0%|66%|0.0
7ab478c397cd68ef|Aliaskhab Khizriev|14|0|0|"5' 9"""|185 lbs.|"74"""|Southpaw|Aug 24, 1990|6.01|64%|4.38|61%|5.64|60%|100%|3.8
aaeb55084b198a39|WonBin Ki|18|9|0|"5' 11"""|155 lbs.|"73"""|Orthodox|Feb 11, 1991|6.73|50%|4.21|55%|0.73|20%|50%|0.0
4bbd1e5c77ef3c2f|Mansher Khera|10|0|0|"5' 7"""|155 lbs.|"68"""|Orthodox|Apr 15, 1992|2.80|38%|2.60|38%|2.00|14%|100%|0.0
a072b512b6f4fc42|Aziz Khaydarov|21|7|0|"5' 8"""|155 lbs.|"72"""|Orthodox|Sep 25, 1993|2.60|61%|2.80|61%|0.00|0%|85%|0.0
3929efe0c0a83d07|Alfred Khashakyan|8|3|0|"5' 8"""|135 lbs.|"70"""|Orthodox|Jul 17, 1988|6.14|42%|6.38|40%|3.54|25%|0%|0.0
9b7694d064a8a0ad|Rustam Khabilov|24|4|0|"5' 8"""|155 lbs.|"73"""|Orthodox|Nov 04, 1986|1.98|34%|2.16|65%|3.95|41%|61%|0.1
1aba18b5f15d4956|Adam Khaliev|6|0|0|"6' 0"""|170 lbs.|No Stat|Orthodox|Apr 16, 1984|0.00|0%|0.00|0%|0.00|0%|0%|0.0
b84f34b425dfd24b|Ron Keslar|11|9|0|No Stat|185 lbs.|No Stat|No Stat|No Stat|0.00|0%|2.05|60%|0.00|0%|100%|7.7
0693b2eab79198ea|Sergei Kharitonov|26|6|0|"6' 0"""|245 lbs.|No Stat|Orthodox|Aug 18, 1980|3.90|44%|3.03|54%|1.16|53%|70%|1.0
fd52e5f9ab25c94c|Daermisi Zhawupasi|9|2|0|"5' 8"""|135 lbs.|"68"""|Switch|Sep 15, 1999|1.86|40%|2.36|55%|7.74|65%|53%|1.4
90da09db03e41748|Sergey Khandozhko|28|6|1|"6' 1"""|170 lbs.|"74"""|Orthodox|May 19, 1992|3.41|41%|2.37|60%|0.76|28%|61%|0.0
ef61d9f5176b3200|Will Kerr|9|3|0|"5' 10"""|155 lbs.|"69"""|Orthodox|Oct 21, 1982|1.91|42%|6.22|33%|0.00|0%|0%|14.3
45c7979c71751fcf|Zhang Qinghe|16|8|1|"5' 7"""|135 lbs.|"67"""|Southpaw|No Stat|2.87|33%|4.73|49%|0.00|0%|50%|0.0
286e1d61fb315355|Zhang Zhenyang|7|2|0|No Stat|155 lbs.|No Stat|No Stat|No Stat|0.00|0%|0.00|0%|0.00|0%|0%|0.0
8a65fd9ba31fd3f7|Zhang Mingyang|19|6|0|"6' 2"""|205 lbs.|"75"""|Orthodox|Aug 16, 1998|10.91|64%|4.55|53%|0.00|0%|50%|0.0
c23e3d4875340d8d|Zhang Tiequan|15|4|0|"5' 8"""|155 lbs.|"69"""|Orthodox|Jul 25, 1978|1.23|36%|2.14|51%|1.95|58%|75%|3.4
1ebe20ebbfa15e29|Zhang Weili|26|3|0|"5' 4"""|115 lbs.|"63"""|Switch|Aug 13, 1989|5.15|53%|2.77|54%|2.24|45%|74%|0.5
7b310409440c9102|Zhang Lipeng|23|9|1|"5' 11"""|155 lbs.|"71"""|Southpaw|Mar 10, 1990|1.28|48%|1.88|53%|1.75|30%|69%|0.8
3144121470023e9a|Roman Zentsov|18|12|0|"6' 1"""|230 lbs.|No Stat|Orthodox|Sep 10, 1973|1.18|36%|0.53|70%|1.60|100%|33%|3.2
3794e5e0bb0defb6|Craig Zellner|4|3|0|"6' 2"""|205 lbs.|No Stat|Orthodox|Sep 09, 1976|0.61|9%|4.65|61%|0.00|0%|0%|0.0
be4076c9e8d791e3|Joao Zeferino|21|9|0|"5' 11"""|170 lbs.|No Stat|Orthodox|Jan 15, 1986|0.83|36%|2.60|48%|0.50|5%|50%|1.0
4148802ae4a50768|Daniel Zellhuber|15|3|0|"6' 1"""|155 lbs.|"77"""|Switch|Jul 07, 1999|5.83|39%|5.91|56%|0.15|25%|94%|0.1
c879d8620261b1a3|Rickson Zenidim|14|2|0|"5' 7"""|125 lbs.|"67"""|Orthodox|Feb 17, 1999|1.67|32%|4.07|33%|0.00|0%|0%|0.0
fd7ab338e4953644|Manolo Zecchini|11|4|0|"5' 8"""|145 lbs.|"68"""|Orthodox|Oct 22, 1996|2.34|21%|6.75|46%|0.00|0%|0%|0.0
cbf69fa846c7e3ee|Carlos Zevallos|3|4|0|"6' 0"""|205 lbs.|No Stat|Orthodox|No Stat|4.36|65%|2.28|68%|0.00|0%|100%|0.0
3bb2dc8e87b10a46|David Zawada|17|7|0|"6' 0"""|170 lbs.|"75"""|Orthodox|Aug 01, 1990|3.84|41%|4.54|55%|0.97|33%|57%|1.7
abcf7e55a0a9ed89|Marius Zaromskis|20|9|0|"5' 9"""|170 lbs.|No Stat|Orthodox|Jul 30, 1980|5.02|34%|5.93|50%|0.73|42%|73%|0.0
cc3878d1ab41a5fa|Zach Zane|10|7|0|"5' 7"""|145 lbs.|"69"""|Southpaw|Dec 14, 1989|0.87|56%|6.67|20%|0.00|0%|26%|0.0
fe5ca7ef93c3f6a7|Roger Zapata|4|2|0|"5' 11"""|170 lbs.|No Stat|Southpaw|May 09, 1986|2.60|51%|2.13|36%|0.00|0%|81%|1.4
8adcbd525fab8d9b|Elizeu Zaleski dos Santos|25|10|1|"5' 11"""|170 lbs.|"73"""|Orthodox|Dec 11, 1986|4.26|41%|3.52|56%|0.75|20%|68%|0.5
52c2ae6d2f2d2613|Youssef Zalal|17|5|1|"5' 10"""|145 lbs.|"72"""|Switch|Sep 04, 1996|3.07|50%|1.80|66%|2.09|30%|59%|1.3
6b614bda982f5214|Joao Zaiden|10|3|0|No Stat|205 lbs.|No Stat|No Stat|Mar 16, 1993|0.00|0%|0.00|0%|0.00|0%|0%|0.0
a0f0004aadf10b71|Alexandre Pantoja|30|5|0|"5' 5"""|125 lbs.|"67"""|Orthodox|Apr 16, 1990|4.36|50%|3.88|49%|2.80|47%|69%|1.0
24656ef4d605c96f|Aiemann Zahabi|13|2|0|"5' 8"""|135 lbs.|"68"""|Orthodox|Nov 19, 1987|4.42|46%|4.13|69%|0.14|14%|83%|0.0
36d811b015635b67|Yuri Panferov|6|1|0|"6' 1"""|185 lbs.|"72"""|Orthodox|Aug 30, 1996|2.33|52%|0.91|41%|0.00|0%|36%|0.0
8c822811eedc11ad|Anton Zafir|7|3|0|"5' 11"""|170 lbs.|No Stat|Orthodox|May 10, 1987|2.99|64%|2.31|52%|6.11|60%|0%|0.0
2742f028399bf8c7|Ruel Panales|6|2|0|"5' 5"""|125 lbs.|"67"""|Southpaw|Dec 07, 1996|2.53|51%|5.60|46%|1.00|20%|50%|0.0
ab7c212de9f66af0|Stephen Palling|11|7|1|"5' 4"""|143 lbs.|No Stat|No Stat|Jan 29, 1967|0.00|0%|0.00|0%|0.00|0%|0%|0.0
e8c170a64dc920ac|Tulio Palhares|2|16|0|No Stat|180 lbs.|No Stat|No Stat|No Stat|0.00|0%|0.00|0%|0.00|0%|0%|0.0
f31c0905045fa100|Eduardo Pamplona|16|4|0|"5' 11"""|170 lbs.|No Stat|No Stat|Feb 20, 1973|0.00|0%|0.00|0%|0.00|0%|0%|0.0
60029bcf496bd707|Soa Palelei|22|5|0|"6' 4"""|265 lbs.|"81"""|Orthodox|Jul 12, 1977|2.47|57%|2.68|48%|2.20|47%|66%|0.0
8ddf9c51c5fdea75|Rousimar Palhares|19|8|0|"5' 8"""|170 lbs.|"71"""|Orthodox|Feb 26, 1980|1.75|51%|2.04|59%|3.93|45%|0%|4.1
a6c20202c701e5ca|Sasha Palatnikov|6|4|0|"6' 1"""|170 lbs.|"72"""|Switch|Mar 15, 1989|6.69|53%|5.44|52%|0.72|100%|70%|0.0
de20ffb3fc2e7629|Jose Palacios|3|2|0|"5' 9"""|145 lbs.|No Stat|Orthodox|No Stat|2.67|70%|1.00|79%|0.00|0%|50%|1.7
797ddccda75f169f|Ricky Palacios|10|1|0|"5' 6"""|145 lbs.|No Stat|Orthodox|Jul 05, 1987|7.73|53%|3.27|59%|0.00|0%|100%|0.0
ad3a5e465c76e499|Dinis Paiva Jr.|13|8|0|"5' 9"""|145 lbs.|"71"""|Southpaw|May 26, 1988|2.60|41%|2.73|67%|0.00|0%|81%|0.0
e530df53922f413e|Luis Pajuelo|8|2|0|"5' 10"""|145 lbs.|"69"""|Orthodox|Dec 18, 1994|6.03|57%|8.20|52%|0.00|0%|66%|0.0
4304992c2acc187b|Bart Palaszewski|36|17|0|"5' 9"""|145 lbs.|"70"""|Orthodox|May 30, 1983|2.67|32%|3.97|57%|0.65|31%|53%|0.5
320edfb0332b7073|Fredson Paixao|10|5|0|"5' 6"""|145 lbs.|"66"""|Orthodox|May 13, 1979|1.71|54%|2.31|62%|0.62|11%|10%|2.2
1e12c1dbbb1e2dda|Josh Paiva|8|2|0|"5' 6"""|125 lbs.|No Stat|No Stat|Apr 05, 1991|0.00|0%|0.00|0%|0.00|0%|0%|0.0
d2f43cfaf8ca3560|Fernando Padilla|16|6|0|"6' 1"""|145 lbs.|"76"""|Orthodox|Dec 15, 1996|6.07|40%|5.74|52%|0.00|0%|100%|0.6
06626b6287e1ae1e|Chris Padilla|16|6|0|"5' 9"""|155 lbs.|"74"""|Orthodox|Sep 14, 1995|4.13|51%|3.68|57%|1.56|30%|100%|0.5
82b4e942781b1046|Raulian Paiva|21|5|0|"5' 8"""|135 lbs.|"69"""|Orthodox|Oct 17, 1995|4.14|42%|5.01|48%|0.65|23%|77%|0.2
c96e2ae6021144a1|Damacio Page|19|10|0|"5' 6"""|135 lbs.|"66"""|Orthodox|Sep 30, 1982|2.05|38%|2.47|51%|2.63|64%|23%|0.9
01dd4cdc2446f665|Gary Padilla|12|6|0|"5' 11"""|205 lbs.|No Stat|No Stat|May 04, 1980|2.20|27%|2.00|76%|0.00|0%|50%|0.0
c51da79b0346b5b7|George Pacurariu|10|5|0|"5' 7"""|135 lbs.|No Stat|No Stat|Jul 28, 1984|4.69|53%|2.68|63%|5.03|100%|100%|5.0
16b89be2f5c16fba|Larissa Pacheco|10|2|0|"5' 7"""|135 lbs.|No Stat|Orthodox|Sep 07, 1994|1.21|19%|4.14|55%|0.00|0%|0%|0.0
07797f10b9569cfc|Angel Pacheco|7|3|0|"5' 8"""|135 lbs.|"70"""|Orthodox|Jan 13, 1992|9.50|39%|11.47|41%|0.00|0%|28%|0.0
8f4eeaf7a0df7c1a|Teemu Packalen|8|3|0|"6' 1"""|155 lbs.|"75"""|Orthodox|May 22, 1987|2.57|54%|3.91|47%|2.31|25%|100%|1.5
4652b685fa11e7fd|Jimmie Pace|7|2|0|No Stat|185 lbs.|No Stat|No Stat|Apr 09, 1996|0.00|0%|0.00|0%|0.00|0%|0%|0.0
856c4d2668a875f9|Cyrillo Padilha|3|3|0|"5' 11"""|155 lbs.|No Stat|No Stat|Jan 23, 1978|0.00|0%|0.00|0%|0.00|0%|0%|0.0
8cb76103cd8a1562|Nick Pace|8|3|0|"5' 7"""|135 lbs.|"68"""|Orthodox|Apr 17, 1987|1.48|34%|3.14|57%|2.52|43%|54%|0.5
c1e4ae143cce7398|Aurelijus Kerpe|11|22|0|No Stat|No Stat|No Stat|Orthodox|No Stat|1.26|16%|8.21|31%|0.00|0%|0%|0.0
a7b48e18ca27795d|Mark Kerr|15|11|0|"6' 3"""|266 lbs.|No Stat|Switch|Dec 21, 1968|0.28|41%|0.89|28%|2.92|77%|0%|0.4
9b8a73b59be8d786|Waylon Kennell|6|2|0|"6' 0"""|185 lbs.|No Stat|No Stat|No Stat|0.00|0%|0.00|0%|0.00|0%|0%|0.0
a67d071163962af8|Michael Page|23|3|0|"6' 3"""|185 lbs.|"79"""|Switch|Apr 07, 1987|2.53|62%|1.78|55%|0.30|20%|63%|0.0
55f80a8aeffcdb33|Dustin Pague|12|11|0|"5' 9"""|135 lbs.|"74"""|Orthodox|Aug 05, 1987|1.65|53%|2.96|41%|1.03|44%|55%|2.6
772022b989534f0d|Maimaitituoheti Keremuaili|26|11|0|"5' 6"""|135 lbs.|"66"""|Orthodox|Mar 18, 1991|1.47|52%|1.67|37%|1.00|33%|84%|0.0
68f6e96c5fa6e044|Jeremy Kennedy|11|1|0|"5' 11"""|145 lbs.|"71"""|Orthodox|Sep 16, 1992|2.22|46%|2.58|47%|5.73|52%|66%|0.0
185fb0200a4605e6|Steve Kennedy|24|8|0|"5' 11"""|170 lbs.|No Stat|Orthodox|Mar 07, 1983|2.28|35%|5.52|45%|2.51|33%|0%|0.0
e7bba7ce4d6c7b07|Casey Kenney|16|4|1|"5' 7"""|135 lbs.|"68"""|Southpaw|Mar 20, 1991|4.85|42%|4.67|58%|1.09|35%|61%|0.4
bdcbb976816fd256|Daniel Kelly|13|4|0|"6' 0"""|185 lbs.|"70"""|Southpaw|Oct 31, 1977|3.62|38%|4.64|61%|1.86|34%|78%|0.3
3c660c90d48fc80d|Tim Kennedy|18|6|0|"5' 11"""|185 lbs.|"74"""|Orthodox|Sep 01, 1979|2.78|47%|1.84|62%|2.58|35%|70%|0.7
1a08b01fdabb6ae2|Tony Kelley|8|3|0|"5' 9"""|135 lbs.|"70"""|Switch|Jan 21, 1987|5.55|47%|4.85|45%|0.00|0%|52%|1.4
aac5ac38148f0528|Paul Kelly|14|5|0|"5' 9"""|155 lbs.|"70"""|Orthodox|Sep 12, 1984|3.22|37%|2.61|59%|1.34|60%|30%|1.5
ace83095105dd205|John Kelly|5|4|0|"5' 9"""|170 lbs.|No Stat|No Stat|Aug 02, 1978|0.00|0%|0.00|0%|0.00|0%|0%|0.0
c788481ae19e798d|Mayana Kellem|7|1|0|"5' 5"""|135 lbs.|No Stat|Orthodox|Jul 07, 1981|1.94|22%|2.90|62%|0.00|0%|0%|0.0
a72b20136239ba39|Ryan Keenan|6|2|0|"5' 10"""|170 lbs.|No Stat|No Stat|Jun 15, 1985|0.00|0%|0.00|0%|0.00|0%|0%|0.0
148bb103cfbf123e|Toshiomi Kazama|11|4|0|"5' 7"""|135 lbs.|"69"""|Orthodox|May 15, 1997|1.72|53%|3.89|42%|1.68|12%|66%|0.6
56c9acc4e86046a2|Chris Kelades|9|3|0|"5' 7"""|125 lbs.|"68"""|Orthodox|Feb 21, 1981|2.40|43%|2.64|48%|1.04|18%|53%|0.3
7be14eaed4c74856|Brian Kelleher|24|16|0|"5' 6"""|135 lbs.|"66"""|Switch|Aug 19, 1986|3.31|41%|4.59|54%|1.68|41%|60%|0.7
c0eecd851dbf3146|CJ Keith|8|4|0|"6' 0"""|155 lbs.|No Stat|Orthodox|Aug 09, 1986|0.86|50%|1.82|50%|0.00|0%|62%|0.0
981ab7a0576f76a0|Julie Kedzie|16|13|0|"5' 5"""|135 lbs.|No Stat|Orthodox|Mar 18, 1981|2.90|36%|3.18|46%|1.14|23%|78%|0.0
547c5611bd366988|Doug Kay|0|0|0|No Stat|No Stat|No Stat|No Stat|No Stat|0.00|0%|0.00|0%|0.00|0%|0%|0.0
49f4171f14f54220|Masuto Kawana|10|4|0|"5' 6"""|145 lbs.|"69"""|Orthodox|Jan 30, 1995|2.54|41%|3.79|41%|11.67|55%|100%|0.0
9e91d7fd2720e241|Ryo Kawamura|18|9|4|"5' 11"""|205 lbs.|No Stat|Orthodox|Jun 29, 1981|0.60|16%|3.93|39%|0.00|0%|6%|0.0
fa2320781bfe4f49|Yusuke Kawaguchi|18|12|0|"6' 0"""|255 lbs.|No Stat|No Stat|Aug 14, 1980|2.87|47%|3.93|50%|0.00|0%|72%|0.0
58d42b9e920b25fc|Canaan Kawaihae|6|2|0|"6' 0"""|145 lbs.|"71"""|Southpaw|Aug 26, 1997|2.83|51%|4.59|36%|0.00|0%|100%|0.0
bb2c3c3a466224af|Lone'er Kavanagh|9|0|0|"5' 4"""|125 lbs.|"67"""|Orthodox|Jun 09, 1999|3.73|50%|3.42|61%|1.85|50%|100%|0.0
36df8e119aec6175|Sarah Kaufman|18|4|0|"5' 5"""|135 lbs.|"66"""|Orthodox|Sep 20, 1985|6.65|46%|4.00|62%|0.38|57%|81%|0.0
7b433309b0fd12aa|Brad Katona|16|5|0|"5' 6"""|135 lbs.|"64"""|Orthodox|Dec 19, 1991|4.81|52%|4.75|50%|1.86|34%|61%|0.0
80d918336163b80c|Tatsuya Kawajiri|36|11|2|"5' 7"""|145 lbs.|"69"""|Orthodox|May 08, 1978|2.04|44%|2.01|50%|3.63|48%|63%|1.1
ebf1c247b2cba375|Hisaki Kato|8|2|0|"6' 0"""|185 lbs.|No Stat|No Stat|Sep 17, 1982|2.80|48%|1.72|68%|1.62|100%|0%|0.0
751de04455cfaac0|Calvin Kattar|23|10|0|"5' 11"""|145 lbs.|"72"""|Orthodox|Mar 26, 1988|4.41|37%|6.55|54%|0.34|29%|77%|0.1
373be586f370d400|Raquel Pa'aluhi|6|5|0|"5' 7"""|135 lbs.|No Stat|No Stat|No Stat|1.71|56%|3.42|46%|0.00|0%|18%|0.0
542db012217ecb83|Tetsuji Kato|20|10|0|No Stat|155 lbs.|No Stat|Orthodox|No Stat|1.20|29%|2.10|70%|2.00|57%|80%|0.5
6e7506127408aa9e|Nadia Kassem|5|2|0|"5' 5"""|125 lbs.|"66"""|Southpaw|Nov 15, 1995|3.13|41%|4.48|48%|0.46|33%|40%|2.8
5669b828e7e11329|David Kaplan|3|4|0|"5' 7"""|155 lbs.|No Stat|Orthodox|Nov 16, 1979|2.88|46%|4.32|67%|4.88|43%|0%|0.7
5d1b7e3dd9e11074|Manel Kape|21|7|0|"5' 5"""|125 lbs.|"68"""|Southpaw|Nov 14, 1993|5.04|55%|4.05|57%|0.42|30%|81%|0.3
43292ecf0e72c143|Georgi Karakhanyan|26|7|1|"5' 8"""|145 lbs.|No Stat|No Stat|May 29, 1985|4.49|39%|5.00|54%|1.41|50%|33%|1.9
a7897d200692ab64|Kyung Ho Kang|19|11|0|"5' 9"""|135 lbs.|"73"""|Orthodox|Sep 09, 1987|3.13|47%|3.32|54%|1.97|50%|68%|0.8
257b0c8d6f199895|Impa Kasanganay|9|2|0|"5' 11"""|170 lbs.|"75"""|Orthodox|Jan 17, 1994|4.96|48%|3.66|58%|1.75|58%|66%|0.2
853eb0dd5c0e2149|Kai Kara-France|25|12|0|"5' 4"""|125 lbs.|"69"""|Orthodox|Mar 26, 1993|4.46|40%|3.24|64%|0.56|30%|83%|0.0
e361e5c858af6ff1|Alex Karalexis|10|6|0|"5' 8"""|155 lbs.|"66"""|Orthodox|Sep 20, 1977|2.57|42%|2.39|54%|2.70|45%|86%|0.9
3c241737a6069b9f|Denis Kang|35|16|2|"5' 11"""|185 lbs.|"77"""|Orthodox|Sep 17, 1977|2.27|35%|1.65|67%|2.51|65%|38%|1.2
5345f86680378fc1|Ken Kaneko|0|3|0|"6' 0"""|161 lbs.|No Stat|Orthodox|No Stat|0.00|0%|0.94|42%|0.00|0%|0%|3.5
f3a078277b3b8ff4|Masanori Kanehara|26|12|5|"5' 7"""|135 lbs.|"67"""|Orthodox|Nov 19, 1982|1.88|49%|1.63|62%|1.44|50%|63%|0.9
eda579d906cf0ca2|Hiromitsu Kanehara|19|27|5|"5' 10"""|200 lbs.|No Stat|Orthodox|Oct 05, 1970|0.76|22%|4.39|40%|0.00|0%|40%|0.4
efd2b3e9bb7965a4|Bharat Kandare|5|3|0|"5' 7"""|135 lbs.|"72"""|Orthodox|Jun 20, 1987|0.70|10%|1.88|72%|0.00|0%|0%|0.0
b42d3a1469dab722|Koya Kanda|12|5|0|"5' 9"""|145 lbs.|"75"""|Southpaw|Dec 20, 1995|3.63|41%|2.90|53%|2.00|18%|100%|0.0
a497e228cce8a64f|Daichi Kamiya|6|1|0|"5' 8"""|155 lbs.|"68"""|Southpaw|Apr 19, 1999|1.69|53%|4.50|35%|5.07|27%|100%|0.0
8b69839f3555a67b|Martin Kampmann|20|7|0|"6' 0"""|170 lbs.|"72"""|Orthodox|Apr 17, 1982|3.22|42%|3.28|62%|1.86|41%|78%|2.0
eee0ef3e2b14816b|Kai Kamaka|8|4|1|"5' 7"""|145 lbs.|"69"""|Orthodox|Jan 05, 1995|4.96|57%|5.29|55%|1.93|58%|52%|0.3
a46fa1c7972548d0|Shuya Kamikubo|13|2|1|"5' 5"""|135 lbs.|"68"""|Switch|Apr 12, 1993|3.83|54%|4.90|47%|1.50|15%|0%|0.5
a46ab6c64d321c2d|Shah Kamali|4|0|0|No Stat|265 lbs.|No Stat|No Stat|Oct 25, 1998|0.00|0%|0.00|0%|0.00|0%|0%|0.0
9336e86cfd4ceaa1|Bryson Kamaka|12|20|1|"5' 11"""|170 lbs.|No Stat|Orthodox|No Stat|9.47|60%|12.63|0%|0.00|0%|100%|0.0
50a28b9f8314e008|Saidyokub Kakhramonov|10|3|0|"5' 8"""|135 lbs.|"69"""|Orthodox|Nov 14, 1995|2.05|51%|0.88|58%|6.63|48%|83%|1.9
304fcd812f12c589|Geza Kalman|4|9|0|"6' 1"""|200 lbs.|No Stat|No Stat|No Stat|0.00|0%|0.00|0%|0.00|0%|0%|0.0
0565706b1e7f7e7c|Kaiwen|15|6|0|"5' 8"""|145 lbs.|"71"""|Switch|Oct 16, 1995|4.02|51%|4.10|49%|0.54|33%|92%|0.0
2525a853486ee670|Sirwan Kakai|12|5|0|"5' 5"""|135 lbs.|No Stat|Orthodox|Oct 03, 1989|3.57|41%|4.63|62%|4.00|42%|83%|0.0
c1ea9d56cd953586|Emily Kagan|3|3|0|"5' 3"""|115 lbs.|No Stat|No Stat|Jul 14, 1981|2.60|36%|5.29|38%|1.86|14%|50%|0.0
00a35c92b03992b0|Oron Kahlon|16|1|0|"5' 8"""|135 lbs.|"70"""|Orthodox|Nov 04, 1984|0.85|37%|4.93|36%|0.00|0%|40%|0.0
edfe95e3c33a4bf8|Adam Lynn|17|10|0|"5' 10"""|155 lbs.|No Stat|Orthodox|No Stat|1.47|63%|6.95|10%|0.00|0%|50%|0.0
91acd6910b802a9e|Chris Lytle|31|18|5|"5' 11"""|170 lbs.|"68"""|Orthodox|Aug 18, 1974|3.76|45%|3.03|58%|0.70|55%|55%|2.4
710d93f1508f7104|Stevie Lynch|5|2|0|"5' 10"""|170 lbs.|No Stat|Orthodox|No Stat|2.47|25%|7.06|41%|0.00|0%|0%|0.0
5a4913108a3b9190|Lv Zhenhong|16|6|0|"5' 8"""|145 lbs.|"67"""|Switch|Jun 25, 1993|0.00|0%|0.00|0%|0.00|0%|0%|0.0
622f015c81a9b13a|Travis Lutter|10|6|0|"5' 11"""|185 lbs.|"75"""|Orthodox|May 12, 1973|0.41|32%|2.42|42%|1.95|24%|30%|0.7
12630a4aa0894da8|Joilton Lutterbach|38|9|0|"6' 1"""|185 lbs.|"75"""|Orthodox|Nov 05, 1992|0.00|0%|0.00|0%|0.00|0%|0%|0.0
505934897b8b4824|Thaddeus Luster|0|1|0|"6' 3"""|210 lbs.|No Stat|No Stat|No Stat|0.00|0%|0.00|0%|0.00|0%|0%|0.0
4887e5bc4dbb73ff|Alexandru Lungu|14|4|0|"6' 0"""|385 lbs.|No Stat|Orthodox|Sep 03, 1974|3.61|66%|7.22|40%|0.00|0%|0%|0.0
7832f2f62f04178f|Tucker Lutz|12|4|0|"5' 8"""|145 lbs.|"72"""|Orthodox|Jul 12, 1994|3.74|46%|3.25|44%|1.99|44%|69%|0.2
5b1effb0db45273a|Paula Luna|5|3|0|"5' 2"""|125 lbs.|"62"""|Orthodox|Jul 05, 1999|0.65|50%|6.20|17%|0.00|0%|0%|0.0
6d4b63c767106d3a|Vicente Luque|23|11|1|"5' 11"""|170 lbs.|"75"""|Orthodox|Nov 27, 1991|5.02|51%|5.25|52%|0.97|51%|61%|0.7
ce632027bf2a871b|Dalcha Lungiambula|11|6|0|"5' 8"""|185 lbs.|"76"""|Orthodox|Jul 31, 1987|3.07|45%|3.93|52%|2.14|45%|77%|0.0
e26882820f9e8df5|Mike Lullo|8|3|0|"5' 8"""|145 lbs.|No Stat|Orthodox|Jul 24, 1979|2.48|36%|4.84|40%|1.18|11%|0%|0.6
a1ad35b98a9136e5|Lawrence Lui|6|1|0|"5' 7"""|135 lbs.|"72"""|Orthodox|Aug 04, 1996|4.73|50%|2.87|66%|6.00|50%|100%|0.0
84ac950d4c1722dd|Duane Ludwig|21|14|0|"5' 10"""|170 lbs.|"70"""|Orthodox|Aug 04, 1978|4.62|44%|3.05|57%|0.43|25%|59%|0.1
abcf2cc6efc42031|Iasmin Lucindo|17|6|0|"5' 3"""|115 lbs.|"66"""|Orthodox|Jan 08, 2002|2.94|44%|2.53|65%|2.15|60%|54%|0.2
1b35af4d1529adf6|Stephanie Luciano|6|2|1|"5' 6"""|115 lbs.|"65"""|Orthodox|Dec 16, 1999|5.36|41%|3.38|61%|0.67|66%|80%|0.0
9bdebbf2735d14c2|Cleber Luciano|14|6|0|"5' 6"""|155 lbs.|No Stat|No Stat|No Stat|0.00|0%|0.00|0%|0.00|0%|0%|0.0
96087e90d900f0ef|Robert Lucarelli|0|1|0|"6' 2"""|245 lbs.|No Stat|No Stat|No Stat|0.00|0%|0.00|0%|0.00|0%|0%|0.0
668222c99c5c311d|Matt Lucas|15|3|0|"6' 1"""|205 lbs.|No Stat|No Stat|No Stat|1.27|48%|3.93|40%|1.00|10%|0%|0.0
dc1bfd47c3b21ad3|Lu Zhengyong|12|7|0|No Stat|125 lbs.|No Stat|No Stat|No Stat|0.00|0%|0.00|0%|0.00|0%|0%|0.0
a2d23e684b3db732|Lu Kai|8|5|0|"5' 9"""|145 lbs.|"69"""|Orthodox|Mar 01, 1994|3.76|43%|5.51|55%|2.62|50%|100%|2.6
78ac94d54aa7f378|Brandon Lowe|2|1|0|No Stat|155 lbs.|No Stat|No Stat|No Stat|0.00|0%|0.00|0%|0.00|0%|0%|0.0
86248c84834238e7|Joe Lowry|9|2|0|"5' 11"""|155 lbs.|"73"""|Orthodox|Dec 12, 1989|3.97|34%|4.25|63%|0.00|0%|0%|0.0
28f62d866c59c709|Waylon Lowe|16|7|0|"5' 7"""|145 lbs.|No Stat|Southpaw|Oct 31, 1980|1.88|55%|2.40|53%|4.47|55%|83%|0.3
ad044be25c94dcfd|Jakob Lovstad|11|4|0|"6' 3"""|205 lbs.|No Stat|Orthodox|No Stat|0.00|0%|9.43|35%|0.00|0%|0%|0.0
eea0274e153256a0|Ian Loveland|18|10|0|"5' 8"""|145 lbs.|No Stat|Orthodox|Sep 07, 1983|2.71|40%|2.36|64%|1.00|37%|69%|0.3
e601d71cf8e5be22|Rashard Lovelace|4|1|0|No Stat|155 lbs.|No Stat|No Stat|No Stat|0.00|0%|0.00|0%|0.00|0%|0%|0.0
42ac4020cba261ad|Caolan Loughran|10|2|0|"5' 6"""|135 lbs.|"68"""|Orthodox|May 18, 1996|4.73|42%|5.20|52%|3.00|34%|87%|0.0
cbf94e4c4af4ff6d|Nate Loughran|11|2|0|"6' 2"""|185 lbs.|No Stat|Orthodox|Jul 28, 1980|1.81|40%|4.11|59%|0.00|0%|0%|2.1
b788862dd1c11eac|Brendan Loughnane|17|3|0|"5' 10"""|145 lbs.|"70"""|Switch|Dec 05, 1989|6.23|63%|6.70|53%|1.50|30%|92%|0.0
93b62c5f2ba18e51|Gustavo Lopez|12|6|1|"5' 5"""|135 lbs.|"67"""|Orthodox|Jun 27, 1989|2.48|40%|3.87|57%|1.74|41%|31%|0.7
92b5f4ee9ff40321|Alik Lorenz|6|1|0|No Stat|205 lbs.|No Stat|No Stat|Jan 25, 1997|0.00|0%|0.00|0%|0.00|0%|0%|0.0
773f7feacf96153e|Benito Lopez|10|2|0|"5' 10"""|135 lbs.|"73"""|Switch|Apr 06, 1994|4.39|45%|5.18|56%|0.00|0%|73%|0.3
2fc7e9701642ca38|Matthew Lopez|10|4|0|"5' 7"""|135 lbs.|"69"""|Southpaw|Jan 21, 1987|3.13|50%|3.73|55%|3.32|60%|71%|1.3
5148a665aa527865|Christopher Lopez|9|1|0|"5' 10"""|170 lbs.|No Stat|No Stat|Jan 30, 1986|0.00|0%|0.00|0%|0.00|0%|0%|0.0
9681e0ce67dc978b|Federico Lopez|10|6|0|"5' 4"""|139 lbs.|No Stat|Orthodox|No Stat|1.78|23%|5.35|30%|0.00|0%|0%|0.0
6085ceb59087514b|Steve Lopez|13|6|1|"5' 11"""|155 lbs.|No Stat|Orthodox|Jul 30, 1984|1.39|24%|2.69|62%|0.00|0%|37%|0.0
e4faa79383c9f214|Ernesta Kareckaite|6|1|1|"5' 9"""|125 lbs.|"71"""|Orthodox|Jul 05, 1998|7.38|42%|6.09|48%|0.67|66%|82%|0.0
3058888c33149a53|Yusuke Kasuya|9|3|0|"5' 7"""|155 lbs.|No Stat|Southpaw|Nov 16, 1989|2.17|44%|4.34|48%|1.36|33%|0%|0.0
4a9120fa47bafef0|Jinnosuke Kashimura|4|2|0|"5' 7"""|155 lbs.|"71"""|Southpaw|Aug 12, 2001|0.21|50%|7.37|25%|3.16|100%|0%|6.3
f166e93d04a8c274|Diego Lopes|26|7|0|"5' 11"""|145 lbs.|"72"""|Orthodox|Dec 30, 1994|3.70|47%|4.76|46%|0.35|40%|67%|1.9
2aa481e98185e261|Arthur Lopes|6|2|0|"6' 2"""|234 lbs.|"77"""|Southpaw|Feb 17, 1993|9.74|41%|14.87|45%|0.00|0%|0%|0.0
0db9d2486d564a3c|Ivan Lopez|14|3|1|"5' 6"""|135 lbs.|No Stat|Southpaw|No Stat|0.90|26%|2.24|65%|0.00|0%|30%|0.0
8270c00fae24c922|Dileno Lopes|19|3|0|"5' 5"""|135 lbs.|No Stat|No Stat|Sep 26, 1984|2.37|36%|3.33|53%|2.50|31%|100%|1.5
0abcf6bc47191219|Bruno Lopes|14|2|0|"6' 2"""|205 lbs.|"74"""|Orthodox|Apr 24, 1993|2.81|43%|3.38|57%|2.51|33%|100%|0.0
10e04e5e81f391a0|Rocky Long|21|37|1|No Stat|145 lbs.|No Stat|No Stat|Feb 18, 1978|0.00|0%|0.00|0%|0.00|0%|0%|0.0
989be26791d0aad4|Thomas Longacre|6|1|0|"5' 9"""|145 lbs.|No Stat|Orthodox|No Stat|0.00|0%|0.00|0%|0.00|0%|0%|0.0
6d6b9a6cb063b60d|Michael Lombardo|11|2|0|"6' 0"""|170 lbs.|"72"""|Orthodox|Apr 03, 1990|1.47|62%|2.63|31%|2.50|21%|60%|0.0
22e47b53e4ceb27c|David Loiseau|23|11|0|"6' 0"""|185 lbs.|"76"""|Orthodox|Dec 17, 1979|1.59|44%|3.64|43%|0.43|42%|36%|0.1
db1f2ed63b54b9a7|Hector Lombard|34|10|1|"5' 9"""|185 lbs.|"71"""|Southpaw|Feb 02, 1978|3.02|46%|3.35|53%|1.69|48%|77%|0.5
4e30e4250cb08b61|Loma Lookboonmee|10|3|0|"5' 1"""|115 lbs.|"61"""|Orthodox|Jan 18, 1996|3.87|56%|2.47|52%|2.03|51%|73%|0.1
1f70dd67ad507990|Lucas Lopes|29|19|0|"6' 2"""|185 lbs.|No Stat|No Stat|Oct 05, 1979|0.00|0%|0.00|0%|0.00|0%|0%|0.0
1497e735d9f2560a|Ange Loosa|10|5|0|"5' 10"""|170 lbs.|"74"""|Orthodox|Mar 18, 1993|5.46|46%|6.59|52%|2.53|39%|83%|0.2
d5bab53a1a603aac|Ryan Loder|8|2|0|"6' 2"""|185 lbs.|"76"""|Southpaw|Jun 05, 1991|5.76|71%|2.51|50%|1.57|14%|100%|1.6
02f2a9702ba3d167|Artem Lobov|13|15|1|"5' 9"""|145 lbs.|"65"""|Southpaw|Aug 11, 1986|3.52|41%|4.82|50%|0.39|25%|52%|0.0
d3d1ff3f3dfa0931|Sean Loeffler|31|5|0|"6' 3"""|185 lbs.|No Stat|Orthodox|May 23, 1982|0.00|0%|0.00|0%|0.00|0%|0%|0.0
4ab36d70d1b28b58|Christian Lohsen|4|2|0|"6' 2"""|155 lbs.|"77"""|Southpaw|Jan 24, 1995|5.27|49%|6.93|44%|0.00|0%|0%|2.0
9caa254991a5a698|Dylan Lockard|6|2|0|"5' 9"""|145 lbs.|"72"""|Orthodox|May 19, 1992|1.31|53%|3.31|52%|2.31|40%|28%|1.2
7abce81b72fbbd9b|Brian Lo-A-Njoe|6|10|3|"5' 7"""|155 lbs.|No Stat|Orthodox|No Stat|3.87|42%|0.00|0%|0.00|0%|66%|0.0
31652c9267606d54|John Lober|5|9|4|"5' 11"""|199 lbs.|No Stat|Orthodox|Feb 26, 1968|0.00|0%|0.00|0%|0.00|0%|0%|0.0
6448e57a9533b7e4|Abner Lloveras|20|9|1|"5' 11"""|155 lbs.|No Stat|No Stat|Sep 04, 1982|6.27|49%|6.87|43%|2.00|20%|0%|0.0
008c6e1a25751575|Wesley Little|4|8|0|"6' 4"""|205 lbs.|No Stat|No Stat|No Stat|0.00|0%|0.00|0%|0.00|0%|0%|0.0
68c6cd5287b473a7|Dean Lister|13|7|0|"6' 1"""|185 lbs.|"75"""|Orthodox|Feb 13, 1976|1.26|35%|1.89|61%|1.58|15%|50%|1.1
a780d16cf7eed44d|Lucio Linhares|19|8|0|"6' 2"""|185 lbs.|No Stat|Orthodox|Dec 08, 1973|0.99|22%|3.47|34%|1.86|50%|50%|1.9
2c5f5749569eef66|Tainara Lisboa|7|3|0|"5' 7"""|135 lbs.|"67"""|Orthodox|Mar 02, 1991|1.68|43%|1.42|49%|1.53|36%|58%|0.4
93b2b7caa457cbea|James Llontop|14|5|0|"6' 0"""|155 lbs.|"73"""|Orthodox|Aug 02, 1999|5.57|41%|4.12|57%|0.00|0%|54%|0.0
53c943c873cffe90|Philipe Lins|18|5|0|"6' 2"""|205 lbs.|"78"""|Orthodox|Aug 17, 1985|3.80|49%|3.59|46%|1.65|33%|100%|0.0
305d73ede05e31ad|Austin Lingo|9|3|0|"5' 10"""|145 lbs.|"70"""|Orthodox|Jul 10, 1994|3.86|37%|4.86|57%|0.43|66%|75%|0.0
33e00249ef08d3a4|Jake Lindsey|12|7|0|"5' 11"""|155 lbs.|No Stat|Switch|Jun 21, 1986|3.44|52%|4.01|46%|0.65|33%|50%|0.0
c268b2cfebccf652|John Lineker|31|9|0|"5' 3"""|135 lbs.|"67"""|Orthodox|Jun 12, 1990|5.36|40%|4.27|56%|0.56|58%|67%|0.6
a4ef92274a45143d|Emiliano Linares|8|2|0|"5' 8"""|145 lbs.|"72"""|Orthodox|Apr 21, 1997|1.17|28%|3.59|26%|0.00|0%|33%|0.0
0e041d43a47d2e4b|Matt Lindland|22|9|0|"6' 0"""|185 lbs.|"74"""|Southpaw|May 17, 1970|2.62|50%|1.56|52%|3.01|48%|60%|1.3
9256f591b30c073e|Felipe Lima|14|2|0|"5' 6"""|135 lbs.|"68"""|Orthodox|May 07, 1998|2.86|45%|2.91|64%|2.18|27%|85%|0.7
6135fd9665fbb74e|Mabelly Lima|7|1|0|"5' 2"""|135 lbs.|No Stat|Orthodox|Jan 25, 1994|3.07|63%|5.67|44%|0.00|0%|100%|0.0
18c49685296c60e6|Miguel Linares|2|4|0|No Stat|No Stat|No Stat|No Stat|No Stat|6.51|50%|8.84|36%|0.00|0%|0%|0.0
b1f21ce050035d58|Andre Lima|11|0|0|"5' 7"""|125 lbs.|"67"""|Orthodox|Feb 04, 1999|4.06|60%|2.49|57%|1.36|75%|75%|1.1
264111bf62662fbf|Douglas Lima|29|6|0|"6' 1"""|170 lbs.|No Stat|No Stat|Jan 05, 1988|1.92|36%|2.84|60%|0.60|100%|46%|0.0
75a6a390fd5dca46|Juliana Lima|9|5|0|"5' 5"""|115 lbs.|"65"""|Orthodox|Mar 15, 1982|1.94|44%|2.11|55%|1.72|31%|70%|0.0
e9213f53ddeca978|Dhiego Lima|17|9|0|"6' 2"""|170 lbs.|"75"""|Orthodox|Jan 31, 1989|3.12|39%|3.88|58%|1.26|34%|73%|0.6
203c957eac95dd87|Hyun Gyu Lim|13|7|1|"6' 3"""|170 lbs.|"77"""|Orthodox|Jan 16, 1985|4.45|41%|5.07|51%|0.23|100%|73%|0.2
a1bf037613180253|Donnie Liles|17|7|0|"5' 9"""|170 lbs.|No Stat|Orthodox|No Stat|2.25|41%|1.75|65%|2.50|28%|0%|1.2
bbb15f301e4a490a|Jae Suk Lim|17|6|0|"5' 9"""|170 lbs.|No Stat|Orthodox|Nov 09, 1979|2.43|50%|4.05|37%|12.16|100%|100%|0.0
0e31bfd26cc8c503|Chris Liguori|15|10|0|"5' 9"""|185 lbs.|No Stat|Orthodox|No Stat|0.29|33%|1.44|0%|0.00|0%|50%|0.0
998c8890a8dde1eb|Scott Lighty|6|2|0|"6' 2"""|205 lbs.|No Stat|No Stat|Oct 15, 1978|2.91|21%|4.24|49%|0.00|0%|0%|0.0
5d7c18191b8aa432|Zach Light|9|11|0|"5' 8"""|170 lbs.|No Stat|Orthodox|Feb 06, 1974|0.81|33%|1.90|48%|1.36|100%|0%|0.0
a390eb8a9b2df298|Chuck Liddell|21|8|0|"6' 2"""|205 lbs.|"76"""|Orthodox|Dec 17, 1969|2.97|35%|2.71|56%|0.44|75%|81%|0.0
421ccfc6ddb17958|Sam Liera|12|10|0|No Stat|No Stat|No Stat|No Stat|No Stat|0.82|60%|7.36|51%|0.00|0%|66%|0.0
a8aba6fd8a463043|Jess Liaudin|20|11|0|"5' 9"""|170 lbs.|"72"""|Orthodox|No Stat|2.46|51%|2.76|41%|3.28|53%|30%|1.6
11b5a809c3120e27|Rodrigo Lidio|12|3|0|"5' 11"""|155 lbs.|"73"""|Orthodox|Jul 07, 1989|0.97|50%|0.00|100%|0.00|0%|50%|0.0
a307a10414d0ad00|Chi Lewis-Parry|7|0|1|"6' 9"""|243 lbs.|No Stat|No Stat|Aug 10, 1983|0.00|0%|0.00|0%|0.00|0%|0%|0.0
ec0dcceace7d25a3|Liang Na|19|8|0|"5' 5"""|125 lbs.|"67"""|Orthodox|Jul 27, 1996|1.99|42%|3.95|36%|3.60|58%|25%|0.5
4c7afd56ef1947ac|Li Yunfeng|9|5|0|"5' 8"""|135 lbs.|"68"""|Orthodox|Mar 08, 1999|0.53|29%|2.55|35%|0.00|0%|50%|0.0
f60dbe6e05489c4f|Malik Lewis|6|2|0|"6' 0"""|155 lbs.|"75"""|Orthodox|Mar 04, 1996|4.16|45%|5.66|40%|3.98|40%|50%|0.0
e64b96c07d7ce999|Li Jingliang|19|9|0|"6' 0"""|170 lbs.|"71"""|Orthodox|Mar 20, 1988|4.46|42%|3.95|56%|1.19|41%|60%|0.0
6623cb1c27025634|Brandon Lewis|6|2|0|"5' 4"""|135 lbs.|"70"""|Orthodox|Aug 02, 1997|2.17|29%|3.63|53%|1.00|15%|20%|0.0
4a01dc8376736ef5|John Lewis|3|4|3|"6' 0"""|155 lbs.|No Stat|Southpaw|No Stat|0.00|0%|4.00|66%|0.00|0%|0%|0.0
899923ff6ab13917|Bevon Lewis|7|3|0|"6' 3"""|185 lbs.|"79"""|Orthodox|May 05, 1991|3.73|43%|2.67|54%|0.00|0%|66%|0.0
a29db9cd4f9ccea5|Natan Levy|8|2|0|"5' 9"""|155 lbs.|"71"""|Southpaw|Sep 30, 1991|3.70|52%|3.19|58%|5.03|58%|41%|0.5
d3df1add9d9a7efb|Derrick Lewis|29|12|0|"6' 3"""|260 lbs.|"79"""|Orthodox|Feb 07, 1985|2.51|50%|2.49|40%|0.56|26%|52%|0.0
81ddc98fceb30086|Kyle Levinton|0|3|0|No Stat|No Stat|No Stat|No Stat|No Stat|0.00|0%|0.00|0%|0.00|0%|0%|0.0
49590e0508b2c19f|David Levicki|1|3|0|"6' 5"""|275 lbs.|No Stat|No Stat|No Stat|0.00|0%|0.00|0%|0.00|0%|0%|0.0
182f2b78582de3d8|Marcus LeVesseur|22|7|0|"5' 9"""|155 lbs.|"70"""|Southpaw|Jul 17, 1982|2.55|64%|3.70|37%|3.89|36%|83%|0.6
8c3f3c43c8ceb778|Justin Levens|10|7|0|"5' 11"""|185 lbs.|No Stat|Orthodox|Apr 18, 1980|1.24|47%|3.15|37%|1.69|50%|33%|5.1
46a2f24feb258ae0|Valerie Letourneau|8|6|0|"5' 7"""|115 lbs.|"68"""|Orthodox|Apr 29, 1983|4.51|37%|5.40|58%|0.77|45%|66%|0.3
edd8d5d8089a35f8|Frank Lester|11|6|0|"5' 11"""|170 lbs.|No Stat|Orthodox|Jun 10, 1984|2.18|36%|3.82|53%|0.00|0%|0%|0.0
513c6f1715e547a8|Brock Lesnar|5|3|0|"6' 3"""|265 lbs.|"81"""|Orthodox|Jul 12, 1977|3.53|72%|2.11|50%|3.90|55%|60%|0.5
5a8e30ed38a5bc6f|Lukasz Les|8|3|0|No Stat|170 lbs.|No Stat|No Stat|Nov 05, 1981|0.00|0%|0.00|0%|0.00|0%|0%|0.0
8cb78f3a6c2a08f7|Leah Letson|5|3|0|"5' 7"""|145 lbs.|"71"""|Southpaw|Aug 21, 1992|3.06|41%|3.84|52%|0.51|50%|76%|0.0
08ae5cd9aef7ddd3|Kimo Leopoldo|10|7|1|"6' 3"""|235 lbs.|No Stat|Orthodox|Jan 05, 1968|0.76|83%|2.12|30%|4.55|100%|0%|2.3
f1fd8ec1023c89b3|Michael Lerma|0|1|0|No Stat|No Stat|No Stat|No Stat|No Stat|0.00|0%|6.47|45%|0.00|0%|0%|0.0
657d0ed181f04215|Chad Leonhardt|9|4|0|"6' 0"""|170 lbs.|No Stat|No Stat|Feb 19, 1980|0.00|0%|0.00|0%|0.00|0%|0%|0.0
86b9b51a81e9c339|Anthony Leone|15|8|0|"5' 6"""|135 lbs.|No Stat|Orthodox|May 27, 1987|1.94|53%|2.52|56%|1.72|18%|0%|0.0
9dedfdd91070ddd8|Victoria Leonardo|9|7|0|"5' 5"""|125 lbs.|"64"""|Orthodox|Feb 16, 1990|3.22|38%|4.81|47%|1.57|27%|71%|0.0
6fb1ba67bef41b37|Nik Lentz|30|12|2|"5' 8"""|145 lbs.|"68"""|Orthodox|Aug 13, 1984|3.44|47%|3.25|50%|3.30|32%|43%|1.2
6e02c318762f52f1|Alberta Cerra Leon|0|1|0|"5' 8"""|238 lbs.|No Stat|No Stat|No Stat|0.00|0%|0.00|0%|0.00|0%|0%|0.0
e60201cfab7d656d|Jean Francois Lenogue|16|17|3|"6' 0"""|185 lbs.|No Stat|Orthodox|Nov 29, 1972|1.13|34%|0.27|60%|0.00|0%|33%|0.0
7269329bd87eb479|Christophe Leninger|3|4|0|"6' 0"""|200 lbs.|No Stat|Southpaw|No Stat|0.00|0%|0.00|0%|0.00|0%|0%|0.0
f37822d5b3e47517|Giacomo Lemos|6|0|0|"6' 3"""|247 lbs.|"75"""|Orthodox|Jun 23, 1989|0.00|0%|0.00|0%|0.00|0%|0%|0.0
3ae10ac4df3df05c|Jesse Lennox|14|4|0|"5' 9"""|170 lbs.|"72"""|Orthodox|Mar 10, 1982|2.69|32%|3.20|64%|1.22|66%|63%|0.3
d56bb6dff2ae77eb|Stefan Leko|0|3|0|"6' 2"""|215 lbs.|No Stat|Orthodox|Jun 03, 1974|2.40|43%|6.17|68%|0.00|0%|0%|0.0
fd4578cac86d75ca|Gabe Lemley|13|9|0|"5' 8"""|155 lbs.|No Stat|Orthodox|No Stat|0.82|35%|6.03|45%|0.00|0%|0%|0.0
3df5493bb279226f|Amanda Lemos|15|4|1|"5' 4"""|115 lbs.|"65"""|Southpaw|May 22, 1987|2.89|54%|3.46|44%|1.14|62%|59%|0.7
182a73d5b4e57871|Jovan Leka|10|2|0|No Stat|265 lbs.|No Stat|No Stat|Mar 15, 2002|0.00|0%|0.00|0%|0.00|0%|0%|0.0
90550a08f0b02b6f|Claudia Leite|8|3|0|"5' 3"""|135 lbs.|"64"""|Orthodox|Nov 04, 1996|1.27|47%|1.73|57%|1.00|25%|0%|1.0
cfb65863d5099327|Thales Leites|28|9|0|"6' 1"""|185 lbs.|"78"""|Orthodox|Sep 06, 1981|2.13|40%|2.99|52%|2.10|27%|30%|1.1
5817df778cc27274|Ricky Legere Jr.|14|4|0|"5' 8"""|170 lbs.|No Stat|No Stat|No Stat|1.07|41%|1.53|60%|5.00|41%|0%|0.0
9fd299c8356cbf0f|Mackson Lee|9|0|0|No Stat|135 lbs.|No Stat|No Stat|Jan 06, 1999|0.00|0%|0.00|0%|0.00|0%|0%|0.0
98cbbc06074c68a4|Cheyden Leialoha|6|0|0|"5' 8"""|135 lbs.|"73"""|Orthodox|Mar 15, 1994|1.87|28%|3.20|53%|2.00|33%|71%|0.0
b6033505c245e28b|JungHyun Lee|8|1|0|"5' 5"""|125 lbs.|"65"""|Orthodox|Sep 10, 2002|4.27|39%|6.20|38%|0.00|0%|64%|0.0
4f670b7972fa0a2e|Sherron Leggett|21|6|0|"5' 8"""|155 lbs.|No Stat|Southpaw|Oct 27, 1978|2.86|51%|2.08|47%|5.19|80%|33%|0.0
117a06469813e4ef|ChangHo Lee|11|1|0|"5' 8"""|135 lbs.|"69"""|Orthodox|May 09, 1994|4.92|67%|2.35|39%|3.27|33%|37%|0.4
d008d785f6347dc2|JeongYeong Lee|11|3|0|"5' 10"""|145 lbs.|"73"""|Orthodox|Nov 13, 1995|3.38|49%|3.82|50%|0.63|66%|72%|0.3
0d1c163b206e8c5f|Rocky Lee|3|2|0|"5' 9"""|145 lbs.|No Stat|Orthodox|Apr 08, 1987|2.47|51%|5.33|44%|1.00|10%|33%|0.0
05fa626cb33d15b8|Andrea Lee|13|11|0|"5' 6"""|125 lbs.|"69"""|Orthodox|Feb 11, 1989|4.62|45%|3.91|61%|1.65|52%|53%|0.6
ee9ebceabfd16fa7|Kevin Lee|18|8|0|"5' 9"""|170 lbs.|"77"""|Orthodox|Sep 04, 1992|3.88|42%|3.60|50%|3.18|43%|75%|0.8
8bb6f4479685bbcc|Vaughan Lee|14|13|1|"5' 6"""|125 lbs.|"66"""|Orthodox|Oct 15, 1982|3.47|47%|2.07|70%|0.81|33%|72%|1.0
0802be3516ef8f66|Imani Lee|2|4|0|No Stat|No Stat|No Stat|Orthodox|No Stat|0.00|0%|0.94|33%|0.00|0%|0%|0.0
de99da2c0d18d34a|Tae Hyun Lee|1|2|0|"6' 6"""|295 lbs.|No Stat|Orthodox|Jan 17, 1975|1.37|31%|3.89|54%|5.15|100%|0%|0.0
d9e3743bae8d703d|Matt Lee|14|10|1|"5' 11"""|155 lbs.|No Stat|Orthodox|No Stat|0.00|0%|9.68|21%|0.00|0%|0%|0.0
39c568f8c579913e|Eun Soo Lee|17|4|0|"6' 1"""|215 lbs.|No Stat|Orthodox|Mar 07, 1982|0.00|0%|3.05|60%|0.00|0%|50%|0.0
806975e1b4f47b27|Tommy Lee|25|6|0|"5' 7"""|145 lbs.|No Stat|Orthodox|Jan 20, 1977|0.00|0%|0.30|75%|4.57|33%|0%|0.0
4985113c0928aa62|Jackie Lee|0|1|0|No Stat|No Stat|No Stat|No Stat|No Stat|0.00|0%|0.00|0%|0.00|0%|0%|0.0
8caca5857ce0e30b|David Lee|12|10|0|"5' 10"""|155 lbs.|No Stat|Orthodox|No Stat|1.49|50%|3.31|42%|0.00|0%|50%|0.0
863d06a7ef8bc98c|James Lee|15|3|0|"5' 11"""|205 lbs.|No Stat|Southpaw|Sep 22, 1973|1.40|42%|3.72|27%|13.95|50%|0%|7.0
ba1e6cb3d43f7430|Justin Ledet|9|4|0|"6' 4"""|205 lbs.|"80"""|Orthodox|Sep 28, 1988|3.35|39%|4.82|49%|0.23|50%|42%|0.2
c575ab451e3c5b1d|Mickael Lebout|16|7|1|"5' 11"""|155 lbs.|"73"""|Orthodox|Aug 16, 1987|2.60|34%|2.98|54%|0.00|0%|60%|0.0
56ec58954158966a|Stephen Ledbetter|8|3|0|"5' 9"""|145 lbs.|No Stat|Orthodox|Jun 30, 1982|1.20|38%|1.60|57%|5.00|45%|100%|0.0
a3dda21be645be93|Jean Paul Lebosnoyani|8|2|0|No Stat|170 lbs.|No Stat|No Stat|Jan 27, 1999|0.00|0%|0.00|0%|0.00|0%|0%|0.0
28d421729451c8ca|Carlos Leal|22|7|0|"5' 11"""|170 lbs.|"74"""|Orthodox|May 04, 1994|9.57|50%|7.61|53%|0.75|25%|90%|0.0
882b3f5a0774d575|Thanh Le|6|1|0|"5' 9"""|145 lbs.|"74"""|Orthodox|Aug 28, 1985|1.97|40%|1.82|70%|0.00|0%|100%|0.0
49ee5024966efc0d|Mounir Lazzez|11|3|0|"6' 1"""|170 lbs.|"76"""|Orthodox|Nov 16, 1987|7.49|55%|5.42|53%|1.80|57%|71%|0.0
d4f364dd076bb0e2|Cung Le|9|3|0|"5' 9"""|185 lbs.|"70"""|Southpaw|May 25, 1972|4.36|48%|2.98|66%|1.37|71%|88%|0.3
32feae6d9a1e5047|Quang Le|9|2|0|"5' 6"""|135 lbs.|"70"""|Orthodox|Oct 18, 1991|2.70|37%|4.53|47%|3.15|35%|100%|0.5
d43a048a880efdff|Chris Leben|22|11|0|"5' 11"""|185 lbs.|"73"""|Southpaw|Jul 21, 1980|2.87|42%|2.87|52%|1.14|41%|53%|0.8
ac026518a9b4dc0f|Jordan Leavitt|12|3|0|"5' 9"""|155 lbs.|"71"""|Southpaw|Jun 02, 1995|2.49|61%|1.79|57%|2.92|30%|30%|1.3
41498c2d1a87b154|Zviad Lazishvili|13|1|0|"5' 6"""|135 lbs.|"69"""|Orthodox|Oct 25, 1991|4.20|39%|6.13|51%|0.00|0%|0%|0.0
38e5d9dcb0fddc42|Eric Lawson|9|5|0|"6' 0"""|185 lbs.|No Stat|Orthodox|No Stat|1.58|57%|1.97|44%|8.88|42%|0%|3.0
e43eefb10d440cb0|Jimmy Lawson|4|2|0|"6' 0"""|265 lbs.|"77"""|Orthodox|Nov 13, 1991|0.07|8%|1.60|44%|0.00|0%|0%|0.0
777dea713da2441d|Valmir Lazaro|15|5|0|"6' 0"""|155 lbs.|"73"""|Orthodox|Aug 15, 1985|4.87|37%|4.09|61%|1.33|40%|96%|0.0
e7e01e266a9d4342|Ronnie Lawrence|8|2|0|"5' 8"""|135 lbs.|"68"""|Switch|Jun 13, 1992|2.78|56%|1.75|52%|6.75|77%|45%|0.2
ce039df1994b18f0|Lance Lawrence|4|1|0|"6' 1"""|145 lbs.|"74"""|Orthodox|Jun 26, 1993|5.87|50%|9.80|24%|1.00|100%|50%|0.0
879f6cae48d25baa|Justin Lawrence|10|4|0|"5' 8"""|145 lbs.|"67"""|Orthodox|May 15, 1990|3.84|35%|2.83|67%|0.72|28%|73%|0.0
a571770c4016736f|Muhammed Lawal|21|6|0|"6' 0"""|205 lbs.|"78"""|Southpaw|Jan 11, 1981|3.79|52%|1.61|66%|5.96|75%|87%|0.0
4d44f37107f01b9b|Tom Lawlor|10|6|0|"6' 0"""|205 lbs.|"74"""|Southpaw|May 15, 1983|2.50|42%|2.41|60%|2.46|32%|57%|1.4
f2925e6db404bf1d|Robbie Lawler|30|16|0|"5' 11"""|170 lbs.|"74"""|Southpaw|Mar 20, 1982|3.85|47%|4.67|59%|0.65|64%|65%|0.0
5449dcccd972ff83|Chatt Lavender|9|7|0|"5' 8"""|170 lbs.|No Stat|No Stat|May 24, 1976|0.00|0%|0.00|0%|0.00|0%|0%|0.0
aa6da8cb3a26da04|Sandra Lavado|10|3|0|"5' 7"""|115 lbs.|"66"""|Orthodox|May 03, 1994|0.87|37%|2.67|34%|0.00|0%|33%|0.0
e3162dbdbfd78287|Cody Law|9|2|0|No Stat|145 lbs.|No Stat|No Stat|Mar 24, 1995|0.00|0%|0.00|0%|0.00|0%|0%|0.0
4c8d6fde2dde07c4|Dan Lauzon|17|6|0|"5' 10"""|155 lbs.|No Stat|Orthodox|Mar 30, 1988|1.34|25%|4.09|61%|1.63|33%|80%|2.7
ec664422b22d9787|Jenel Lausa|7|5|0|"5' 5"""|125 lbs.|"68"""|Orthodox|Aug 01, 1988|1.44|42%|3.53|53%|0.55|66%|51%|0.8
09224b76d27007ee|Phillip Latu|6|2|0|"6' 3"""|205 lbs.|"76"""|Orthodox|Feb 17, 1991|3.40|51%|7.07|31%|0.00|0%|100%|0.0
5898357a45a73674|Sione Latu|1|0|0|"6' 0"""|215 lbs.|No Stat|No Stat|No Stat|0.00|0%|0.00|0%|0.00|0%|0%|0.0
5eedbf1e9601be35|Brock Larson|42|10|0|"5' 11"""|170 lbs.|"71"""|Southpaw|Aug 23, 1977|1.39|46%|1.50|55%|2.67|34%|43%|2.0
3bad7ef643840f67|Joe Lauzon|28|16|0|"5' 10"""|155 lbs.|"71"""|Orthodox|May 22, 1984|2.84|39%|5.39|54%|2.39|45%|54%|2.0
e9a3aeb207578eea|Ilir Latifi|17|9|0|"5' 10"""|230 lbs.|"73"""|Orthodox|Jul 28, 1982|2.05|45%|2.93|56%|2.11|35%|100%|0.3
7107e53ebd7435fb|Ryan Larson|6|2|0|No Stat|170 lbs.|No Stat|No Stat|Dec 30, 1980|0.00|0%|0.00|0%|0.00|0%|0%|0.0
c3bd649a9194e50c|Jeremy Larsen|8|5|0|"5' 10"""|145 lbs.|"70"""|Orthodox|May 18, 1984|4.87|48%|5.75|57%|2.49|33%|0%|0.0
9450848a71d53776|Lorenz Larkin|18|6|0|"5' 11"""|170 lbs.|"72"""|Orthodox|Sep 03, 1986|3.53|46%|2.74|63%|0.27|42%|79%|0.1
49efbdc6c9f650c4|Icho Larenas|6|5|0|"6' 3"""|235 lbs.|No Stat|Orthodox|Mar 12, 1980|0.17|15%|2.50|28%|0.00|0%|14%|0.0
cd2e5a390821fb48|TJ Laramie|12|5|0|"5' 6"""|145 lbs.|"66"""|Orthodox|Oct 15, 1997|1.49|50%|2.64|38%|1.44|33%|40%|0.0
f3a853544e4413c4|Anthony Lapsley|23|7|0|"5' 9"""|170 lbs.|No Stat|Southpaw|Feb 13, 1980|0.53|34%|0.58|66%|0.00|0%|20%|0.0
c03a5022f8439f2a|Chad Laprise|13|4|0|"5' 10"""|170 lbs.|"71"""|Orthodox|Jul 23, 1986|4.78|42%|3.59|65%|1.05|54%|78%|0.0
8b1ed83b02303075|Taylor Lapilus|21|4|0|"5' 6"""|135 lbs.|"73"""|Southpaw|Apr 08, 1992|4.59|48%|2.61|62%|0.27|33%|77%|0.3
b8980dd7e8fc5976|Lionel Lanham|5|1|0|No Stat|205 lbs.|No Stat|No Stat|Aug 31, 1980|0.00|0%|0.00|0%|0.00|0%|0%|0.0
2eeaefbfc7f9fcff|Lina Lansberg|10|8|0|"5' 7"""|135 lbs.|"65"""|Orthodox|Mar 13, 1982|2.69|55%|3.87|44%|0.52|27%|47%|0.1
d73e856f150744b2|Aaron Lanfranco|5|1|0|No Stat|155 lbs.|No Stat|No Stat|Aug 26, 1986|0.00|0%|0.00|0%|0.00|0%|0%|0.0
09422812370fbdfe|Jeremy Lang|21|2|0|"5' 11"""|205 lbs.|No Stat|Southpaw|May 11, 1975|1.13|50%|1.41|42%|4.22|60%|0%|4.2
be9bdec19b7e9ffe|Austen Lane|13|7|0|"6' 6"""|245 lbs.|"80"""|Orthodox|Nov 09, 1987|2.74|50%|2.23|40%|1.52|28%|33%|0.0
583ee11abddfc581|Nate Landwehr|18|7|0|"5' 9"""|145 lbs.|"72"""|Orthodox|Jun 06, 1988|5.63|45%|5.83|52%|0.76|41%|71%|0.8
7e062824c175f975|Jose Landi-Jons|29|16|0|"5' 11"""|170 lbs.|No Stat|Orthodox|Sep 09, 1973|0.99|40%|0.77|43%|2.20|80%|40%|2.2
5be86bb2f78fef2f|Jason Lambert|26|13|0|"6' 3"""|185 lbs.|"75"""|Orthodox|Jun 03, 1975|3.21|58%|1.84|50%|1.35|36%|28%|2.4
7d06092326c52528|Todd Lally|2|1|0|"5' 7"""|145 lbs.|No Stat|Orthodox|No Stat|0.00|0%|0.00|0%|0.00|0%|0%|0.0
e62ce041bb7aeb1f|Sean Lally|7|3|0|"6' 0"""|170 lbs.|No Stat|Orthodox|Nov 04, 1990|5.34|39%|7.23|30%|0.00|0%|0%|0.0
c7e9d15cfce52f1d|Tim Lajcik|7|6|1|"6' 1"""|225 lbs.|No Stat|Orthodox|Jun 21, 1965|0.00|0%|0.00|0%|0.00|0%|0%|0.0
f998f5c102250d6e|Yohan Lainesse|9|3|0|"6' 1"""|170 lbs.|"76"""|Orthodox|Aug 14, 1992|2.22|41%|3.38|58%|0.94|28%|72%|0.5
fbe9f4efc2153be2|Corinne Laframboise|8|5|0|"5' 4"""|125 lbs.|"65"""|Orthodox|May 25, 1989|3.16|68%|1.89|47%|3.16|100%|33%|0.0
4c7781da8c6cae93|Ryan LaFlare|14|3|0|"6' 1"""|170 lbs.|"74"""|Southpaw|Oct 01, 1983|2.89|40%|1.86|63%|2.13|44%|58%|0.2
d4691518d012b9e7|Aspen Ladd|9|3|0|"5' 6"""|135 lbs.|"66"""|Orthodox|Mar 01, 1995|3.78|47%|4.65|47%|1.56|47%|62%|0.6
2d0b10789feafddb|Jerome LeBanner|3|2|0|"6' 3"""|265 lbs.|No Stat|Southpaw|Dec 26, 1972|0.92|35%|1.03|37%|0.00|0%|50%|0.0
3974fa35c917af1d|Ricardo Lamas|20|8|0|"5' 8"""|145 lbs.|"71"""|Orthodox|May 21, 1982|3.13|47%|2.87|57%|1.84|33%|46%|0.9
6fc506e1099afe20|Luan Lacerda|12|3|0|"5' 7"""|135 lbs.|"71"""|Orthodox|Jan 07, 1993|4.52|44%|7.07|47%|1.26|25%|75%|0.6
eb84192d1a97f69e|Kemran Lachinov|3|2|0|No Stat|170 lbs.|No Stat|No Stat|No Stat|0.00|0%|0.00|0%|0.00|0%|0%|0.0
31bb0772f21cabd8|Daniel Lacerda|11|6|0|"5' 6"""|125 lbs.|"70"""|Switch|Jun 05, 1996|3.95|45%|8.28|34%|2.32|50%|0%|1.2
9f755fb04cc21499|Noad Lahat|11|2|0|"5' 9"""|145 lbs.|"69"""|Orthodox|Jun 08, 1984|2.79|46%|1.47|63%|2.37|26%|16%|2.4
e5ca2bc2451a5956|Tina Lahdemaki|5|1|0|"5' 2"""|115 lbs.|No Stat|Orthodox|May 28, 1988|1.93|20%|4.67|57%|0.00|0%|16%|0.0
4fe1d105af549845|Jeremiah Labiano|11|5|0|"5' 10"""|135 lbs.|No Stat|No Stat|No Stat|0.00|0%|0.00|0%|0.00|0%|0%|0.0
49d2a08964c5eb11|Nursulton Ruziboev|36|9|2|"6' 5"""|185 lbs.|"76"""|Orthodox|Nov 19, 1993|2.59|46%|2.89|48%|0.75|66%|33%|0.0
03688dc3c3af3ac1|Bas Rutten|28|4|1|"6' 1"""|205 lbs.|No Stat|Orthodox|Feb 24, 1965|5.59|61%|2.06|79%|0.00|0%|0%|0.0
e5a898f2a1afec67|Mashrabjon Ruzibaev|20|4|1|"5' 8"""|155 lbs.|"67"""|Orthodox|Feb 16, 1996|0.00|0%|0.00|0%|0.00|0%|0%|0.0
5108b169b5fe1f86|Josh LaBerge|11|6|0|"5' 10"""|145 lbs.|No Stat|No Stat|No Stat|2.53|36%|5.33|44%|0.00|0%|71%|0.0
b40e65d71a8d4ce5|Ben Lagman|6|5|0|"6' 2"""|185 lbs.|No Stat|No Stat|Sep 04, 1986|0.00|0%|0.00|0%|0.00|0%|0%|0.0
1235b31de15d0c6e|Montserrat Conejo Ruiz|10|4|0|"5' 0"""|115 lbs.|"61"""|Southpaw|Feb 03, 1993|0.79|27%|4.96|37%|2.05|83%|33%|0.8
657c21cb133f1445|Anthony Ruiz|33|22|0|"6' 2"""|205 lbs.|No Stat|Orthodox|Nov 03, 1977|2.56|64%|1.67|28%|1.43|31%|21%|0.0
7b9aa973e5c04624|Eddie Ruiz|1|1|0|"5' 7"""|155 lbs.|No Stat|Orthodox|Jun 10, 1967|0.20|25%|1.40|47%|2.00|12%|0%|0.0
9c393e836a852f30|Mauricio Ruffy|12|1|0|"5' 11"""|155 lbs.|"75"""|Orthodox|Jun 17, 1996|4.54|58%|4.59|61%|0.00|0%|100%|0.0
92aed9d16794f42b|Robert Ruchala|11|1|0|No Stat|145 lbs.|No Stat|No Stat|May 15, 1998|0.00|0%|0.00|0%|0.00|0%|0%|0.0
ccba80d4820ef557|Gabe Ruediger|18|8|0|"5' 10"""|155 lbs.|No Stat|Orthodox|Aug 29, 1977|1.70|31%|5.16|41%|2.04|11%|28%|0.0
353de740bb6c7e75|Mike Russow|15|3|0|"6' 1"""|255 lbs.|"73"""|Orthodox|Sep 11, 1976|1.55|47%|2.90|59%|4.66|43%|0%|0.7
babc0b19e89cec6e|Paul Ruiz|7|4|0|"5' 6"""|135 lbs.|No Stat|No Stat|Jun 23, 1987|1.40|33%|1.40|75%|0.00|0%|100%|20.9
c4731f43693b96b8|Rodolfo Rubio Perez|10|16|1|"5' 5"""|145 lbs.|No Stat|Orthodox|Jan 29, 1987|1.13|36%|1.00|62%|2.00|33%|33%|0.0
94070f6544c4b2a5|Rodrigo Ruas|4|5|1|"5' 10"""|185 lbs.|No Stat|Orthodox|Oct 06, 1977|1.28|35%|7.00|41%|0.00|0%|0%|0.0
597db668b01c442c|Marco Ruas|9|4|2|"6' 1"""|210 lbs.|No Stat|Orthodox|Jan 23, 1961|0.00|0%|0.00|0%|0.00|0%|0%|0.0
09f8c233de88998d|Brad Royster|1|2|0|No Stat|135 lbs.|No Stat|No Stat|No Stat|0.00|0%|0.00|0%|0.00|0%|0%|0.0
712aa894b3a344df|Kain Royer|2|2|0|No Stat|185 lbs.|No Stat|No Stat|No Stat|0.00|0%|1.63|14%|0.00|0%|0%|4.1
2cd428e9606856fd|Jairzinho Rozenstruik|15|6|0|"6' 2"""|242 lbs.|"78"""|Orthodox|Mar 17, 1988|3.48|48%|2.63|52%|0.00|0%|72%|0.0
6e15f63b6c2e2c15|Brandon Royval|17|8|0|"5' 9"""|125 lbs.|"68"""|Southpaw|Aug 16, 1992|5.55|41%|4.23|43%|0.67|75%|45%|1.1
8e382b585a92affe|Phil Rowe|11|5|0|"6' 3"""|170 lbs.|"80"""|Orthodox|Jul 18, 1990|3.99|49%|4.38|53%|0.60|36%|56%|0.3
8ebc3a8da015d70c|Cam Rowston|8|3|0|"6' 2"""|185 lbs.|"78"""|Orthodox|Jan 19, 1995|2.13|49%|1.87|47%|0.00|0%|28%|1.0
9d7fbf438766791f|Roberta Rovel|4|1|0|"5' 8"""|145 lbs.|No Stat|No Stat|No Stat|0.87|46%|3.00|26%|0.00|0%|100%|0.0
cba3a2dfbc06ce79|Ray Routh|2|1|0|"5' 8"""|185 lbs.|No Stat|Orthodox|No Stat|0.54|21%|3.22|28%|2.69|33%|0%|0.0
8bdac25ce0bb874d|Ronda Rousey|12|2|0|"5' 7"""|135 lbs.|"66"""|Orthodox|Feb 01, 1987|4.17|52%|4.14|44%|6.26|68%|50%|4.8
140745cbbcb023ac|Mauricio Rua|27|14|1|"6' 1"""|205 lbs.|"76"""|Orthodox|Nov 25, 1981|3.57|50%|2.79|54%|2.01|48%|49%|0.7
90e7447d8b7f3f35|Murilo Rua|20|13|1|"5' 11"""|185 lbs.|No Stat|Orthodox|May 22, 1980|2.48|45%|1.85|53%|1.97|45%|37%|1.2
872b018076f831b0|Rick Roufus|4|6|0|"6' 0"""|207 lbs.|No Stat|Southpaw|No Stat|0.53|33%|1.06|33%|0.00|0%|50%|0.0
af49a6c491ca22a3|Kristian Rothaermel|4|3|0|"6' 0"""|205 lbs.|No Stat|Open Stance|Jan 31, 1972|0.75|50%|2.49|41%|0.00|0%|0%|0.0
ff3a915256b899c0|Nick Rossborough|26|19|1|"6' 5"""|205 lbs.|No Stat|No Stat|Nov 18, 1981|2.80|35%|4.33|35%|0.00|0%|100%|0.0
749f572d1d3161fb|Khalil Rountree Jr.|15|6|0|"6' 1"""|205 lbs.|"76"""|Southpaw|Feb 26, 1990|3.79|40%|4.24|49%|0.00|0%|58%|0.1
51c655162e462ceb|Shannon Ross|13|9|0|"5' 6"""|125 lbs.|"66"""|Switch|May 12, 1989|5.96|39%|7.39|55%|0.00|0%|100%|0.0
208b6926916867c7|Zach Rosol|3|2|0|No Stat|243 lbs.|No Stat|No Stat|No Stat|0.00|0%|14.21|25%|0.00|0%|0%|0.0
598a58db87b890ee|Kevin Rosier|2|6|0|"6' 4"""|275 lbs.|No Stat|Orthodox|No Stat|0.00|0%|0.00|0%|0.00|0%|0%|0.0
bd58d34e39b7b12a|Ben Rothwell|39|14|0|"6' 4"""|265 lbs.|"78"""|Orthodox|Oct 17, 1981|3.71|42%|4.63|47%|0.68|34%|70%|0.4
91ea901c458e95dd|Jared Rosholt|14|4|0|"6' 2"""|265 lbs.|"75"""|Orthodox|Aug 04, 1986|2.08|46%|1.52|59%|1.83|41%|66%|0.1
4f2fcbefb668689d|Jake Rosholt|12|5|0|"6' 1"""|185 lbs.|No Stat|Orthodox|Feb 09, 1982|2.68|53%|2.33|49%|6.51|68%|0%|1.8
fe2babf95de24fb1|Raul Rosas Jr.|11|1|0|"5' 9"""|135 lbs.|"67"""|Switch|Oct 08, 2004|1.51|44%|1.37|50%|4.01|41%|0%|1.1
b9163ec845c3bfc8|Hilarie Rose|4|2|0|"5' 3"""|115 lbs.|"63"""|Orthodox|Nov 11, 1992|2.33|33%|6.13|44%|0.00|0%|100%|0.0
f7faf5b19e0dec2e|Jacob Rosales|13|7|0|"5' 11"""|155 lbs.|"74"""|Orthodox|Jul 28, 1995|7.19|46%|10.66|44%|1.12|18%|50%|0.6
351c4ec637380ad5|Karol Rosa|19|7|0|"5' 5"""|135 lbs.|"67"""|Orthodox|Dec 30, 1994|6.22|55%|4.84|49%|1.09|46%|70%|0.0
11f8860028b68fcf|Aaron Rosa|18|6|0|"6' 4"""|205 lbs.|"77"""|Orthodox|May 28, 1983|4.03|47%|4.41|45%|0.36|33%|85%|0.4
0f6528b461e47462|Joao Roque|7|2|4|"5' 6"""|155 lbs.|No Stat|Orthodox|Jul 22, 1971|0.00|0%|0.00|0%|0.00|0%|0%|0.0
5580771f383e141f|Jesse Ronson|21|12|0|"5' 10"""|155 lbs.|"70"""|Southpaw|Dec 24, 1985|3.54|47%|3.39|57%|0.46|28%|57%|0.5
40093d1d2d78394e|Charles Rosa|14|8|0|"5' 9"""|145 lbs.|"69"""|Switch|Aug 24, 1986|3.08|36%|3.86|47%|1.67|35%|38%|1.0
a13d755965a4ec9f|Rongzhu|26|6|0|"5' 9"""|155 lbs.|"71"""|Orthodox|Mar 07, 2000|5.90|51%|5.51|50%|1.56|62%|84%|0.2
4a043165cf47cab2|Juancamilo Ronderos|4|2|0|"5' 3"""|125 lbs.|"64"""|Southpaw|Feb 17, 1995|2.18|30%|2.18|63%|2.72|33%|0%|0.0
82cbb809d5ee565c|Mara Romero Borella|12|9|0|"5' 6"""|125 lbs.|"69"""|Orthodox|Jun 03, 1986|2.54|37%|2.48|71%|1.83|44%|66%|0.2
3c0437fbeda06962|George Roop|15|13|1|"6' 1"""|135 lbs.|"72"""|Orthodox|Nov 10, 1981|3.43|34%|2.47|60%|1.05|57%|59%|0.1
8173f134396cb971|Cortavious Romious|9|4|0|"5' 4"""|135 lbs.|"68"""|Southpaw|Jan 06, 1994|1.91|38%|3.46|39%|2.29|66%|64%|0.8
33df417d0017eb0c|Kaleio Romero|6|2|0|"5' 10"""|145 lbs.|"69"""|Switch|Apr 19, 1996|2.60|48%|3.27|50%|1.00|8%|0%|1.0
15ea371202eb25e1|Roberto Romero|8|5|1|"5' 8"""|145 lbs.|"70"""|Orthodox|Jan 30, 2000|4.56|49%|6.44|44%|0.00|0%|71%|0.0
6f81399074fcdbba|Anthony Romero|8|0|0|"5' 11"""|155 lbs.|"70"""|Orthodox|Feb 25, 1997|5.87|52%|4.00|65%|2.00|22%|100%|0.0
744e098e065cfdbe|Ricardo Romero|11|3|0|"6' 0"""|205 lbs.|"76"""|Orthodox|Apr 15, 1978|2.17|55%|4.77|46%|1.63|10%|100%|3.3
c0badf3243907e59|Alexandr Romanov|18|3|0|"6' 2"""|262 lbs.|"75"""|Southpaw|Dec 11, 1990|3.78|51%|2.13|54%|4.49|55%|28%|0.9
f77c68bb4be8516d|Yoel Romero|13|5|0|"6' 0"""|185 lbs.|"73"""|Southpaw|Apr 30, 1977|3.44|49%|3.05|60%|1.57|30%|78%|0.0
3b83fec860a45ca1|Tim Roman|3|4|0|"6' 1"""|170 lbs.|No Stat|No Stat|Jun 08, 1985|0.60|40%|2.40|40%|1.00|100%|16%|0.0
c4b6099f0d25f75e|Jared Rollins|8|4|0|"5' 9"""|170 lbs.|No Stat|Orthodox|Jan 26, 1977|3.33|57%|2.41|39%|2.50|50%|50%|1.2
59a27d2e6d0802ac|Max Rohskopf|5|1|0|"6' 1"""|155 lbs.|"71"""|Orthodox|Sep 27, 1994|1.70|31%|5.80|42%|3.00|33%|0%|1.5
75e0d3cc2262b732|Shane Roller|11|7|0|"5' 10"""|155 lbs.|"72"""|Orthodox|Jul 14, 1979|2.04|34%|2.65|60%|2.46|33%|42%|1.9
36f3d235493d35ad|Pete Rogers Jr.|2|4|0|"6' 0"""|145 lbs.|No Stat|No Stat|No Stat|0.66|15%|1.71|65%|0.00|0%|0%|0.0
f304aff405c4a8fa|Brian Rogers|14|9|0|"5' 11"""|185 lbs.|No Stat|No Stat|Feb 15, 1984|4.79|38%|5.76|58%|1.22|50%|100%|0.6
2804ce8dadab5770|Marcelo Rojo|16|10|0|"5' 8"""|145 lbs.|"71"""|Orthodox|Jul 02, 1988|4.92|39%|6.42|55%|0.46|50%|66%|0.0
9141bb39310773c7|Brett Rogers|17|10|0|"6' 5"""|265 lbs.|"81"""|Orthodox|Feb 17, 1981|3.17|44%|3.20|46%|0.00|0%|58%|0.0
7195e2a932686f82|Nick Roehrick|7|1|0|"6' 2"""|205 lbs.|No Stat|Orthodox|Jul 06, 1987|2.31|17%|6.92|44%|0.00|0%|0%|0.0
e375cb5caf4717b6|Piera Rodriguez|11|2|0|"5' 3"""|115 lbs.|"63"""|Orthodox|Nov 11, 1992|3.40|48%|2.63|57%|4.06|51%|66%|0.0
5ec591b78349ba7e|Christian Rodriguez|12|3|0|"5' 7"""|145 lbs.|"71"""|Orthodox|Dec 17, 1997|3.63|50%|2.66|54%|1.84|46%|69%|1.2
f6e5972c9d16c40e|Victor Rodriguez|7|4|0|"5' 5"""|125 lbs.|"67"""|Switch|Sep 05, 1992|1.59|37%|6.11|50%|0.00|0%|0%|0.0
ab943cd2c3c17825|Marcos Rogerio de Lima|22|10|1|"6' 1"""|253 lbs.|"75"""|Orthodox|Jun 25, 1985|3.70|57%|2.90|51%|1.40|45%|59%|0.5
776d4262c4da38bf|Pete Rodriguez|5|2|0|"5' 9"""|170 lbs.|"71"""|Switch|Nov 13, 1996|9.28|43%|12.83|42%|0.00|0%|100%|0.0
dc3b9cf7641b7ab6|Drako Rodriguez|7|3|0|"5' 8"""|135 lbs.|"69"""|Orthodox|Jun 16, 1996|3.37|36%|4.40|58%|2.93|66%|75%|0.7
f2900678e98f6d6a|Ronaldo Rodriguez|17|3|0|"5' 6"""|125 lbs.|"65"""|Orthodox|May 07, 1999|2.71|43%|3.80|44%|1.09|36%|64%|0.8
90e0985df05e51bc|Ray Rodriguez|16|8|0|"5' 7"""|135 lbs.|"70"""|Orthodox|Dec 10, 1987|0.90|27%|3.89|40%|1.42|50%|44%|0.0
18b602842a24f7c5|Mike Rodriguez|11|7|0|"6' 4"""|205 lbs.|"82"""|Southpaw|Nov 28, 1988|4.35|53%|4.24|41%|0.00|0%|37%|0.0
cd2c4d30c6e13b47|Marina Rodriguez|17|6|2|"5' 6"""|115 lbs.|"65"""|Orthodox|Apr 29, 1987|4.51|46%|3.01|55%|0.27|50%|61%|0.3
8a1f3b5c526cd6e6|Daniel Rodriguez|20|5|0|"6' 1"""|170 lbs.|"74"""|Southpaw|Dec 31, 1986|7.20|49%|5.40|57%|0.51|50%|64%|0.1
5a6e4d2f0c76a242|Manuel Rodriguez|11|5|0|"5' 9"""|170 lbs.|No Stat|Orthodox|Apr 25, 1985|0.81|33%|3.23|38%|9.09|75%|0%|0.0
cbf5e6f231b55443|Yair Rodriguez|21|6|0|"5' 11"""|145 lbs.|"71"""|Orthodox|Oct 06, 1992|4.65|46%|3.78|52%|0.71|29%|59%|0.6
26eddcda9d6b2ffe|Paul Rodriguez|10|9|2|"5' 7"""|155 lbs.|No Stat|Orthodox|No Stat|0.84|100%|1.68|68%|0.00|0%|50%|0.0
50cc91ce2982785d|Ricco Rodriguez|53|25|0|"6' 4"""|265 lbs.|No Stat|Orthodox|Aug 19, 1977|1.85|51%|1.15|61%|2.30|39%|40%|1.0
102a8fdf8cbf7467|Kleydson Rodrigues|8|4|0|"5' 5"""|135 lbs.|"67"""|Orthodox|Oct 22, 1995|4.58|57%|2.29|53%|0.60|22%|53%|0.6
1abf785143f8d5ec|Kevin Roddy|15|16|1|"5' 11"""|145 lbs.|No Stat|No Stat|No Stat|2.64|30%|2.38|60%|0.00|0%|50%|0.0
c75b99887c8c3f5a|Keith Rockel|12|4|1|"6' 0"""|185 lbs.|No Stat|Orthodox|No Stat|1.13|73%|0.21|66%|4.63|75%|100%|4.6
d1c65d2cf2925ddd|Gregory Rodrigues|17|6|0|"6' 3"""|185 lbs.|"75"""|Orthodox|Feb 17, 1992|5.54|51%|5.04|50%|2.21|38%|90%|0.3
e0d3d9b564f95635|Lucas Rocha|17|2|0|"5' 3"""|125 lbs.|"64"""|Orthodox|Aug 12, 2000|2.00|44%|4.48|39%|0.00|0%|61%|0.0
5921fd3f889afa3b|Pedro Rocha|1|0|0|No Stat|No Stat|No Stat|No Stat|No Stat|0.00|0%|0.00|0%|0.00|0%|0%|0.0
00e11b5c8b7bfeeb|Luke Rockhold|16|6|0|"6' 3"""|185 lbs.|"77"""|Southpaw|Oct 17, 1984|4.10|49%|2.68|53%|0.70|29%|65%|1.0
4f736494fc733095|Carlos Eduardo Rocha|9|4|0|"5' 10"""|170 lbs.|"73"""|Orthodox|Jul 12, 1981|1.24|34%|1.85|55%|0.00|0%|52%|1.4
2782235b078b72a7|Damonte Robinson|6|1|1|"6' 0"""|155 lbs.|"77"""|No Stat|Jun 10, 1995|0.00|0%|0.00|0%|0.00|0%|0%|0.0
52b6bf4528130e86|Shaqueme Rock|12|1|1|No Stat|155 lbs.|No Stat|No Stat|Nov 05, 1993|0.00|0%|0.00|0%|0.00|0%|0%|0.0
d403b1a6f278c95e|Vagner Rocha|14|4|0|"5' 10"""|155 lbs.|"73"""|Orthodox|Jun 06, 1982|2.64|42%|4.50|48%|1.40|33%|50%|1.9
1a1a4d7a29041d77|Colin Robinson|10|12|0|"6' 4"""|243 lbs.|No Stat|Orthodox|Nov 27, 1968|6.19|69%|7.91|37%|2.58|100%|50%|5.2
cbe79765d44bd172|Alvin Robinson|15|9|0|"5' 9"""|155 lbs.|"68"""|Southpaw|Jul 16, 1982|1.57|50%|1.29|51%|1.24|50%|25%|1.2
b2aa1e07b5b3306e|Chad Robichaux|13|2|0|"5' 4"""|135 lbs.|No Stat|No Stat|Aug 18, 1975|0.00|0%|0.00|0%|0.00|0%|0%|0.0
4604ab1de9058474|Mark Robinson|1|0|0|"6' 0"""|265 lbs.|No Stat|Orthodox|No Stat|0.00|0%|5.80|13%|0.00|0%|0%|0.0
6e0273f9478be71e|Kenny Robertson|15|5|0|"5' 10"""|170 lbs.|"74"""|Orthodox|Feb 14, 1984|3.72|47%|3.02|52%|1.37|26%|57%|0.8
38c7f72747f4f712|Gillian Robertson|16|8|0|"5' 5"""|115 lbs.|"63"""|Orthodox|May 17, 1995|2.86|48%|2.86|56%|2.74|40%|41%|0.9
689502703bbfe5f2|Adilet Nurmatov|13|2|0|No Stat|155 lbs.|No Stat|No Stat|Aug 02, 1997|0.00|0%|0.00|0%|0.00|0%|0%|0.0
029e1293e609fd74|Abubakar Nurmagomedov|17|4|1|"5' 11"""|170 lbs.|"72"""|Orthodox|Nov 13, 1989|2.78|53%|2.61|65%|1.25|22%|88%|0.0
2b6fc1c02736833d|Umar Nurmagomedov|18|1|0|"5' 8"""|135 lbs.|"69"""|Orthodox|Jan 03, 1996|4.38|57%|2.15|60%|3.26|39%|78%|0.3
37c5366d18ed6c05|Roosevelt Roberts|12|6|0|"6' 2"""|155 lbs.|"73"""|Orthodox|Feb 11, 1994|2.84|43%|3.10|52%|1.18|26%|50%|0.7
032cc3922d871c7f|Khabib Nurmagomedov|29|0|0|"5' 10"""|155 lbs.|"70"""|Orthodox|Sep 20, 1988|4.10|48%|1.75|65%|5.32|48%|84%|0.8
709fadb644ee3f51|Diyar Nurgozhay|10|1|0|"6' 2"""|205 lbs.|"74"""|Southpaw|Apr 22, 1997|3.13|48%|3.40|59%|2.00|100%|100%|0.0
0fd5f4b838e890cc|Said Nurmagomedov|18|5|0|"5' 8"""|135 lbs.|"70"""|Orthodox|Apr 05, 1992|3.08|48%|2.05|55%|0.86|15%|63%|1.1
68d35296f566792b|Josiane Nunes|10|4|0|"5' 2"""|135 lbs.|"67"""|Southpaw|Dec 23, 1993|5.65|43%|5.76|51%|0.00|0%|58%|0.0
8667caa0451d245b|Kennedy Nzechukwu|14|6|0|"6' 5"""|236 lbs.|"83"""|Southpaw|Jun 13, 1992|5.33|46%|4.89|51%|0.55|45%|80%|0.2
d343df8ba11f4c4e|Nina Nunes|11|7|0|"5' 5"""|125 lbs.|"64"""|Orthodox|Dec 03, 1985|4.39|45%|3.47|55%|0.24|33%|73%|0.5
3a24769a4855040a|Diego Nunes|19|7|0|"5' 6"""|145 lbs.|"67"""|Orthodox|Nov 30, 1982|2.72|43%|2.59|58%|1.18|44%|65%|0.6
80fa8218c99f9c58|Amanda Nunes|23|5|0|"5' 8"""|135 lbs.|"69"""|Orthodox|May 30, 1988|4.55|51%|2.62|57%|2.73|54%|82%|0.7
b37321c0bb9e8570|Azamat Nuftillaev|17|1|1|No Stat|265 lbs.|No Stat|No Stat|Jan 01, 1994|0.00|0%|0.00|0%|0.00|0%|0%|0.0
efc67b07eed39794|Istela Nunes|6|6|0|"5' 4"""|115 lbs.|"66"""|Orthodox|Jul 23, 1992|4.28|47%|4.07|59%|0.00|0%|47%|0.0
b2a2da86546ddb19|Buddy Roberts|12|3|0|"6' 2"""|185 lbs.|No Stat|Orthodox|Oct 17, 1982|2.17|34%|2.08|70%|0.00|0%|76%|0.7
22edaf53ad59a967|Daniel Roberts|15|7|0|"5' 10"""|170 lbs.|"74"""|Southpaw|Aug 05, 1980|0.73|20%|2.27|46%|2.46|44%|40%|2.5
c5ec23983dc2d8f4|Taylor Roberts|3|12|0|"5' 11"""|170 lbs.|No Stat|No Stat|No Stat|0.00|0%|0.00|0%|0.00|0%|0%|0.0
35dc6220b113b7ec|Ryan Roberts|21|12|1|"5' 6"""|155 lbs.|No Stat|Orthodox|Jul 16, 1978|0.00|0%|22.50|45%|0.00|0%|0%|0.0
d1e6a6536ee62517|Tyrone Roberts|43|12|1|"5' 9"""|185 lbs.|No Stat|Orthodox|No Stat|0.00|0%|0.00|0%|0.00|0%|0%|0.0
775bad6d700d2302|David Roberts|5|8|0|"6' 1"""|170 lbs.|No Stat|Orthodox|Nov 15, 1975|0.00|0%|0.00|0%|0.00|0%|0%|0.0
a6cba6bb66c1a8c9|Danny Roberts|18|8|0|"6' 1"""|170 lbs.|"74"""|Southpaw|Jul 14, 1987|3.18|39%|3.73|50%|0.24|9%|57%|0.2
a54a35a670d8e852|Andre Roberts|14|2|1|"6' 2"""|345 lbs.|No Stat|Orthodox|Feb 24, 1965|0.00|0%|0.00|0%|0.00|0%|0%|0.0
c058823a2595ab09|Joey Roberts|4|3|0|"6' 2"""|200 lbs.|No Stat|No Stat|No Stat|0.00|0%|0.00|0%|0.00|0%|0%|0.0
610caee730f9b89e|Kali Robbins|6|3|0|"5' 3"""|115 lbs.|"63"""|Orthodox|Jul 05, 1984|3.73|46%|9.40|44%|2.00|33%|0%|0.0
37d5b176d438d2a5|Karl Roberson|9|6|0|"6' 1"""|205 lbs.|"74"""|Southpaw|Oct 04, 1990|2.57|51%|2.42|57%|0.72|40%|40%|0.5
60917f79b7271d83|Nicdali Rivera-Calanoc|9|10|0|"5' 3"""|105 lbs.|No Stat|No Stat|Jun 12, 1985|1.82|20%|2.42|78%|0.00|0%|0%|0.0
3b2485c8d5c8b580|Justin Robbins|14|18|1|"5' 5"""|135 lbs.|No Stat|No Stat|Jul 29, 1980|0.67|37%|3.20|47%|0.00|0%|0%|0.0
8aabef76351401d0|Theo Rlayang|5|1|0|"5' 7"""|145 lbs.|"65"""|Orthodox|Aug 10, 1994|5.93|48%|8.40|40%|2.00|40%|0%|0.0
9c907996820d2d69|Jimmie Rivera|23|5|0|"5' 4"""|135 lbs.|"68"""|Orthodox|Jun 29, 1989|4.03|40%|3.90|60%|0.88|27%|92%|0.1
c9587d81e1d33925|Jerome Rivera|10|6|0|"5' 10"""|125 lbs.|"72"""|Southpaw|Apr 22, 1995|3.21|33%|2.60|51%|0.00|0%|40%|0.0
b44f39a5c6596953|Pedro Rizzo|20|11|0|"6' 1"""|241 lbs.|No Stat|Orthodox|May 03, 1974|1.93|34%|3.02|50%|0.26|28%|78%|0.0
288aaa8f82040e02|Dante Rivera|16|7|0|"6' 1"""|185 lbs.|No Stat|Southpaw|Dec 08, 1974|2.27|53%|4.00|25%|0.00|0%|16%|0.0
145df84ea4dfd904|Jonathan Rivera|4|2|0|No Stat|155 lbs.|No Stat|No Stat|No Stat|4.36|49%|3.90|60%|0.00|0%|0%|0.0
06a80a685ea98573|Irwin Rivera|10|6|0|"5' 6"""|135 lbs.|"67"""|Southpaw|Feb 14, 1989|3.36|44%|5.07|57%|1.00|16%|70%|0.0
7ea4a9f07df33a45|Francisco Rivera|11|7|0|"5' 8"""|135 lbs.|"70"""|Orthodox|Oct 08, 1981|4.07|41%|3.16|68%|1.01|63%|68%|0.6
0f7210aa8d61af8d|Mario Rivera|6|8|0|"5' 10"""|170 lbs.|No Stat|No Stat|No Stat|0.00|0%|8.41|20%|0.00|0%|0%|0.0
cb46dface0e28a2c|Jorge Rivera|20|9|0|"6' 1"""|185 lbs.|"73"""|Orthodox|Feb 28, 1972|3.16|48%|2.64|54%|0.84|50%|63%|0.1
09f579be4520394a|Diego Rivas|10|2|0|"5' 8"""|145 lbs.|"69"""|Orthodox|Nov 11, 1991|1.37|40%|2.14|52%|1.79|60%|64%|0.9
9ec12134b1515f12|Maria Rios|2|3|0|"5' 5"""|125 lbs.|No Stat|No Stat|May 31, 1983|2.93|34%|4.13|56%|2.00|50%|100%|0.0
1c7cce2f5c17160d|Shannon Ritch|56|83|0|"5' 9"""|190 lbs.|No Stat|Orthodox|Sep 27, 1970|1.00|100%|6.00|50%|0.00|0%|0%|0.0
2f5754b48eab1486|Rafael Rios|4|2|0|No Stat|150 lbs.|No Stat|No Stat|No Stat|0.00|0%|0.00|0%|0.00|0%|0%|0.0
868a78f2e810a837|Albert Rios|13|6|0|"5' 8"""|145 lbs.|No Stat|No Stat|No Stat|0.00|0%|0.00|0%|0.00|0%|0%|0.0
fa9746fa5d23c202|Robbie Ring|6|1|0|"5' 9"""|145 lbs.|"68"""|Orthodox|Jul 14, 2000|5.11|38%|9.15|38%|4.04|33%|0%|0.0
af90b10c785ced3e|Mike Rio|10|5|0|"5' 10"""|155 lbs.|"70"""|Orthodox|Jul 06, 1981|1.68|39%|2.99|53%|2.58|27%|0%|1.0
b13da0b1a3aed3e7|Nick Ring|14|4|0|"6' 0"""|185 lbs.|"74"""|Southpaw|Feb 10, 1979|3.52|42%|3.48|62%|1.36|36%|52%|0.3
c07efc18b231f170|Jordan Rinaldi|14|7|0|"5' 10"""|145 lbs.|"72"""|Orthodox|Sep 25, 1987|1.56|35%|2.32|59%|1.45|35%|20%|1.2
7498b3ac79a3b948|Taiyilake Nueraji|9|1|0|"6' 2"""|170 lbs.|"75"""|Southpaw|Jan 12, 2001|11.01|48%|7.39|58%|0.00|0%|0%|0.0
0a73acff6325c1e2|Shayilan Nuerdanbieke|39|12|0|"5' 8"""|145 lbs.|"69"""|Orthodox|May 04, 1994|1.95|45%|2.64|50%|3.30|35%|28%|0.2
64360e618823a8e4|Phillipe Nover|11|8|1|"5' 9"""|145 lbs.|"72"""|Orthodox|Feb 03, 1984|1.79|35%|2.48|56%|0.99|28%|44%|0.7
459e4dc69ec669b2|Jason Novelli|11|3|1|"6' 0"""|155 lbs.|No Stat|Orthodox|Jun 08, 1979|1.73|24%|3.55|66%|0.70|33%|100%|0.0
9e8e5c529057fe60|Jonatas Novaes|13|5|0|"5' 11"""|170 lbs.|No Stat|No Stat|Mar 02, 1981|0.00|0%|0.00|0%|0.00|0%|0%|0.0
f21a3d68fb9df387|Scott Norton|7|1|0|"5' 10"""|170 lbs.|No Stat|Orthodox|Mar 15, 1973|0.67|30%|0.34|60%|2.52|25%|0%|0.0
6b0e83b094f816ac|Shohei Nose|12|5|2|"5' 6"""|135 lbs.|"68"""|Switch|Oct 19, 1997|1.52|37%|2.17|52%|2.23|17%|14%|3.6
bd4389b71fdc0ce2|Jan Nortje|2|6|0|"6' 1"""|310 lbs.|No Stat|Southpaw|Apr 11, 1975|3.32|51%|4.50|32%|0.00|0%|66%|2.9
ed9d8ee3a4239b1c|Sage Northcutt|11|2|0|"6' 0"""|170 lbs.|"71"""|Orthodox|Mar 01, 1996|3.58|52%|1.96|58%|1.81|34%|41%|0.6
6c3b2525436cf5d4|Tom Nolan|9|1|0|"6' 3"""|155 lbs.|"73"""|Southpaw|Mar 08, 2000|5.82|45%|4.85|46%|0.41|12%|66%|1.6
b7ffa72aa148599a|KJ Noons|13|9|0|"5' 10"""|155 lbs.|"70"""|Orthodox|Dec 07, 1982|3.68|35%|3.78|65%|0.08|20%|68%|0.0
d665de9b4da87c22|Nick Nolte|5|4|0|"6' 0"""|170 lbs.|No Stat|No Stat|No Stat|0.00|0%|0.00|0%|0.00|0%|0%|0.0
7339d340aa2889cb|Kyle Noke|22|10|1|"6' 1"""|170 lbs.|"76"""|Southpaw|Mar 18, 1980|3.23|50%|2.09|64%|1.53|54%|66%|0.8
a3d1d060f9af97fe|Talita Nogueira|6|0|0|"5' 10"""|145 lbs.|No Stat|No Stat|Oct 13, 1985|0.00|0%|0.00|0%|0.00|0%|0%|0.0
73e09f837f3b5ecc|Rogerio Nogueira|23|10|0|"6' 2"""|205 lbs.|"75"""|Southpaw|Jun 02, 1976|2.43|35%|2.34|59%|0.64|44%|62%|0.8
4c27ca8c8481f79a|Alexandre Franca Nogueira|18|6|3|"5' 7"""|145 lbs.|No Stat|Orthodox|Jan 15, 1978|0.60|20%|4.18|57%|0.00|0%|0%|0.0
4acf03bdec2025d7|Kyle Noblitt|11|2|0|"6' 2"""|243 lbs.|No Stat|No Stat|Dec 26, 1989|0.00|0%|0.00|0%|0.00|0%|0%|0.0
21321cdfba797c52|Derrick Noble|27|15|1|"5' 9"""|170 lbs.|No Stat|Southpaw|Aug 14, 1978|6.21|40%|3.79|59%|0.00|0%|0%|0.0
9bff1b4c37ebbede|Jacob Noe|3|11|0|No Stat|205 lbs.|No Stat|No Stat|No Stat|0.00|0%|0.00|0%|0.00|0%|0%|0.0
ee9d73f4fee9cbdd|Antonio Rodrigo Nogueira|34|10|1|"6' 3"""|240 lbs.|"77"""|Orthodox|Jun 02, 1976|1.95|42%|2.40|55%|1.30|29%|36%|2.4
e983c62faf677ab2|Pedro Nobre|18|4|2|"5' 5"""|135 lbs.|No Stat|No Stat|Feb 13, 1986|1.37|30%|9.16|35%|0.00|0%|0%|0.0
6c9383ffab2725a5|Akiyo Nishiura|13|8|1|"5' 8"""|139 lbs.|No Stat|Southpaw|Aug 08, 1983|1.59|57%|1.26|57%|0.00|0%|52%|0.3
6bf5a7d3e081ade2|Anthony Njokuani|16|12|0|"6' 1"""|155 lbs.|"75"""|Orthodox|Mar 01, 1980|3.94|46%|2.41|65%|0.50|45%|53%|0.2
7beecbe0a08cf002|Yamato Nishikawa|21|3|6|"5' 7"""|155 lbs.|No Stat|Orthodox|Dec 06, 2002|0.00|0%|0.00|0%|0.00|0%|0%|0.0
c68c68efaa5ca6ef|Chidi Njokuani|25|11|0|"6' 3"""|170 lbs.|"80"""|Orthodox|Dec 31, 1988|4.72|62%|2.64|57%|0.00|0%|73%|0.2
b1de86d835638319|Luke Riley|9|0|0|No Stat|145 lbs.|No Stat|No Stat|Jun 30, 1999|0.00|0%|0.00|0%|0.00|0%|0%|0.0
f2c8ebbeafd45f2b|Aaron Riley|30|14|1|"5' 8"""|155 lbs.|"69"""|Southpaw|Dec 09, 1980|3.45|34%|3.78|61%|1.18|34%|60%|0.1
f1a9ad7485e5024a|Jeremiah Riggs|7|8|0|"6' 0"""|185 lbs.|No Stat|No Stat|Dec 17, 1982|0.00|0%|0.00|0%|0.00|0%|0%|0.0
995af04c697d78b7|Jason Riley|10|7|0|"6' 6"""|245 lbs.|No Stat|No Stat|Sep 22, 1975|0.00|0%|9.68|33%|0.00|0%|50%|0.0
d8a58e797518f011|Haisam Rida|0|0|0|No Stat|No Stat|No Stat|No Stat|Jul 25, 1993|0.00|0%|0.00|0%|0.00|0%|0%|0.0
37ed1ab2f8b819f4|Brad Riddell|10|4|0|"5' 7"""|155 lbs.|"71"""|Orthodox|Sep 30, 1991|4.71|53%|3.53|53%|1.77|36%|63%|0.0
d512d9f204059f57|Joe Riggs|44|17|0|"6' 0"""|185 lbs.|"70"""|Southpaw|Sep 23, 1982|2.41|51%|1.69|57%|2.45|55%|62%|0.6
d023ae89a2a4a41e|Matthew Riddle|8|3|0|"6' 1"""|170 lbs.|"76"""|Southpaw|Jan 14, 1986|3.01|42%|2.74|54%|3.51|50%|89%|0.5
b3e5a460b6851080|John Richard|3|5|1|No Stat|205 lbs.|No Stat|No Stat|May 22, 1982|0.00|0%|0.00|0%|0.00|0%|0%|0.0
ad23903ef3af7406|Rex Richards|7|2|0|"6' 5"""|265 lbs.|No Stat|No Stat|No Stat|17.65|58%|5.29|72%|0.00|0%|0%|0.0
98b76850b5f1e836|Dave Rickels|18|4|0|"5' 11"""|155 lbs.|No Stat|No Stat|Jan 05, 1989|4.29|59%|5.53|42%|0.00|0%|25%|0.0
d6a740cf6e898e27|Mike Richman|18|7|0|"5' 8"""|135 lbs.|No Stat|No Stat|Jun 23, 1985|4.06|44%|3.49|43%|0.00|0%|76%|0.0
323d4ca260dfa0ba|Esteban Ribovics|15|2|0|"5' 10"""|155 lbs.|"69"""|Orthodox|Apr 27, 1996|8.08|43%|5.92|55%|0.48|66%|63%|0.2
343d57cde1a14338|Matt Ricehouse|6|1|0|No Stat|155 lbs.|No Stat|No Stat|Mar 11, 1987|3.70|44%|4.80|47%|1.00|22%|81%|0.0
d25240135aee03e5|Tabatha Ricci|12|3|0|"5' 1"""|115 lbs.|"61"""|Orthodox|Feb 21, 1995|4.18|36%|5.19|57%|2.69|37%|78%|0.1
bf9bc96336922271|Alex Ricci|10|5|0|"5' 11"""|155 lbs.|No Stat|Orthodox|Jul 21, 1982|2.48|41%|2.53|64%|0.00|0%|64%|0.0
49edd0d90f60fb7d|Brendson Ribeiro|17|8|0|"6' 3"""|205 lbs.|"81"""|Orthodox|Sep 08, 1996|3.26|42%|4.04|52%|0.99|42%|0%|0.7
3c921b1a30fdcbdd|Mike Ricci|11|5|0|"6' 0"""|155 lbs.|"76"""|Southpaw|Mar 18, 1986|1.80|32%|1.64|65%|0.67|100%|54%|0.0
972c456ff38b2015|Claudio Ribeiro|11|5|0|"6' 1"""|185 lbs.|"77"""|Orthodox|Jul 17, 1992|3.59|51%|4.90|30%|0.56|50%|66%|0.0
a757c06bbdba61d2|Vitor Ribeiro|20|5|0|"5' 8"""|154 lbs.|No Stat|Orthodox|Feb 24, 1979|1.00|28%|1.95|48%|1.58|26%|100%|1.2
8f4616698508f24d|Will Ribeiro|10|2|0|"5' 8"""|135 lbs.|No Stat|Orthodox|Feb 17, 1983|1.83|28%|1.64|74%|1.15|100%|50%|2.9
042cc07ad5a53a33|Lucrezia Ria|8|2|0|"5' 6"""|125 lbs.|No Stat|Orthodox|Jun 24, 1992|4.07|46%|4.40|45%|1.00|33%|0%|0.0
beecb672a279223e|Amanda Ribas|13|7|0|"5' 4"""|115 lbs.|"66"""|Orthodox|Aug 26, 1993|4.26|39%|3.29|60%|2.05|52%|82%|0.6
b7ad576b8ae115e6|Mike Rhodes|10|5|0|"6' 1"""|170 lbs.|"74"""|Orthodox|Dec 04, 1989|3.20|39%|4.13|64%|0.96|33%|75%|0.5
319fa1bd3176bded|Johnny Rhodes|2|1|0|"6' 0"""|210 lbs.|No Stat|Orthodox|No Stat|0.00|0%|0.00|0%|0.00|0%|0%|0.0
64db35f7782fe274|Gaston Reyno|6|2|0|"6' 0"""|145 lbs.|No Stat|No Stat|Nov 11, 1986|7.79|62%|3.90|44%|0.00|0%|0%|11.7
e9bbcc6530e4cbe6|Victor Reyna|11|5|0|"5' 11"""|170 lbs.|"74"""|Southpaw|Aug 05, 1986|5.80|63%|4.75|42%|0.00|0%|100%|0.0
4a574b8512fc1b30|Javier Reyes|21|5|0|No Stat|145 lbs.|No Stat|No Stat|Oct 13, 1993|0.00|0%|0.00|0%|0.00|0%|0%|0.0
5cde96e0a1a1fffe|Yosuke Nishijima|0|5|0|"5' 9"""|205 lbs.|No Stat|Orthodox|May 15, 1973|1.72|37%|5.59|56%|0.00|0%|0%|0.0
7333d6e0f6428acb|Kyle Reyes|15|7|0|"5' 8"""|145 lbs.|No Stat|No Stat|No Stat|0.00|0%|0.00|0%|0.00|0%|0%|0.0
2c1170b825f58e57|Guangyou Ning|5|4|1|"5' 4"""|145 lbs.|"64"""|Southpaw|Dec 15, 1981|2.66|41%|1.91|61%|1.09|50%|62%|0.3
6810d8d2dd557cf9|Soichi Nishida|5|10|1|"5' 11"""|320 lbs.|No Stat|Orthodox|No Stat|0.00|0%|0.00|0%|0.00|0%|0%|0.0
a9bcf8717dd12532|Mats Nilsson|11|4|1|"6' 1"""|170 lbs.|No Stat|Orthodox|Dec 05, 1983|2.99|39%|5.62|63%|3.87|83%|44%|2.3
4956f60b7fa57c1a|Hans Nijman|9|7|0|"6' 0"""|250 lbs.|No Stat|Switch|Oct 23, 1959|0.00|0%|0.00|0%|0.00|0%|0%|0.0
53e533db1b8e9712|Jack Nilson|2|6|0|No Stat|No Stat|No Stat|No Stat|No Stat|0.00|0%|0.00|0%|0.00|0%|0%|0.0
346f789951e85f3f|Fedor Nikolov|0|0|0|No Stat|No Stat|No Stat|No Stat|No Stat|0.00|0%|0.00|0%|0.00|0%|0%|0.0
5fceb45939fc0c8a|Tom Niinimaki|22|8|1|"5' 9"""|145 lbs.|"69"""|Orthodox|Jul 25, 1982|1.91|54%|2.31|58%|2.97|46%|33%|0.5
22aa91e402d0fe1f|Ramsey Nijem|9|6|0|"5' 11"""|155 lbs.|"75"""|Orthodox|Apr 01, 1988|3.05|44%|1.62|62%|5.32|62%|55%|1.1
52a003d768f10d91|Khomkrit Niimi|6|10|0|"5' 2"""|125 lbs.|No Stat|No Stat|No Stat|0.00|0%|5.73|44%|0.00|0%|0%|0.0
2bd98ab77a8daa75|Stewart Nicoll|8|1|0|"5' 5"""|125 lbs.|"65"""|Orthodox|Nov 04, 1994|3.02|47%|1.13|40%|5.66|100%|0%|0.0
3edf45e1717fa764|Jaimelene Nievera|7|4|0|"5' 5"""|125 lbs.|No Stat|Orthodox|Oct 28, 1984|1.67|53%|8.73|33%|1.79|16%|0%|0.0
1a31ef98efce7a79|Matheus Nicolau|19|6|1|"5' 6"""|125 lbs.|"66"""|Orthodox|Jan 06, 1993|3.31|51%|2.98|65%|1.22|43%|90%|0.8
330ec26453c44a59|Mike Nickels|9|5|0|"6' 4"""|205 lbs.|No Stat|Orthodox|Dec 13, 1971|4.44|52%|1.11|64%|11.11|80%|0%|2.8
35673bf5204524ee|Bo Nickal|7|1|0|"6' 1"""|185 lbs.|"76"""|Southpaw|Jan 14, 1996|2.36|59%|2.11|58%|3.34|53%|100%|2.9
840d2c82ea68b9aa|Ben Nguyen|16|8|0|"5' 5"""|125 lbs.|"65"""|Switch|Aug 03, 1988|3.51|40%|3.01|59%|0.25|33%|63%|1.0
69037fc7730e4225|Steven Nguyen|10|2|0|"5' 11"""|145 lbs.|"73"""|Switch|May 19, 1993|7.47|42%|7.10|60%|0.24|100%|88%|0.0
2b6d855c6e280fb1|Alex Nicholson|7|4|0|"6' 4"""|185 lbs.|"77"""|Orthodox|May 02, 1990|4.12|43%|4.65|47%|0.00|0%|50%|0.5
fd08d6536b7b91f0|Nghiem Van Y|6|1|0|"5' 7"""|135 lbs.|"68"""|Orthodox|May 15, 1999|4.19|66%|1.65|66%|0.00|0%|80%|0.0
fbbbc68d368832fa|Emanuel Newton|26|12|1|"6' 1"""|205 lbs.|No Stat|No Stat|Jan 02, 1984|1.92|49%|1.35|51%|2.02|100%|0%|0.0
8d03ce87ca14e778|Francis Ngannou|17|3|0|"6' 4"""|250 lbs.|"83"""|Orthodox|Sep 05, 1986|2.33|41%|2.16|41%|0.76|62%|71%|0.3
952f6fa06f25a0ec|Carlos Newton|16|14|0|"5' 9"""|170 lbs.|No Stat|Orthodox|Aug 17, 1976|0.65|41%|1.55|44%|2.47|70%|43%|0.9
78f485f851891d68|Journey Newson|10|5|0|"5' 5"""|135 lbs.|"67"""|Orthodox|Mar 07, 1989|2.64|32%|2.57|64%|0.56|16%|43%|0.3
2e19380f34871c6a|Dominick Reyes|15|4|0|"6' 4"""|205 lbs.|"77"""|Southpaw|Dec 26, 1989|5.58|54%|3.54|50%|0.31|28%|82%|0.3
f562238becb9ec50|Nick Newell|14|2|0|"5' 10"""|155 lbs.|No Stat|Southpaw|Mar 17, 1986|3.53|46%|4.07|36%|0.00|0%|33%|0.0
dc07493a87dc0a6e|Alex Reyes|13|5|0|"5' 11"""|155 lbs.|"73"""|Orthodox|Oct 02, 1986|4.46|46%|6.92|48%|1.50|28%|0%|0.0
94609dd91731d428|Jeff Newton|4|2|0|"6' 2"""|205 lbs.|No Stat|Sideways|Dec 11, 1966|0.28|20%|1.41|52%|0.00|0%|0%|8.5
edd02825c29028fe|Marco Polo Reyes|8|7|0|"5' 11"""|155 lbs.|"71"""|Orthodox|Nov 07, 1984|6.00|37%|5.52|59%|0.00|0%|46%|0.0
1507214bbc7a79e2|John Renken|18|28|4|"6' 0"""|190 lbs.|No Stat|Orthodox|No Stat|0.00|0%|0.00|0%|0.00|0%|0%|0.0
f57cf3d54a641385|Herman Renting|1|3|0|"6' 0"""|215 lbs.|No Stat|Switch|No Stat|0.00|0%|0.00|0%|0.00|0%|0%|0.0
ce6b5b93a96dd15b|Solomon Renfro|8|2|0|"5' 9"""|170 lbs.|"72"""|Switch|Feb 05, 1997|5.20|44%|3.53|61%|2.00|50%|100%|0.0
c7d297714d9ab1a4|Marion Reneau|9|8|1|"5' 6"""|135 lbs.|"68"""|Orthodox|Jun 20, 1977|3.20|41%|3.52|59%|0.62|63%|50%|0.8
60193e707634e560|Montserrat Rendon|6|1|0|"5' 8"""|135 lbs.|"68"""|Orthodox|Mar 16, 1989|3.13|28%|3.90|54%|3.00|54%|100%|0.0
b2d9758cdd124143|Ren Yawei|9|3|0|"5' 9"""|155 lbs.|"69"""|Orthodox|Feb 07, 1998|6.45|61%|3.47|61%|0.00|0%|100%|7.4
1ddb480b601cefb1|Chance Rencountre|14|4|0|"6' 2"""|170 lbs.|"75"""|Southpaw|Dec 31, 1986|1.10|20%|3.62|49%|1.35|26%|16%|0.3
01dfb60661153735|Paulo Renato Junior|12|3|0|"6' 0"""|205 lbs.|"73"""|Orthodox|Jan 25, 1994|4.89|45%|5.18|56%|0.00|0%|100%|0.0
132f860d02953f4c|Goran Reljic|15|8|0|"6' 3"""|205 lbs.|"81"""|Southpaw|Mar 20, 1984|1.69|37%|2.69|59%|1.69|50%|33%|1.1
02500fb9fd79a974|Jason Reinhardt|20|3|0|"5' 6"""|135 lbs.|No Stat|Orthodox|Oct 31, 1969|0.51|40%|4.07|43%|1.91|12%|50%|0.0
918db42c3637916f|Leigh Remedios|18|10|2|"5' 7"""|155 lbs.|No Stat|Orthodox|Jan 13, 1976|0.75|41%|1.36|68%|0.00|0%|33%|0.0
5aedf14771ca82d2|Wilson Reis|23|10|0|"5' 4"""|125 lbs.|"65"""|Southpaw|Jan 06, 1985|1.83|29%|3.04|55%|5.15|42%|47%|0.6
ee7b7768a4e6dc45|Ben Reiter|17|2|1|"6' 3"""|185 lbs.|No Stat|No Stat|Jun 27, 1987|1.80|46%|1.53|54%|7.00|43%|0%|0.0
d8022d5526b1d937|Chad Reiner|33|18|0|"5' 11"""|170 lbs.|No Stat|Orthodox|Jun 29, 1981|0.53|20%|1.97|46%|0.99|33%|25%|2.0
24d98df7556ac8af|Stephen Regman|9|4|0|"5' 11"""|185 lbs.|"76"""|Orthodox|Aug 05, 1991|1.41|60%|4.93|23%|3.52|100%|0%|0.0
e9ec08ebb3f92aa3|James Reese|11|10|0|"5' 9"""|155 lbs.|No Stat|No Stat|Dec 21, 1980|0.00|0%|0.00|0%|0.00|0%|0%|0.0
3ba3b5cc94498437|Johnny Rees|13|5|0|"6' 0"""|170 lbs.|No Stat|Orthodox|Oct 21, 1982|3.29|64%|0.84|47%|1.15|25%|50%|0.0
23dec7c47cb418f8|Zachary Reese|9|2|0|"6' 4"""|185 lbs.|"77"""|Switch|Mar 24, 1994|4.28|54%|2.99|43%|2.88|58%|57%|1.2
ac7c765882f2c68c|Elise Reed|8|5|0|"5' 3"""|115 lbs.|"63"""|Orthodox|Dec 05, 1992|3.41|53%|3.26|51%|0.46|60%|53%|0.0
fb4ca5c7e4448645|John Reedy|11|6|0|"5' 8"""|155 lbs.|No Stat|No Stat|No Stat|0.00|0%|0.00|0%|0.00|0%|0%|0.0
11337d069261bf3a|Karl Reed|6|1|0|"6' 3"""|205 lbs.|"78"""|Orthodox|Oct 27, 1988|2.04|44%|3.84|38%|1.06|22%|53%|0.0
4a35913bd9aa4161|Dennis Reed|45|62|1|No Stat|205 lbs.|No Stat|Orthodox|No Stat|0.00|0%|0.00|0%|0.00|0%|0%|0.0
849c5d9979df5357|Mateusz Rebecki|20|3|0|"5' 7"""|155 lbs.|"66"""|Southpaw|Nov 03, 1992|4.70|48%|4.13|54%|3.84|75%|45%|0.8
3f56b99447f00607|Paul Redmond|12|7|0|"5' 10"""|145 lbs.|No Stat|Orthodox|Oct 20, 1986|0.72|34%|2.99|41%|0.00|0%|50%|0.0
49d78120e0a4f607|Greg Rebello|24|8|0|"6' 0"""|240 lbs.|"73"""|Southpaw|Jun 13, 1982|2.61|39%|2.92|58%|0.00|0%|0%|0.0
972197a8c61ac413|Rafael Rebello|9|4|0|"5' 5"""|135 lbs.|"67"""|Orthodox|Oct 16, 1980|2.19|32%|3.29|58%|2.82|33%|75%|0.5
c36e1f4fa755ffb4|Antony Rea|33|15|0|"6' 0"""|205 lbs.|No Stat|Orthodox|Jul 15, 1976|2.89|28%|5.42|42%|0.00|0%|100%|0.0
195d0d3e14a2e256|Julio Cesar Neves Jr.|33|1|0|"5' 8"""|145 lbs.|No Stat|No Stat|Apr 25, 1994|1.98|35%|4.81|51%|1.06|25%|76%|0.0
a303588c33d8c5ae|Iony Razafiarison|2|1|0|"5' 3"""|145 lbs.|No Stat|No Stat|Dec 23, 1984|1.20|42%|1.40|53%|2.00|50%|75%|0.0
eae431e70064e046|Abdul Razak Alhassan|12|7|0|"5' 10"""|185 lbs.|"73"""|Orthodox|Aug 11, 1985|3.64|49%|4.01|54%|0.84|33%|51%|0.2
1209b5134401ca53|Mario Neto|13|5|0|"6' 0"""|229 lbs.|No Stat|Orthodox|No Stat|1.89|50%|1.89|70%|2.84|100%|0%|0.0
fae67903c4fe636b|Antonio Braga Neto|9|3|0|"6' 3"""|185 lbs.|"77"""|Orthodox|Oct 29, 1987|1.36|33%|3.92|45%|3.07|37%|0%|0.5
f4db63258ecf0613|Lissette Neri|6|4|0|"5' 2"""|145 lbs.|No Stat|No Stat|Aug 05, 1987|0.00|0%|0.00|0%|0.00|0%|0%|0.0
1d688fa375d9431c|Eduardo Neves|7|2|0|"6' 2"""|263 lbs.|"78"""|Orthodox|Mar 16, 2000|7.69|65%|6.15|55%|5.77|66%|0%|0.0
31f8081c7600da93|Kyle Nelson|16|6|1|"5' 11"""|145 lbs.|"71"""|Switch|Apr 20, 1991|3.51|45%|4.72|51%|1.06|20%|73%|0.6
fd55393021a8c255|Gunnar Nelson|19|6|1|"5' 11"""|170 lbs.|"72"""|Switch|Jul 28, 1988|1.77|61%|3.06|48%|2.00|52%|68%|1.0
2db7fa8db6bc9632|Shane Nelson|16|7|0|"5' 9"""|155 lbs.|"70"""|Southpaw|Nov 29, 1984|1.38|31%|2.84|61%|1.31|18%|54%|1.6
3f7c14c7eca7195d|Roy Nelson|22|14|0|"6' 0"""|263 lbs.|"73"""|Orthodox|Jun 20, 1976|2.18|36%|4.79|46%|1.14|27%|65%|0.1
13e62d766b709aa6|Steve Nelmark|2|1|0|"6' 0"""|240 lbs.|No Stat|Orthodox|No Stat|0.00|0%|0.00|0%|0.00|0%|0%|0.0
8c57c7b8c3bab0eb|Nicolae Negumereanu|13|2|0|"6' 0"""|205 lbs.|"78"""|Orthodox|Sep 04, 1994|3.58|41%|5.56|39%|1.02|28%|62%|0.0
1d4bbaabd8b60173|Stanislav Nedkov|12|2|0|"5' 11"""|205 lbs.|"71"""|Orthodox|Dec 09, 1981|3.33|43%|5.39|43%|2.77|41%|0%|0.0
d1a1314976c50bef|Josh Neer|36|16|1|"5' 11"""|170 lbs.|"72"""|Orthodox|Mar 24, 1983|3.29|46%|3.63|58%|1.09|34%|46%|1.3
5751267660c734cb|Joe Neal|6|2|0|"5' 6"""|135 lbs.|No Stat|No Stat|Jul 29, 1986|1.87|19%|3.80|66%|0.00|0%|0%|0.0
b997be68943010fc|Geoff Neal|16|6|0|"5' 11"""|170 lbs.|"75"""|Southpaw|Aug 28, 1990|5.05|51%|5.44|57%|0.56|50%|87%|0.1
0b534765dca35e71|Josh Neal|5|11|0|"6' 0"""|185 lbs.|No Stat|No Stat|No Stat|0.00|0%|0.00|0%|0.00|0%|0%|0.0
e503aa5c252a1b4d|Dustin Neace|25|21|1|"5' 9"""|145 lbs.|"69"""|No Stat|Sep 12, 1986|2.08|32%|2.66|56%|0.00|0%|0%|1.7
52f7d300738961ac|Marcio Navarro|14|14|0|"6' 0"""|155 lbs.|No Stat|No Stat|Sep 17, 1978|0.00|0%|0.00|0%|0.00|0%|0%|0.0
618f72750ec50b05|Danny Navarro|17|7|0|"5' 10"""|155 lbs.|No Stat|No Stat|May 27, 1983|3.83|32%|4.62|57%|2.17|25%|100%|0.0
6aae253467e8f9ce|Tafon Nchukwi|6|4|0|"6' 0"""|185 lbs.|"77"""|Orthodox|Oct 14, 1994|5.57|52%|4.11|54%|0.76|57%|64%|0.0
6a96ad1bc34fb113|Ismail Naurdiev|24|8|0|"5' 10"""|185 lbs.|"74"""|Orthodox|Aug 18, 1996|3.69|52%|1.77|64%|1.50|40%|73%|0.2
0c258d1d8e16e5f1|Kevin Natividad|9|4|0|"5' 6"""|135 lbs.|"70"""|Orthodox|Apr 02, 1993|2.68|34%|4.29|47%|3.66|50%|83%|0.0
154a6b3ffae264cd|Pawel Nastula|5|6|0|"6' 0"""|230 lbs.|No Stat|Southpaw|Jun 26, 1970|1.30|43%|1.73|50%|3.00|60%|0%|1.5
0dba4df5f34d5ff0|Rafael Natal|21|9|1|"6' 0"""|185 lbs.|"77"""|Orthodox|Dec 25, 1982|3.10|47%|2.48|57%|2.55|34%|77%|0.5
769fa803bf9d2e3b|Nasrudin Nasrudinov|9|1|0|"6' 0"""|205 lbs.|"71"""|Orthodox|Oct 06, 1991|1.03|87%|0.29|75%|2.20|50%|40%|0.0
d41937647eae9a34|Reza Nasri|0|1|0|"5' 11"""|205 lbs.|No Stat|Orthodox|No Stat|0.00|0%|0.00|0%|0.00|0%|0%|0.0
7dfb56f24fe5ddea|Bobby Nash|8|4|0|"6' 0"""|170 lbs.|"74"""|Orthodox|Mar 26, 1990|3.42|37%|3.95|51%|2.37|33%|100%|1.6
ea3ef6206c7907d5|Gideon Ray|17|15|1|"5' 10"""|185 lbs.|No Stat|Southpaw|May 27, 1973|2.08|40%|2.58|53%|1.49|100%|0%|0.0
bdd16cd6b29cb499|Keenan Raymond|3|3|0|No Stat|165 lbs.|No Stat|No Stat|No Stat|0.00|0%|0.00|0%|0.00|0%|0%|0.0
d92e6e17f637fe4d|Joe Ray|13|0|0|No Stat|170 lbs.|No Stat|No Stat|Dec 17, 1984|0.00|0%|0.00|0%|0.00|0%|0%|0.0
31a13532e724ca2b|Stevie Ray|23|9|0|"5' 10"""|155 lbs.|"70"""|Southpaw|Mar 25, 1990|3.73|44%|2.93|54%|0.75|46%|55%|0.6
907e60fd13407e1e|Bec Rawlings|7|8|0|"5' 6"""|125 lbs.|"64"""|Orthodox|Feb 11, 1989|4.48|42%|5.66|57%|0.71|40%|68%|0.4
31e1ea6fe6b682f8|David Rasouri|2|3|0|"5' 7"""|155 lbs.|No Stat|No Stat|No Stat|0.00|0%|0.00|0%|0.00|0%|0%|0.0
9d61d8cb1c354867|Hussain Rasouli|2|3|0|"5' 6"""|135 lbs.|No Stat|No Stat|No Stat|0.00|0%|0.00|0%|0.00|0%|0%|0.0
ed069a95aaaf4f56|Raou Raou|0|1|0|"5' 8"""|195 lbs.|No Stat|Orthodox|No Stat|2.01|16%|6.75|60%|0.00|0%|0%|0.0
8c90c1563972e44d|Ed Ratcliff|7|3|0|"5' 10"""|155 lbs.|"71"""|Orthodox|Mar 05, 1983|2.71|38%|2.96|63%|0.28|16%|53%|0.0
30b577b112bef42d|Vernon Ramos Ho|3|1|0|"5' 6"""|170 lbs.|No Stat|Orthodox|Jun 03, 1992|4.00|25%|8.00|55%|0.00|0%|0%|0.0
6859f67468ba8489|Kevin Randleman|17|16|0|"5' 10"""|205 lbs.|No Stat|Orthodox|Aug 10, 1971|1.26|54%|1.12|57%|2.00|56%|30%|0.8
fa4dcb2c8de482ee|Dorian Ramos|8|3|0|"5' 8"""|145 lbs.|"70"""|Orthodox|Dec 31, 1993|2.30|52%|2.67|47%|1.82|25%|33%|0.0
0be6776db31d98ec|Mitch Raposo|9|3|0|"5' 5"""|125 lbs.|"64"""|Switch|Oct 16, 1998|1.62|33%|3.20|55%|3.54|37%|50%|0.0
0052de90691d4a93|Davi Ramos|10|4|0|"5' 6"""|155 lbs.|"70"""|Orthodox|Nov 05, 1986|2.64|37%|3.44|56%|1.95|40%|83%|0.6
1ae8f3c723aacff4|Ricardo Ramos|17|7|0|"5' 9"""|145 lbs.|"72"""|Orthodox|Aug 01, 1995|2.97|36%|4.06|54%|2.57|57%|70%|0.7
7bc475b0fc2020ab|Luis Ramos|20|10|2|"5' 8"""|170 lbs.|No Stat|Orthodox|Jan 18, 1981|2.40|35%|5.60|42%|1.50|20%|100%|0.0
3b5f2faaa2f2c1f6|Andrew Ramm|4|4|0|"6' 1"""|160 lbs.|No Stat|No Stat|No Stat|0.00|0%|0.00|0%|0.00|0%|0%|0.0
ac31f869959860bc|Amador Ramirez|5|4|0|No Stat|135 lbs.|No Stat|No Stat|Jun 14, 1990|4.93|51%|2.07|69%|1.00|33%|0%|0.0
e99eb0ef25885de5|Mitch Ramirez|8|3|0|"5' 11"""|155 lbs.|"71"""|Orthodox|Nov 03, 1992|3.51|44%|3.98|37%|0.59|33%|25%|0.0
abc8e1423cf5b74e|Ian Rammel|7|8|0|"6' 0"""|185 lbs.|No Stat|No Stat|Jul 22, 1985|0.00|0%|0.00|0%|0.00|0%|0%|0.0
4311e9d23604205c|Steve Ramirez|5|2|0|"5' 7"""|125 lbs.|No Stat|No Stat|No Stat|0.00|0%|0.00|0%|0.00|0%|0%|0.0
d1759b2b7be9be56|Hector Ramirez|10|6|1|"6' 0"""|205 lbs.|No Stat|Orthodox|Mar 28, 1976|2.27|41%|4.60|56%|2.30|55%|66%|0.5
96c05ba5ab9eccaf|Matt Ramirez|2|3|0|"5' 5"""|125 lbs.|No Stat|No Stat|No Stat|3.03|50%|0.67|75%|2.53|16%|100%|0.0
ea398c802d9998ee|Thomas Ramirez|0|1|0|"6' 1"""|410 lbs.|No Stat|Sideways|No Stat|0.00|0%|0.00|0%|0.00|0%|0%|0.0
63ff619c52ff7976|Sora Rakhmonova|4|1|0|No Stat|125 lbs.|No Stat|No Stat|Jun 21, 1998|0.00|0%|0.00|0%|0.00|0%|0%|0.0
ffdeb4fbea09ce75|Jessica Rakoczy|1|5|0|"5' 7"""|115 lbs.|No Stat|Orthodox|Apr 14, 1977|2.50|44%|3.55|64%|0.75|20%|0%|0.8
641ca2c2ed91b93c|Zygimantas Ramaska|9|3|0|"5' 11"""|145 lbs.|"71"""|Orthodox|Dec 27, 1996|0.96|60%|2.25|30%|0.00|0%|33%|2.4
333b9e5c723ac873|Aleksandar Rakic|14|5|0|"6' 4"""|205 lbs.|"78"""|Orthodox|Feb 06, 1992|4.16|50%|2.91|51%|0.66|23%|85%|0.1
01afe0916a40c7c5|Shavkat Rakhmonov|19|0|0|"6' 1"""|170 lbs.|"77"""|Orthodox|Oct 23, 1994|3.25|60%|2.17|51%|1.40|25%|85%|1.2
9b1e3fb4f8cbd5b7|Ricky Rainey|12|6|0|"6' 1"""|170 lbs.|"77"""|Switch|Jun 29, 1983|2.55|48%|2.62|46%|0.95|18%|55%|0.0
bc7f7f0ba3db74d2|Amir Rahnavardi|11|10|0|"6' 0"""|205 lbs.|No Stat|Orthodox|Dec 07, 1974|0.67|25%|0.00|100%|0.00|0%|50%|0.0
ff2c606c8bc365e3|Josh Rafferty|9|8|0|"6' 0"""|170 lbs.|No Stat|Orthodox|Jan 06, 1981|0.60|33%|3.60|50%|0.00|0%|0%|9.0
feedf3053472fe56|Charles Radtke|10|5|0|"5' 9"""|170 lbs.|"72"""|Orthodox|Jul 09, 1990|3.11|49%|3.66|52%|0.49|12%|100%|0.0
6cc25d19a891f435|Gilbert Rael|1|3|0|"5' 8"""|155 lbs.|No Stat|No Stat|No Stat|0.00|0%|7.46|37%|4.86|100%|0%|0.0
45bc8f98d62bd096|Jordan Radev|23|5|0|"5' 7"""|185 lbs.|No Stat|Southpaw|Sep 28, 1976|1.35|23%|2.38|66%|0.00|0%|80%|0.0
307064d3e0f036c2|Fabio Nascimento|11|6|0|"5' 10"""|185 lbs.|No Stat|Orthodox|No Stat|2.94|38%|4.63|55%|0.00|0%|55%|0.8
d31a5546c0e9b213|Rodrigo Nascimento|11|3|0|"6' 2"""|246 lbs.|"80"""|Orthodox|Nov 26, 1992|3.71|47%|4.34|44%|1.02|37%|60%|0.5
8c169fbe1ac33637|Loik Radzhabov|18|6|1|"5' 11"""|155 lbs.|"69"""|Orthodox|Sep 17, 1990|2.89|44%|3.76|46%|4.65|57%|42%|0.0
3a12a2f096a6d975|Roger Narvaez|8|3|0|"6' 3"""|185 lbs.|No Stat|Southpaw|Sep 09, 1983|2.12|37%|3.32|64%|0.00|0%|50%|0.9
776a58a67665a171|Nad Narimani|12|4|0|"5' 8"""|145 lbs.|"70"""|Orthodox|Apr 14, 1987|3.33|42%|3.00|58%|1.92|41%|70%|0.0
253076a23d03dcd0|Allan Nascimento|21|6|0|"5' 8"""|125 lbs.|"69"""|Orthodox|Sep 11, 1991|2.64|60%|1.96|50%|1.42|24%|30%|0.9
47b63240018d5d86|Rose Namajunas|15|7|0|"5' 5"""|125 lbs.|"65"""|Orthodox|Jun 29, 1992|3.60|41%|3.38|63%|1.49|50%|62%|0.4
6083f497c22cc075|Yasuhito Namekawa|25|16|4|"5' 9"""|205 lbs.|No Stat|Orthodox|Oct 27, 1974|0.14|50%|3.65|38%|2.11|25%|0%|4.2
6e00cfffd54653c4|Tyson Nam|21|14|1|"5' 7"""|125 lbs.|"68"""|Orthodox|Oct 06, 1983|3.87|33%|4.97|65%|0.00|0%|87%|0.0
8f4528c10bd34fab|Mandel Nallo|13|3|0|No Stat|155 lbs.|No Stat|No Stat|Jul 26, 1992|0.00|0%|0.00|0%|0.00|0%|0%|0.0
a00ec21cfbba17b6|Yui Chul Nam|18|8|1|"5' 9"""|145 lbs.|No Stat|Orthodox|Jul 16, 1981|3.53|51%|2.00|48%|1.33|16%|57%|0.3
95eb112a85601a0a|Jutaro Nakao|25|19|4|"5' 9"""|170 lbs.|No Stat|Southpaw|Nov 30, 1970|0.53|38%|1.06|44%|0.38|50%|56%|0.0
d8c811df0386d5e8|Rinya Nakamura|10|1|0|"5' 7"""|135 lbs.|"68"""|Southpaw|Mar 23, 1995|3.10|51%|1.70|64%|2.63|81%|100%|1.5
e18012194473e8b0|Yoshihiro Nakao|9|3|0|"6' 0"""|220 lbs.|No Stat|Southpaw|Jun 25, 1972|1.73|35%|2.06|64%|2.69|46%|0%|0.5
3618e0632ecdba9c|Keiichiro Nakamura|6|1|0|"5' 8"""|145 lbs.|"70"""|Southpaw|Dec 02, 1998|3.92|52%|3.78|60%|0.00|0%|100%|0.0
03e8df49c4a059ba|Yusaku Nakamura|14|4|1|"5' 5"""|145 lbs.|No Stat|No Stat|Jun 21, 1986|1.72|45%|3.67|55%|0.00|0%|83%|0.0
a196332ee4aa8a82|Daisuke Nakamura|28|19|1|"5' 7"""|154 lbs.|No Stat|Orthodox|Jun 10, 1980|0.94|30%|1.38|61%|0.46|40%|30%|3.6
eb9446a4f44e19cf|Tokitaka Nakanishi|12|4|0|"5' 6"""|135 lbs.|"66"""|Orthodox|Jul 28, 1996|1.10|44%|1.57|45%|3.00|37%|0%|0.0
65ddc8a9ac4e8531|Keita Nakamura|34|10|2|"5' 11"""|170 lbs.|"73"""|Southpaw|May 22, 1984|2.23|36%|3.20|58%|1.65|48%|63%|0.3
b034747dc1d15491|Kazuhiro Nakamura|21|13|0|"5' 11"""|205 lbs.|"70"""|Orthodox|Jul 16, 1979|1.56|37%|1.83|59%|1.73|36%|42%|0.6
f9ae6914f604aa9f|Rin Nakai|19|2|1|"5' 1"""|135 lbs.|No Stat|Orthodox|Oct 22, 1986|1.57|33%|3.90|60%|3.00|18%|75%|0.5
7be328bb3c2ea22e|Yukiya Naito|15|6|2|"6' 1"""|205 lbs.|No Stat|Orthodox|No Stat|1.54|33%|5.13|60%|0.00|0%|0%|0.0
50c469e0cb73be10|Yura Naito|6|1|0|"6' 0"""|185 lbs.|"74"""|Orthodox|Apr 26, 1996|1.22|44%|5.33|28%|1.67|9%|0%|0.0
7a9ca95a92d7b64c|Andrews Nakahara|5|4|2|"6' 1"""|185 lbs.|No Stat|Orthodox|Mar 12, 1983|2.68|44%|1.90|57%|0.00|0%|72%|0.4
8d11d9c13e2ccdf7|Muhammad Naimov|13|3|0|"5' 9"""|145 lbs.|"70"""|Orthodox|Aug 07, 1994|2.61|40%|3.45|45%|1.69|36%|67%|0.2
342422bb6ced1e8d|Greg Nagy|1|3|0|"6' 1"""|210 lbs.|No Stat|Orthodox|Oct 18, 1983|0.41|50%|2.69|37%|0.00|0%|0%|1.2
47e0b5833e6bc91a|Logan Nail|1|1|0|No Stat|185 lbs.|No Stat|No Stat|Jun 20, 1989|1.93|51%|2.27|39%|0.00|0%|37%|0.0
d5ae8074631762fc|Katsuhiko Nagata|6|7|3|"5' 7"""|154 lbs.|No Stat|Southpaw|Oct 31, 1973|1.05|19%|1.50|63%|0.98|28%|28%|0.0
01b39decaf0abf6a|Benji Radach|21|7|0|"5' 10"""|185 lbs.|No Stat|Orthodox|Apr 05, 1979|2.62|49%|2.31|51%|1.06|41%|71%|0.4
e49c2db95e572dc8|Yuji Nagata|0|2|0|"6' 0"""|225 lbs.|No Stat|Orthodox|Apr 24, 1968|1.45|40%|14.46|4%|0.00|0%|0%|0.0
4bb9d7a32d02a03e|Craig Oxley|0|3|0|"5' 9"""|155 lbs.|No Stat|No Stat|Feb 14, 1973|0.00|0%|0.00|0%|0.00|0%|0%|0.0
47b7e4e60813b7b2|Shungo Oyama|14|19|0|"5' 11"""|185 lbs.|No Stat|Southpaw|Apr 11, 1974|0.64|25%|1.96|57%|1.07|57%|62%|0.5
20e403a1acfef130|Valentijn Overeem|30|32|0|"6' 3"""|230 lbs.|No Stat|Orthodox|Aug 17, 1976|0.93|34%|1.49|58%|1.86|50%|0%|4.7
871ce0b4a01922b6|Sidney Outlaw|8|4|0|"5' 8"""|170 lbs.|"74"""|Orthodox|Apr 11, 1992|0.13|33%|0.80|71%|3.00|75%|0%|3.0
1ef0eae31904e534|Artur Oumakhanov|9|6|0|"5' 7"""|154 lbs.|No Stat|Orthodox|Feb 27, 1979|1.20|33%|1.67|82%|3.00|75%|33%|0.0
7ce21433c2a53168|Quemuel Ottoni|12|3|0|"6' 0"""|155 lbs.|"72"""|Orthodox|Oct 22, 1992|0.00|0%|0.00|0%|0.00|0%|0%|0.0
47cd337b86b1af92|Zak Ottow|17|7|0|"5' 11"""|170 lbs.|"72"""|Orthodox|Dec 22, 1986|2.63|36%|2.73|58%|0.97|29%|57%|0.4
6b8f28da9a483049|Takafumi Otsuka|22|13|2|"5' 6"""|139 lbs.|No Stat|Orthodox|No Stat|1.29|27%|2.12|67%|1.64|27%|65%|0.0
865aa315ea62c511|Alexander Otsuka|5|13|0|"6' 1"""|205 lbs.|No Stat|Orthodox|Jul 17, 1971|0.90|55%|1.16|51%|1.51|43%|53%|0.8
01784fbc27c68b14|Rachael Ostovich|4|6|0|"5' 3"""|125 lbs.|"62"""|Orthodox|Feb 25, 1991|2.54|43%|3.97|57%|2.03|83%|66%|0.8
4512e46543b960ad|Pedro Otavio|19|8|0|"6' 3"""|245 lbs.|No Stat|Orthodox|No Stat|0.00|0%|0.00|0%|0.00|0%|0%|0.0
b4ad3a06ee4d660c|Alistair Overeem|47|19|0|"6' 4"""|265 lbs.|"80"""|Orthodox|May 17, 1980|3.67|64%|2.44|57%|1.42|55%|73%|0.8
d632d156c0549e07|Nissen Osterneck|12|4|0|"6' 2"""|185 lbs.|No Stat|Orthodox|May 01, 1981|3.15|58%|2.90|41%|0.63|12%|42%|1.3
f84dfc5a8d178403|Kurt Osiander|4|1|0|No Stat|185 lbs.|No Stat|No Stat|No Stat|0.00|0%|0.00|0%|0.00|0%|0%|0.0
5b407acfe0ef9b76|Nick Osipczak|6|3|0|"6' 2"""|170 lbs.|"76"""|Orthodox|Dec 30, 1984|2.83|50%|3.77|50%|1.20|45%|71%|1.0
8eb239a52fc4ec14|Kenji Osawa|20|11|2|"5' 7"""|135 lbs.|"66"""|Orthodox|Nov 04, 1976|2.34|35%|2.14|63%|0.91|58%|68%|0.7
6d68c1afe954f121|Ode Osbourne|13|8|0|"5' 7"""|125 lbs.|"73"""|Southpaw|Jan 09, 1992|3.20|40%|3.82|46%|1.11|28%|65%|0.6
f53c1f4ceeed8c08|Dustin Ortiz|19|8|0|"5' 5"""|125 lbs.|"65"""|Orthodox|Dec 25, 1988|2.94|44%|2.17|56%|3.01|36%|52%|0.1
9c5828c6fd9dc948|Jorge Ortiz|18|9|1|"6' 0"""|185 lbs.|No Stat|Orthodox|No Stat|3.53|58%|2.80|73%|0.00|0%|0%|0.0
6b8db407d49c6e4b|Sam Oropeza|13|3|0|"6' 2"""|170 lbs.|No Stat|No Stat|No Stat|7.68|56%|1.44|70%|3.60|33%|100%|0.0
def8166ff24bd237|Brian Ortega|16|4|0|"5' 8"""|145 lbs.|"69"""|Switch|Feb 21, 1991|4.08|37%|6.59|49%|1.07|26%|55%|1.1
887e09328cd63df1|Chibwikem Onyenegecha|5|0|0|"6' 3"""|185 lbs.|No Stat|Orthodox|Apr 18, 1994|5.60|55%|3.40|52%|0.00|0%|100%|0.0
2f732dd9210d301f|Tito Ortiz|19|12|1|"6' 3"""|205 lbs.|"74"""|Orthodox|Jan 23, 1975|2.59|46%|2.88|60%|2.47|35%|54%|0.6
bf2c8e01b07d3eb1|Myktybek Orolbai|14|2|1|"5' 10"""|155 lbs.|"74"""|Orthodox|Feb 10, 1998|3.11|48%|3.08|50%|5.82|45%|40%|0.7
318572f6f74b760d|Charlie Ontiveros|11|9|0|"6' 2"""|155 lbs.|"74"""|Switch|Jul 04, 1991|1.89|41%|5.86|31%|0.00|0%|30%|0.0
ffe9703408fb5964|David Onama|14|2|0|"5' 11"""|145 lbs.|"74"""|Orthodox|Jun 07, 1994|5.24|50%|4.73|52%|1.08|30%|52%|0.5
470fedbc8563ac47|Daniel Omielanczuk|19|8|1|"6' 0"""|247 lbs.|"74"""|Southpaw|Aug 31, 1982|3.09|57%|3.29|47%|0.56|26%|68%|0.1
684d3aee255a3d09|Gadzhi Omargadzhiev|13|2|0|"6' 1"""|170 lbs.|"71"""|Switch|Feb 24, 1993|1.80|39%|2.20|39%|1.35|30%|60%|0.5
5a9104718439ef44|Cameron Olson|7|3|0|"6' 1"""|205 lbs.|"75"""|Orthodox|Nov 22, 1989|3.13|47%|2.20|57%|3.00|42%|100%|1.0
f2ad06f1007c481a|Alan Omer|20|5|0|"5' 10"""|145 lbs.|No Stat|Orthodox|Sep 14, 1988|3.49|55%|2.21|64%|1.69|42%|66%|0.0
9f842be1a5337be6|Michihiro Omigawa|17|14|1|"5' 6"""|145 lbs.|"68"""|Orthodox|Dec 19, 1975|2.01|39%|3.06|64%|1.19|36%|49%|1.5
8e0709784259402d|Dennis Olson|14|11|0|"6' 0"""|170 lbs.|No Stat|No Stat|No Stat|1.02|42%|5.27|38%|2.77|40%|0%|0.0
7613773461b276f4|Casey Olson|14|5|0|"5' 7"""|145 lbs.|No Stat|Orthodox|No Stat|2.48|60%|0.00|100%|3.54|57%|100%|1.8
dfbb95ca0c143988|Shana Olsen|5|2|0|"5' 7"""|145 lbs.|No Stat|No Stat|Dec 17, 1980|0.00|0%|0.00|0%|0.00|0%|0%|0.0
e96d8538d3f9d0ed|Andy Ologun|3|1|0|"6' 0"""|154 lbs.|No Stat|Orthodox|Jun 12, 1983|2.36|57%|0.32|85%|0.68|100%|80%|0.0
948880beac71f028|Felipe Olivieri|14|5|0|"5' 9"""|155 lbs.|No Stat|Orthodox|Apr 12, 1985|6.68|58%|4.60|57%|0.00|0%|71%|0.0
4948e412fa6ab67d|Ravena Oliveira|7|2|1|"5' 5"""|115 lbs.|"65"""|Orthodox|Feb 20, 1997|1.00|48%|1.20|48%|2.00|66%|62%|0.0
037cfd34a27d59e9|Michael Oliveira|8|0|0|No Stat|170 lbs.|No Stat|No Stat|Jan 21, 1998|0.00|0%|0.00|0%|0.00|0%|0%|0.0
18d01f7f8338ae72|Vinicius Oliveira|23|3|0|"5' 9"""|135 lbs.|"70"""|Switch|Nov 30, 1995|5.28|43%|2.89|57%|1.67|50%|80%|0.2
32c03df3c9760069|Wendell Oliveira Marques|29|10|0|"5' 10"""|170 lbs.|No Stat|Orthodox|Jun 01, 1983|3.77|47%|4.40|47%|0.00|0%|100%|0.0
72ea1984c52019b5|Saimon Oliveira|18|6|0|"5' 4"""|135 lbs.|"72"""|Orthodox|Apr 21, 1991|2.67|40%|4.13|46%|1.07|25%|38%|1.4
37d752ec41ed84bb|Maria Oliveira|13|7|0|"5' 6"""|115 lbs.|"69"""|Orthodox|Dec 12, 1996|5.03|38%|5.76|44%|0.95|44%|47%|0.0
07225ba28ae309b6|Charles Oliveira|35|11|0|"5' 10"""|155 lbs.|"74"""|Orthodox|Oct 17, 1989|3.41|55%|3.26|48%|2.23|39%|56%|2.6
1e85912c9bab7e2b|Bruno Oliveira|8|2|0|"6' 4"""|205 lbs.|"80"""|Orthodox|May 02, 1984|3.44|33%|4.92|54%|0.00|0%|0%|0.0
57b10fca4f9c9a7a|Alex Oliveira|22|12|1|"5' 11"""|170 lbs.|"76"""|Orthodox|Feb 21, 1988|2.99|51%|2.55|46%|2.35|38%|63%|0.6
acd9513399a8b09b|Ednaldo Oliveira|17|3|1|"6' 5"""|205 lbs.|No Stat|Orthodox|Feb 19, 1984|1.03|22%|1.80|52%|0.00|0%|42%|0.0
bec2746f033802c3|Jorge Oliveira|5|3|1|"6' 1"""|205 lbs.|No Stat|No Stat|No Stat|0.00|0%|0.00|0%|0.00|0%|0%|0.0
084532da3d25f3b8|Cezary Oleksiejczuk|15|3|0|No Stat|185 lbs.|No Stat|No Stat|Jan 06, 2000|0.00|0%|0.00|0%|0.00|0%|0%|0.0
15b1b21cd743d652|Rafaello Oliveira|17|8|0|"5' 8"""|155 lbs.|"71"""|Orthodox|Jan 26, 1982|2.19|33%|3.38|59%|2.49|36%|11%|1.6
0d65c432720accb9|Michal Oleksiejczuk|20|9|0|"6' 0"""|185 lbs.|"74"""|Southpaw|Feb 22, 1995|5.27|51%|4.51|59%|1.05|43%|48%|0.0
02a65a55f25fb4f3|Masakatsu Okuda|8|5|0|No Stat|No Stat|No Stat|No Stat|No Stat|0.00|0%|4.27|34%|0.00|0%|0%|4.3
33454ad90754cb49|Kazuki Okubo|7|9|0|"5' 11"""|175 lbs.|No Stat|Orthodox|No Stat|1.53|38%|1.97|46%|0.51|25%|36%|2.0
98c23cb6da5b3352|Aleksei Oleinik|60|17|1|"6' 2"""|240 lbs.|"80"""|Orthodox|Jun 20, 1977|3.29|48%|3.80|44%|1.82|46%|37%|1.9
4bdedbdeedff7d1d|Bolaji Oki|10|2|0|"5' 10"""|155 lbs.|"73"""|Orthodox|Nov 15, 1995|7.05|45%|4.76|62%|1.24|75%|85%|0.0
aa40fe6038db56cb|JJ Okanovich|7|1|0|"5' 11"""|155 lbs.|"76"""|Orthodox|Nov 04, 1990|6.93|55%|5.27|50%|0.00|0%|100%|0.0
32541eb5d12668b4|Takayuki Okada|3|3|2|"6' 1"""|290 lbs.|No Stat|Orthodox|No Stat|0.00|0%|0.00|0%|0.00|0%|0%|0.0
5c020ee6ab450870|Ho Taek Oh|7|2|1|No Stat|155 lbs.|No Stat|No Stat|Jul 20, 1993|0.00|0%|0.00|0%|0.00|0%|0%|0.0
6a8a06b542e1516d|Michiyoshi Ohara|0|2|0|"5' 10"""|205 lbs.|No Stat|Orthodox|No Stat|0.28|29%|3.13|48%|0.00|0%|33%|0.0
acff437707625fc7|Yushin Okami|34|12|0|"6' 2"""|170 lbs.|"75"""|Southpaw|Jul 21, 1981|2.06|38%|2.25|60%|1.98|39%|84%|0.5
01daf32100ed7517|Koji Oishi|25|10|10|"5' 8"""|170 lbs.|No Stat|Orthodox|May 31, 1977|1.43|9%|17.86|43%|0.00|0%|0%|0.0
cfc3e7bb44685289|Trey Ogden|18|7|0|"5' 11"""|155 lbs.|"72"""|Orthodox|Nov 14, 1989|3.20|50%|3.49|55%|1.89|32%|100%|0.7
b6c4451cb13c9303|Andy Ogle|9|6|0|"5' 8"""|145 lbs.|"69"""|Orthodox|Feb 16, 1989|2.24|44%|2.23|50%|1.44|26%|58%|0.0
7facc9c45d792985|Kaan Ofli|12|4|1|"5' 7"""|145 lbs.|"66"""|Orthodox|Jun 19, 1993|2.00|45%|2.93|60%|0.00|0%|0%|0.0
4b2390cfaceb91d8|Naoya Ogawa|7|2|0|"6' 4"""|255 lbs.|No Stat|Orthodox|Mar 31, 1968|2.41|42%|1.66|47%|1.25|100%|66%|1.2
f43907e75f8d9baa|Richard Odoms|13|3|0|"6' 5"""|265 lbs.|No Stat|Orthodox|May 08, 1975|0.00|0%|0.00|0%|0.00|0%|0%|0.0
2d6d6ffe5a446ea2|Christian Ocon|2|1|0|"5' 8"""|135 lbs.|"69"""|Orthodox|Feb 05, 1996|1.73|53%|5.27|34%|0.00|0%|63%|0.0
0845c81e37d3bcb3|Volkan Oezdemir|20|8|0|"6' 2"""|205 lbs.|"75"""|Orthodox|Sep 19, 1989|4.95|48%|4.22|55%|0.50|29%|80%|0.1
6e3282d57d2467a0|Nobuhiro Obiya|12|5|1|"5' 8"""|145 lbs.|No Stat|Orthodox|Jan 15, 1981|0.63|28%|2.53|55%|0.50|50%|41%|0.5
88be62d6c1e6dadb|Jose Ochoa|8|2|0|"5' 7"""|125 lbs.|"67"""|Southpaw|Dec 31, 2000|3.01|37%|2.33|60%|0.43|50%|59%|1.3
7139cd2ae4bf6a29|Takahiro Oba|5|7|1|"5' 8"""|200 lbs.|No Stat|Southpaw|No Stat|0.23|25%|1.82|69%|0.00|0%|0%|0.0
494b0bfdbac74502|Brendan O'Reilly|6|3|0|"5' 7"""|170 lbs.|"69"""|Orthodox|Jun 24, 1987|1.90|47%|2.77|39%|2.22|43%|36%|0.6
b50a426a33da0012|Sean O'Malley|18|3|0|"5' 11"""|135 lbs.|"72"""|Switch|Oct 24, 1994|6.30|61%|3.48|60%|0.27|42%|61%|0.3
338fda4ec7034c5d|Jeremiah O'Neal|13|25|0|"5' 8"""|260 lbs.|No Stat|No Stat|Oct 25, 1977|1.15|40%|7.50|23%|0.00|0%|0%|0.0
56bc9ccb609df534|Chuck O'Neil|17|9|0|"6' 2"""|170 lbs.|No Stat|No Stat|Sep 22, 1985|3.13|37%|4.40|72%|0.00|0%|0%|0.0
04835018f90b118c|Casey O'Neill|10|2|0|"5' 6"""|125 lbs.|"69"""|Orthodox|Oct 07, 1997|7.89|52%|5.65|57%|1.45|34%|70%|0.7
69ea0119f6f0dfe0|Dan O'Connor|6|6|0|"5' 4"""|115 lbs.|No Stat|No Stat|Nov 17, 1982|4.00|56%|5.10|54%|0.00|0%|100%|0.0
46effbd1135423c5|Sean O'Haire|4|2|0|"6' 5"""|270 lbs.|No Stat|Orthodox|Feb 25, 1971|8.28|57%|22.76|21%|0.00|0%|0%|0.0
cb52f9490c2dc069|Sean O'Connell|17|9|0|"6' 1"""|205 lbs.|"74"""|Orthodox|Sep 02, 1983|5.46|48%|6.77|45%|0.00|0%|30%|0.5
d25b93992f285953|TJ O'Brien|20|8|0|"6' 2"""|155 lbs.|No Stat|Orthodox|Jan 01, 1987|3.77|46%|4.78|57%|0.94|100%|0%|0.0
885adaff8fe15cf7|Austin Tweedy|8|2|0|"5' 9"""|155 lbs.|No Stat|Orthodox|Sep 25, 1990|4.29|66%|6.43|0%|0.00|0%|0%|0.0
20bcc9966affb19c|Jake O'Brien|15|4|0|"6' 3"""|205 lbs.|"76"""|Orthodox|Sep 25, 1984|1.31|31%|1.92|69%|6.39|54%|25%|0.2
4d8fa64202cee4c1|Jalin Turner|14|9|0|"6' 3"""|155 lbs.|"77"""|Southpaw|May 18, 1995|5.53|48%|4.55|41%|0.77|55%|75%|1.1
56f4b81ec4db61af|Courtney Turner|0|3|0|"6' 2"""|170 lbs.|No Stat|No Stat|No Stat|0.00|0%|0.00|0%|0.00|0%|0%|0.0
82529ce93cd9a2cf|Anton Turkalj|8|4|0|"6' 4"""|205 lbs.|"78"""|Orthodox|Jun 10, 1996|2.45|42%|3.42|54%|4.98|41%|16%|0.0
c9cf753cfdf77fc2|Marcin Tybura|27|9|0|"6' 3"""|249 lbs.|"78"""|Orthodox|Nov 09, 1985|3.60|48%|3.31|55%|1.39|33%|75%|0.1
cd3d7e37ff2d679c|Ricky Turcios|13|5|0|"5' 9"""|135 lbs.|"71"""|Orthodox|Jun 05, 1993|4.73|40%|3.72|52%|0.91|20%|44%|0.4
ff6a1f63c254127e|Albert Tumenov|18|4|0|"5' 11"""|170 lbs.|"73"""|Orthodox|Dec 26, 1991|3.76|42%|3.34|58%|0.20|20%|75%|0.0
4dcfb28c011c11b2|Wellington Turman|18|8|0|"6' 0"""|170 lbs.|"72"""|Orthodox|Jul 22, 1996|3.23|51%|4.17|45%|1.55|20%|42%|0.8
17cb6d8e8187f304|Nyamjargal Tumendemberel|8|1|0|"5' 7"""|125 lbs.|"71"""|Orthodox|Mar 22, 1998|3.13|38%|3.29|51%|2.42|31%|52%|2.4
9384e71bca6c409d|Marco Tulio|14|1|0|"6' 0"""|185 lbs.|"74"""|Orthodox|Jun 13, 1994|7.54|60%|2.53|61%|0.88|20%|0%|0.4
96eff1a628adcc7f|Teila Tuli|0|1|0|"6' 0"""|430 lbs.|No Stat|Orthodox|Jun 14, 1969|0.00|0%|0.00|0%|0.00|0%|0%|0.0
aceffa19749c4dc0|Zubaira Tukhugov|20|6|1|"5' 8"""|155 lbs.|"68"""|Orthodox|Jan 15, 1991|3.17|39%|3.07|63%|2.13|39%|100%|0.0
c62fbc117d57b943|Tai Tuivasa|15|8|0|"6' 2"""|264 lbs.|"75"""|Southpaw|Mar 16, 1993|3.77|46%|5.18|44%|0.00|0%|57%|0.0
63f8775391301891|Blair Tugman|10|6|0|"6' 0"""|135 lbs.|No Stat|No Stat|No Stat|2.25|53%|0.93|50%|7.50|60%|0%|0.0
b9aa7d230865b5fe|Tom Tuggle|0|3|0|"6' 2"""|250 lbs.|No Stat|Orthodox|No Stat|0.00|0%|2.14|0%|32.14|100%|0%|0.0
1ed32eaaba9ffe10|Jumabieke Tuerxun|19|4|1|"5' 7"""|135 lbs.|No Stat|Orthodox|Apr 17, 1986|1.60|28%|3.08|59%|0.47|11%|66%|0.9
53ec9cb470e1a4ea|Jon Tuck|10|5|0|"5' 11"""|155 lbs.|"73"""|Orthodox|Aug 28, 1984|3.00|40%|3.74|60%|0.42|33%|50%|1.0
df05aa15b2d66f57|Chris Tuchscherer|21|4|0|"6' 2"""|258 lbs.|"76"""|Orthodox|Sep 08, 1975|1.35|31%|3.17|47%|1.19|18%|0%|0.6
da816417a579a0bd|Gavin Tucker|13|3|0|"5' 6"""|145 lbs.|"66"""|Southpaw|Jun 17, 1986|4.29|44%|4.18|57%|3.13|44%|53%|1.5
2f43a3e82661fa99|Rei Tsuruya|10|1|0|"5' 6"""|125 lbs.|"68"""|Orthodox|Jun 22, 2002|2.24|52%|2.01|42%|5.06|37%|50%|1.9
eae48ff31db420c2|Arman Tsarukyan|22|3|0|"5' 7"""|155 lbs.|"72"""|Orthodox|Oct 11, 1996|3.79|48%|1.84|53%|3.25|37%|75%|0.0
e14b5aa06eea9653|Abel Trujillo|15|8|0|"5' 8"""|155 lbs.|"70"""|Orthodox|Sep 18, 1983|2.65|41%|2.31|59%|2.18|45%|40%|0.4
cc18abc046b382c9|Aaron Trujillo|0|1|0|"5' 5"""|125 lbs.|No Stat|No Stat|No Stat|0.00|0%|0.00|0%|0.00|0%|0%|0.0
e6b233a007cb06c4|Reynaldo Trujillo|21|19|0|"5' 9"""|155 lbs.|No Stat|No Stat|Jan 01, 1982|0.00|0%|0.00|0%|0.00|0%|0%|0.0
8abf70f79e9e27c2|Tor Troeng|16|7|1|"6' 2"""|185 lbs.|No Stat|Orthodox|Jan 25, 1983|1.16|46%|3.26|32%|0.62|7%|66%|0.3
5bf31a46becc1204|Michael Trizano|11|3|0|"5' 11"""|145 lbs.|"71"""|Orthodox|Dec 31, 1991|3.63|53%|4.40|50%|0.36|66%|72%|0.5
cb1c09c8126dbee0|Damien Trites|7|6|0|"5' 11"""|165 lbs.|No Stat|No Stat|Aug 23, 1979|0.00|0%|0.00|0%|0.00|0%|0%|0.0
a8283a4f415e1eb9|Francisco Trinaldo|28|9|0|"5' 9"""|170 lbs.|"70"""|Southpaw|Aug 24, 1978|3.13|45%|2.67|60%|0.98|42%|60%|0.5
6d48a2df51749d91|Antonio Trocoli|12|5|0|"6' 6"""|185 lbs.|"79"""|Orthodox|Dec 06, 1990|1.29|50%|5.79|23%|0.84|11%|50%|0.8
d2d37e8eeb3abc8d|Frank Trigg|21|9|0|"5' 9"""|170 lbs.|"71"""|Southpaw|May 07, 1972|2.79|46%|1.90|56%|2.35|47%|75%|0.8
97a6bbe6e6566a94|Francisco Trevino|13|3|0|"5' 9"""|155 lbs.|"70"""|Orthodox|Dec 17, 1981|2.65|42%|2.42|64%|0.97|22%|41%|0.0
73abb7a5c57fb443|Alexander Trevino|7|7|0|No Stat|170 lbs.|No Stat|No Stat|No Stat|0.00|0%|0.00|0%|0.00|0%|0%|0.0
0cf9f5518d6063bb|Angelo Trevino|7|3|0|"5' 11"""|170 lbs.|No Stat|Switch|Jun 10, 1993|5.19|54%|3.90|47%|0.00|0%|100%|0.0
008cf84faae9c7a5|Bryan Travers|15|4|0|No Stat|155 lbs.|No Stat|No Stat|Apr 11, 1983|2.33|48%|3.93|55%|2.00|28%|63%|0.0
20ec0061400178ca|Roberto Traven|6|4|1|"6' 3"""|227 lbs.|No Stat|Orthodox|Sep 16, 1968|0.92|50%|2.77|57%|0.00|0%|0%|0.0
04076783ca83d6ae|Minoru Toyonaga|2|5|0|"5' 11"""|195 lbs.|No Stat|Southpaw|No Stat|0.00|0%|0.00|0%|0.00|0%|0%|0.0
ff2ec83f44000f78|Slim Trabelsi|5|0|0|"6' 3"""|235 lbs.|No Stat|No Stat|May 09, 1993|0.00|0%|0.00|0%|0.00|0%|0%|0.0
3f7dab21b6c971bc|Dequan Townsend|21|12|0|"6' 3"""|205 lbs.|"79"""|Orthodox|May 11, 1986|1.23|34%|3.92|38%|0.00|0%|46%|0.0
cbf1c7ba5408a66f|Salim Touahri|10|4|0|"5' 10"""|170 lbs.|"72"""|Orthodox|Sep 28, 1989|2.60|46%|2.87|58%|0.00|0%|83%|0.0
c8d46028907bcece|Eduardo Torres Caut|16|2|0|"5' 7"""|135 lbs.|"70"""|Orthodox|Apr 26, 1995|1.10|34%|1.24|65%|2.06|33%|50%|0.0
d2036f31c035e0d1|Jose Torres|8|1|0|"5' 4"""|125 lbs.|"65"""|Orthodox|Aug 02, 1992|4.37|36%|9.84|50%|1.28|33%|75%|0.0
2e7878927067fdca|Manuel Torres|16|3|0|"5' 10"""|155 lbs.|"73"""|Switch|Mar 25, 1995|7.87|60%|4.20|52%|2.00|66%|88%|1.0
971aebf56267de20|Desmond Torres|7|2|0|"5' 6"""|135 lbs.|"69"""|Orthodox|Jan 06, 1997|4.80|64%|11.78|48%|0.00|0%|100%|0.0
e4e0f310b3cf23a8|Alex Torres|5|4|0|"5' 10"""|145 lbs.|No Stat|Orthodox|May 29, 1988|2.47|37%|2.73|69%|2.00|22%|50%|0.0
1ff10dee2f7ae60c|Haven Torres|0|0|0|No Stat|125 lbs.|No Stat|No Stat|No Stat|0.00|0%|0.00|0%|0.00|0%|0%|0.0
cce79e827569f26e|Ronys Torres|35|5|0|"5' 7"""|155 lbs.|No Stat|Orthodox|Aug 13, 1975|0.87|26%|1.93|57%|4.00|47%|16%|0.5
e175a261a280f7cb|Abram Torres|4|3|0|"5' 10"""|170 lbs.|No Stat|No Stat|Oct 29, 1982|0.00|0%|0.00|0%|0.00|0%|0%|0.0
33b2f68ef95252e0|Miguel Torres|44|9|0|"5' 9"""|135 lbs.|"76"""|Orthodox|Jan 18, 1981|3.98|43%|1.86|74%|0.00|0%|17%|1.6
918d9d89d4d52acc|Anthony Torres|5|3|0|"5' 8"""|170 lbs.|No Stat|Orthodox|Jul 31, 1978|3.54|48%|7.52|45%|0.00|0%|100%|2.2
4a6dff1b260bcf61|Aleksandre Topuria|6|1|0|"5' 7"""|135 lbs.|"68"""|Orthodox|Jan 28, 1996|2.73|51%|2.53|70%|1.00|50%|100%|0.0
54f64b5e283b0ce7|Ilia Topuria|17|0|0|"5' 7"""|155 lbs.|"69"""|Orthodox|Jan 21, 1997|4.81|48%|3.83|64%|1.96|61%|93%|1.1
5ee87e0432205755|Carl Toomey|3|3|0|No Stat|No Stat|No Stat|No Stat|No Stat|0.00|0%|0.00|0%|0.00|0%|0%|0.0
9de7c97e1c0d7927|Masanori Tonooka|1|2|0|"5' 8"""|185 lbs.|No Stat|Orthodox|No Stat|0.16|5%|1.09|36%|0.00|0%|0%|0.0
d10b35152277cf98|James Toney|0|1|0|"5' 9"""|220 lbs.|No Stat|Orthodox|Aug 24, 1968|0.00|0%|2.41|27%|0.00|0%|0%|0.0
2d077e22886298be|Wuziazibieke Jiahefu|29|12|1|"5' 9"""|145 lbs.|"70"""|Orthodox|Apr 09, 1990|0.41|50%|2.84|41%|6.08|50%|0%|0.0
2296125b6c362355|Wulijiburen|20|9|0|"5' 9"""|135 lbs.|"69"""|Orthodox|Mar 01, 1989|1.61|42%|3.02|56%|3.28|42%|77%|0.4
fdbefee0827e1567|Wu Yanan|13|6|0|"5' 8"""|135 lbs.|"66"""|Orthodox|Apr 18, 1996|4.23|41%|4.95|49%|0.62|30%|63%|0.2
aac6edb0d5e0b7e9|Marcin Wrzosek|12|4|0|"5' 9"""|155 lbs.|No Stat|No Stat|Oct 14, 1987|3.47|43%|4.07|43%|3.00|25%|33%|0.0
c878270af633eb11|Jordan Wright|12|5|0|"6' 2"""|205 lbs.|"77"""|Orthodox|Oct 07, 1991|4.10|56%|6.03|31%|2.09|45%|100%|0.4
8e893f269d5696b2|Tyler Toner|15|7|0|"5' 8"""|145 lbs.|"70"""|Orthodox|Mar 31, 1983|2.95|52%|2.13|62%|0.00|0%|54%|0.4
19f8a2f6eecd92ac|Puja Tomar|9|5|0|"5' 4"""|115 lbs.|"59"""|Southpaw|Dec 05, 1993|5.61|48%|5.82|46%|0.00|0%|100%|0.0
c4af2feb4b58bc3b|Kazuki Tokudome|18|7|1|"5' 11"""|155 lbs.|"73"""|Southpaw|Mar 04, 1987|2.26|41%|3.63|53%|2.00|38%|78%|0.0
679ae8c4fd022c6b|Anatoly Tokov|25|2|0|"5' 10"""|185 lbs.|No Stat|No Stat|Feb 17, 1990|3.51|72%|0.54|66%|2.03|100%|100%|0.0
2d5fbe2103f97053|Hideo Tokoro|34|29|2|"5' 7"""|135 lbs.|No Stat|Orthodox|Aug 22, 1977|1.78|37%|2.01|65%|0.87|34%|44%|2.3
3e8118c1ab52f211|Tuco Tokkos|11|5|0|"6' 4"""|205 lbs.|"76"""|Orthodox|Jun 30, 1990|2.12|40%|4.27|46%|4.21|47%|33%|0.5
274ca7b799b402cc|Andrew Todhunter|8|0|0|"6' 0"""|185 lbs.|No Stat|Switch|Nov 30, 1987|0.00|0%|0.00|0%|0.00|0%|0%|0.0
d6a8edb7410223a0|Rafael Tobias|13|1|0|No Stat|205 lbs.|No Stat|No Stat|Mar 20, 2003|0.00|0%|0.00|0%|0.00|0%|0%|0.0
57481f1f10530c61|Ryan Tobar|3|3|0|No Stat|155 lbs.|No Stat|No Stat|No Stat|0.00|0%|0.00|0%|0.00|0%|0%|0.0
0112352cb32f5026|Denis Tiuliulin|10|10|0|"6' 1"""|185 lbs.|"77"""|Orthodox|May 17, 1988|3.61|41%|5.23|38%|0.96|42%|72%|0.0
7b461ccae8270207|Brett Tillis|0|0|0|No Stat|145 lbs.|No Stat|No Stat|No Stat|0.00|0%|0.00|0%|0.00|0%|0%|0.0
c830bc2eb134b646|Rio Tirto|8|1|0|"5' 4"""|125 lbs.|"66"""|Switch|Feb 09, 2000|0.00|0%|2.11|69%|0.00|0%|0%|0.0
866fd7b1a6c90e7f|Dusko Todorovic|12|6|0|"6' 1"""|185 lbs.|"74"""|Orthodox|May 19, 1994|4.79|57%|4.53|47%|1.50|17%|42%|0.2
1d1b85389a05df69|Chris Tickle|9|9|0|"5' 9"""|155 lbs.|No Stat|No Stat|Feb 01, 1982|1.07|40%|1.13|43%|1.00|25%|20%|2.0
9ce6d5a03af801b7|Darren Till|18|5|1|"6' 0"""|185 lbs.|"74"""|Southpaw|Dec 24, 1992|2.30|46%|3.31|56%|0.55|46%|69%|0.0
9eb069062a0cfc13|Nolan Ticman|4|3|0|"5' 6"""|125 lbs.|No Stat|Orthodox|May 17, 1988|2.57|47%|2.53|67%|0.00|0%|60%|0.0
3848cd6cac73e091|Ti Haitao|16|6|0|No Stat|135 lbs.|No Stat|No Stat|No Stat|0.00|0%|0.00|0%|0.00|0%|0%|0.0
083e15da67d9b0fa|Josh Thornburg|8|8|0|"6' 0"""|170 lbs.|No Stat|No Stat|May 24, 1984|1.20|50%|3.13|38%|2.00|66%|42%|2.0
fea8acf9bfcf09ec|Simeon Thoresen|17|6|1|"6' 1"""|170 lbs.|"79"""|Orthodox|Mar 14, 1984|3.85|43%|3.85|64%|1.12|40%|50%|1.7
75e5fec9f72910ef|Gleison Tibau|33|14|0|"5' 10"""|155 lbs.|"71"""|Southpaw|Oct 07, 1983|1.95|31%|2.51|63%|4.08|53%|92%|0.8
a566371ba2ad7152|Josh Thomson|22|9|0|"5' 10"""|155 lbs.|"71"""|Orthodox|Sep 21, 1978|2.59|47%|2.12|64%|1.92|39%|54%|1.3
dcdd511ff757f15c|Oli Thompson|17|10|0|"6' 1"""|242 lbs.|"75"""|Orthodox|Jan 02, 1980|1.66|46%|5.31|46%|0.00|0%|50%|0.5
9e30f69cc0869301|James Thompson|20|16|0|"6' 5"""|265 lbs.|No Stat|Orthodox|Dec 16, 1978|5.13|52%|3.19|41%|3.14|36%|53%|1.3
2b33e57c4d0a4502|Joel Thomas|5|2|0|"5' 10"""|170 lbs.|No Stat|No Stat|No Stat|0.00|0%|0.00|0%|0.00|0%|0%|0.0
7d3caf0f96f1b33d|Nick Thompson|38|14|1|"6' 1"""|170 lbs.|"74"""|Orthodox|Jun 23, 1981|1.87|42%|1.80|49%|1.06|100%|35%|2.6
ed5f04f833459877|Treston Thomison|10|6|0|"5' 8"""|145 lbs.|No Stat|No Stat|No Stat|0.00|0%|0.00|0%|0.00|0%|0%|0.0
4a28cb716c19157a|Stephen Thompson|17|9|1|"6' 0"""|170 lbs.|"75"""|Orthodox|Feb 11, 1983|4.05|46%|3.00|54%|0.23|35%|63%|0.0
319c15b8aac5bfde|Noah Thomas|14|7|0|"5' 9"""|135 lbs.|No Stat|Orthodox|Mar 27, 1981|0.44|13%|4.99|33%|0.00|0%|0%|1.3
b732b326c362fb62|Ryan Thomas|20|8|0|"6' 0"""|170 lbs.|No Stat|Orthodox|Nov 05, 1984|2.01|36%|4.17|30%|5.59|33%|0%|2.2
7182146226dabe22|Chris Wright|8|5|1|No Stat|No Stat|No Stat|No Stat|No Stat|0.00|0%|0.00|0%|0.00|0%|0%|0.0
40a604761ca7d64d|Din Thomas|26|9|0|"5' 9"""|155 lbs.|No Stat|Orthodox|Sep 28, 1976|1.85|37%|2.60|59%|1.38|52%|76%|1.2
e78f601035d677f2|Justin Wren|13|2|0|"6' 2"""|265 lbs.|No Stat|Orthodox|Apr 27, 1987|3.43|35%|2.07|64%|0.00|0%|100%|0.0
eb6edce3028f05c0|Eric Wray|5|1|0|"6' 0"""|170 lbs.|No Stat|Orthodox|No Stat|1.76|48%|3.12|28%|4.07|66%|0%|2.0
2a0b19a96f848eff|JW Wright|1|0|0|No Stat|130 lbs.|No Stat|No Stat|Jan 12, 1976|0.00|0%|0.00|0%|0.00|0%|0%|0.0
8fb808fc2e145bd6|Hunter Worsham|7|3|0|No Stat|185 lbs.|No Stat|No Stat|No Stat|0.00|0%|0.00|0%|0.00|0%|0%|0.0
de3ed2e152520c8d|Cal Worsham|13|10|0|"5' 11"""|230 lbs.|No Stat|Orthodox|No Stat|0.00|0%|0.00|0%|0.00|0%|0%|0.0
78e501478a36a018|Khama Worthy|16|9|0|"5' 11"""|155 lbs.|"74"""|Orthodox|Oct 15, 1986|4.18|48%|4.45|46%|0.00|0%|57%|0.7
4682bc59d5f55145|Sean Woodson|13|2|1|"6' 2"""|145 lbs.|"78"""|Orthodox|Jun 07, 1992|5.57|46%|4.18|58%|0.58|55%|84%|0.3
8de471543d9c933e|Salvador Woods|8|17|0|"5' 11"""|170 lbs.|No Stat|No Stat|Feb 05, 1985|0.00|0%|0.00|0%|0.00|0%|0%|0.0
133a9d2e6efd8a50|Logan Woods|5|1|0|No Stat|185 lbs.|No Stat|No Stat|May 30, 1994|0.00|0%|0.00|0%|0.00|0%|0%|0.0
7a47e068f8017019|Val Woodburn|7|2|0|"5' 8"""|170 lbs.|"74"""|Orthodox|Aug 10, 1993|1.60|35%|4.93|36%|1.92|100%|50%|0.0
effd9de9937996f8|Tyron Woodley|19|7|1|"5' 9"""|170 lbs.|"74"""|Orthodox|Apr 07, 1982|2.36|48%|2.76|54%|1.06|40%|87%|0.4
12f91bfa8f1f723b|Joanne Wood|17|8|0|"5' 6"""|125 lbs.|"65"""|Orthodox|Dec 23, 1985|7.10|51%|4.89|51%|1.52|55%|58%|0.3
329e403448756217|Nathaniel Wood|21|6|0|"5' 6"""|145 lbs.|"69"""|Orthodox|May 08, 1993|5.66|51%|3.89|56%|1.41|48%|72%|0.6
daa89f01e1c0f42a|Xue Do Won|0|1|0|"5' 7"""|165 lbs.|No Stat|No Stat|No Stat|0.00|0%|0.00|0%|0.00|0%|0%|0.0
aa79d5399571068e|Brandon Wolff|7|5|0|"5' 9"""|170 lbs.|No Stat|Orthodox|Oct 18, 1975|0.47|33%|10.91|19%|0.00|0%|0%|0.0
a7e3f02fe2b2fe30|Danyelle Wolf|1|1|0|"5' 11"""|145 lbs.|"70"""|Orthodox|Sep 08, 1983|2.37|25%|4.57|47%|0.00|0%|77%|0.5
b99b3620839ea911|Karolina Wojcik|9|2|0|"5' 2"""|115 lbs.|No Stat|Orthodox|Dec 09, 1994|2.67|65%|0.87|62%|2.00|66%|100%|1.0
7f9f528cb72a6ed1|Travis Wiuff|75|21|0|"6' 3"""|205 lbs.|No Stat|Orthodox|Mar 15, 1978|0.48|30%|4.03|41%|4.84|57%|44%|1.2
ea0ad155451ed1f5|Ray Wizard|0|1|0|No Stat|No Stat|No Stat|No Stat|No Stat|0.00|0%|0.00|0%|0.00|0%|0%|0.0
5f3805dda9661cba|Jason Witt|19|9|0|"5' 10"""|170 lbs.|"70"""|Orthodox|Nov 07, 1986|2.15|44%|2.54|52%|6.90|48%|100%|0.9
53f84637dfffab7a|Eric Wisely|26|9|1|"5' 8"""|145 lbs.|No Stat|Southpaw|Jul 25, 1984|1.42|47%|2.08|56%|0.00|0%|27%|0.9
cd12227edd3f134b|Keith Wisniewski|28|15|1|"6' 0"""|170 lbs.|No Stat|Orthodox|Oct 25, 1981|2.32|52%|4.86|42%|1.57|40%|78%|0.3
b45d6b73f4ca4467|Andre Winner|21|11|2|"5' 11"""|155 lbs.|"73"""|Orthodox|Nov 09, 1981|2.52|33%|4.57|51%|0.00|0%|74%|0.0
483a953b18d73bb3|Deron Winn|7|3|0|"5' 6"""|185 lbs.|"70"""|Orthodox|Jun 13, 1989|4.55|44%|6.21|46%|4.28|52%|40%|0.0
81254702b51cc832|Damon Wilson|9|2|0|No Stat|145 lbs.|No Stat|No Stat|Apr 29, 1993|0.00|0%|0.00|0%|0.00|0%|0%|0.0
7b3503352cd53abb|Westin Wilson|17|9|0|"6' 1"""|145 lbs.|"73"""|Southpaw|Jan 24, 1989|1.68|33%|5.72|31%|1.68|16%|33%|8.4
cd01f0b768a32475|Jonathan Wilson|7|3|0|"6' 2"""|205 lbs.|"75"""|Southpaw|Jul 17, 1987|2.92|48%|5.65|56%|0.37|100%|80%|0.0
eb29176b03dfa888|Matt Wiman|16|10|0|"5' 10"""|155 lbs.|"68"""|Orthodox|Sep 19, 1983|3.17|50%|3.57|51%|2.13|37%|56%|1.5
fc9a9559a05f2704|Eddie Wineland|24|16|1|"5' 7"""|135 lbs.|"69"""|Orthodox|Jun 26, 1984|3.40|29%|3.76|68%|0.34|33%|86%|0.1
b8e6393c39cb9740|Sean Wilson|36|29|0|"5' 8"""|145 lbs.|No Stat|No Stat|Oct 20, 1982|1.01|31%|5.88|62%|0.00|0%|0%|0.0
ed7d329d7c29428d|Colby Thicknesse|7|1|0|"5' 7"""|135 lbs.|"69"""|Orthodox|Jun 23, 1999|2.53|29%|2.73|48%|0.00|0%|50%|0.0
ca936c67687789e9|Nik Theotikos|6|2|0|No Stat|185 lbs.|No Stat|Orthodox|No Stat|0.00|0%|5.48|19%|0.00|0%|0%|4.8
f0264252e191da22|Jason Thacker|0|1|0|"5' 10"""|185 lbs.|No Stat|Orthodox|Aug 18, 1975|0.63|33%|17.05|32%|0.00|0%|0%|0.0
545092d13c67aa49|Alexia Thainara|12|1|0|"5' 4"""|115 lbs.|"67"""|Orthodox|Nov 20, 1995|5.73|40%|2.82|70%|3.07|100%|0%|2.3
638cfec7ec559d6e|Brandon Thatch|11|5|0|"6' 2"""|170 lbs.|"74"""|Switch|Jul 11, 1985|2.70|42%|3.63|52%|1.36|66%|50%|0.7
34f88592c0ab7a54|Elias Theodorou|16|3|0|"6' 1"""|185 lbs.|"75"""|Orthodox|May 31, 1988|4.19|42%|2.39|53%|1.27|28%|59%|0.0
30a09e43f15f1d75|Paulo Thiago|18|9|0|"5' 11"""|170 lbs.|"74"""|Orthodox|Jan 25, 1981|1.71|39%|1.99|63%|1.42|31%|63%|1.2
d34636a85f0f4c90|Motonobu Tezuka|28|12|7|"5' 7"""|135 lbs.|No Stat|Southpaw|Aug 29, 1987|0.87|23%|2.80|51%|1.50|11%|0%|0.5
2747c60e42d9d75f|David Teymur|8|2|0|"5' 9"""|155 lbs.|"73"""|Southpaw|May 01, 1989|4.69|43%|3.53|55%|0.94|33%|77%|0.0
fbf0537e420e698e|Daniel Teymur|7|4|0|"5' 5"""|145 lbs.|"69"""|Orthodox|Feb 03, 1988|3.08|46%|3.93|56%|0.56|18%|60%|0.3
60f86c449cd31e23|Jeff Terry|2|3|0|"6' 2"""|205 lbs.|No Stat|No Stat|No Stat|1.09|50%|9.27|19%|0.00|0%|100%|0.0
5befa793316d3469|James Terry|19|9|0|"5' 10"""|170 lbs.|No Stat|Orthodox|Mar 16, 1981|3.23|32%|4.77|64%|3.31|36%|75%|0.0
87911d22a79d3203|Taneisha Tennant|5|1|0|"5' 7"""|145 lbs.|"70"""|Orthodox|Jun 15, 1989|5.67|55%|3.40|71%|0.00|0%|100%|0.0
61d6368013f8637f|Herman Terrado|15|3|1|No Stat|170 lbs.|No Stat|No Stat|No Stat|0.00|0%|0.00|0%|0.00|0%|0%|0.0
b9aa0024f295609e|Dave Terrel|7|7|0|"5' 8"""|170 lbs.|No Stat|Southpaw|May 10, 1978|2.62|43%|2.80|48%|3.28|38%|100%|0.0
4123fd4dcc1fe937|David Terrell|6|2|0|"6' 1"""|185 lbs.|No Stat|Southpaw|Jan 09, 1978|2.34|63%|2.71|37%|5.54|50%|0%|5.5
7d0a1968b38ca439|Ramazan Temirov|19|3|0|"5' 4"""|125 lbs.|"63"""|Orthodox|Jan 31, 1997|4.37|40%|3.93|59%|0.84|50%|100%|0.0
1dab0d1d81dd06db|Tra Telligman|7|5|1|"6' 2"""|233 lbs.|No Stat|Orthodox|Feb 07, 1965|1.83|35%|3.02|56%|0.87|100%|80%|0.0
17923f676f100e16|Tallison Teixeira|8|1|0|"6' 7"""|258 lbs.|"83"""|Orthodox|Dec 07, 1999|12.83|59%|8.98|56%|0.00|0%|0%|0.0
86061eaba822bfea|John Teixeira|21|2|2|"5' 7"""|145 lbs.|No Stat|Orthodox|Nov 18, 1986|3.36|35%|3.20|63%|1.00|27%|71%|0.7
de9e331b3e6bae70|Ewerton Teixeira|3|1|0|"6' 1"""|242 lbs.|No Stat|No Stat|Feb 13, 1982|2.00|39%|3.22|35%|0.00|0%|33%|0.0
b47c9ea5f2895d6e|Cam Teague|7|1|0|"5' 10"""|145 lbs.|"69"""|Orthodox|Feb 13, 1998|5.87|27%|20.14|35%|0.00|0%|0%|0.0
5bb70ebd65075c5c|Shawn Teed|5|2|0|"6' 5"""|265 lbs.|No Stat|Orthodox|Feb 13, 1992|1.40|42%|13.31|21%|0.00|0%|0%|0.0
17c6e35e4da505b0|J.T Taylor|7|7|0|"5' 10"""|No Stat|No Stat|No Stat|No Stat|3.17|80%|3.70|26%|3.96|100%|0%|7.9
637a4d8825464c62|Anthony Taylor|1|3|0|"5' 7"""|145 lbs.|No Stat|No Stat|No Stat|0.00|0%|0.00|0%|0.00|0%|0%|0.0
7ff97850e8c32bda|Glover Teixeira|33|9|0|"6' 2"""|205 lbs.|"76"""|Orthodox|Oct 28, 1979|3.73|49%|4.43|51%|2.11|33%|60%|0.9
b76c6268dc1d3c05|Danielle Taylor|9|4|0|"5' 0"""|115 lbs.|"60"""|Orthodox|Oct 25, 1989|2.75|29%|3.31|71%|0.20|20%|70%|0.2
49bddfee9ed54cf3|Louis Taylor|13|4|0|"5' 11"""|185 lbs.|No Stat|Orthodox|May 12, 1979|2.06|32%|1.24|68%|2.48|28%|100%|0.0
88e53ec16b801740|Torrance Taylor|13|8|1|"5' 7"""|155 lbs.|No Stat|No Stat|No Stat|0.00|0%|0.00|0%|0.00|0%|0%|0.0
f5431394fb284bb9|James Te Huna|16|9|0|"6' 2"""|185 lbs.|"75"""|Orthodox|Sep 29, 1981|4.04|51%|2.99|62%|2.75|37%|58%|0.2
7debc13b36343605|Cristian Quinonez|18|5|0|"5' 8"""|135 lbs.|"70"""|Orthodox|Apr 26, 1996|4.19|40%|4.55|55%|1.37|37%|84%|0.0
36549928f90f1d36|Jose Quinonez|9|5|0|"5' 8"""|135 lbs.|"69"""|Southpaw|Jul 28, 1990|3.60|45%|3.00|64%|2.70|47%|42%|0.6
cc23ed51619421a3|Ryan Quinn|13|7|1|"5' 8"""|145 lbs.|No Stat|No Stat|No Stat|2.31|41%|1.67|48%|0.00|0%|0%|1.9
267f4a6568abe245|Landon Quinones|7|3|1|"5' 9"""|155 lbs.|"70"""|Southpaw|Nov 21, 1995|6.77|40%|7.70|55%|0.50|33%|100%|0.0
5e84a859c6a82288|Michel Quinones|8|3|0|"5' 10"""|155 lbs.|"73"""|Orthodox|Dec 22, 1984|2.91|29%|5.98|48%|0.00|0%|36%|0.0
9cc84087ee768342|Greg Wilson|2|3|0|No Stat|155 lbs.|No Stat|No Stat|Oct 02, 1988|0.00|0%|0.00|0%|0.00|0%|0%|0.0
95883dbdab4fcf0f|Karl Willis|0|5|0|No Stat|No Stat|No Stat|No Stat|No Stat|0.00|0%|0.00|0%|0.00|0%|0%|0.0
ce1e867808ef5fce|Justin Willis|8|2|0|"6' 1"""|264 lbs.|"78"""|Southpaw|Jul 19, 1987|3.37|59%|2.57|57%|0.96|66%|36%|0.0
f9a20a17d712ef7c|Cole Williams|11|3|0|"6' 0"""|170 lbs.|"73"""|Orthodox|Dec 15, 1983|0.31|27%|5.34|23%|0.00|0%|25%|0.0
a56607a451e4c70d|Chris Wilson|18|10|0|"6' 1"""|170 lbs.|"75"""|Orthodox|Jun 07, 1977|2.32|50%|1.36|55%|1.31|50%|60%|1.6
d35f734c56a89103|Karl Williams|10|2|0|"6' 3"""|235 lbs.|"79"""|Orthodox|Jan 06, 1990|2.68|48%|2.15|55%|4.20|48%|100%|0.2
990bd63726a577f8|Tim Williams|15|5|0|"6' 2"""|185 lbs.|"76"""|Orthodox|Jul 03, 1986|3.07|38%|3.55|48%|1.81|40%|100%|0.0
b8e2f10efb6eca85|Carter Williams|4|5|0|"6' 1"""|265 lbs.|No Stat|Orthodox|No Stat|1.55|36%|2.32|58%|2.90|33%|100%|0.0
2558ae2e5671e318|Khaos Williams|15|5|0|"6' 0"""|170 lbs.|"77"""|Orthodox|Mar 30, 1994|4.94|39%|5.39|40%|0.00|0%|51%|0.0
e26bd53b751d61d9|Jordan Williams|9|6|0|"6' 1"""|185 lbs.|"75"""|Southpaw|Oct 13, 1990|5.83|50%|5.46|35%|1.11|50%|85%|0.0
39330403ad27c2bb|Patrick Williams|8|6|0|"5' 8"""|135 lbs.|"73"""|Orthodox|Sep 07, 1981|4.12|51%|4.12|52%|2.71|41%|100%|0.5
6f812143641ceff8|Rubin Williams|0|1|0|"6' 1"""|185 lbs.|No Stat|Orthodox|Apr 09, 1976|0.00|0%|1.39|60%|0.00|0%|0%|0.0
6291ac0a3726732f|Pete Williams|12|6|0|"6' 3"""|235 lbs.|No Stat|Orthodox|Jul 10, 1975|0.61|62%|2.77|40%|1.84|40%|16%|0.9
b63e800c18e011b5|Tedd Williams|7|1|0|"6' 1"""|275 lbs.|No Stat|Orthodox|Dec 19, 1969|0.00|0%|0.00|0%|0.00|0%|0%|0.0
cfaf010d5b389c09|Mike Wilkinson|9|4|0|"5' 7"""|145 lbs.|"66"""|Orthodox|Sep 15, 1987|2.35|38%|3.70|35%|0.92|14%|55%|0.9
852454c572675334|James Wilks|7|4|0|"6' 1"""|170 lbs.|"75"""|Orthodox|May 04, 1978|1.82|45%|2.03|50%|1.27|22%|66%|3.8
826475cc758e60e6|Rob Wilkinson|11|2|0|"6' 3"""|185 lbs.|"80"""|Orthodox|Feb 22, 1992|2.74|50%|5.66|39%|4.47|25%|0%|0.0
338a11d3674eb2d4|Aaron Wilkinson|11|7|0|"5' 10"""|155 lbs.|No Stat|Orthodox|Jan 31, 1987|0.00|0%|0.00|100%|7.32|100%|0%|0.0
781014fb7e8e647a|Joe Wilk|19|11|0|"5' 9"""|145 lbs.|No Stat|No Stat|Apr 12, 1982|1.00|54%|2.00|72%|0.00|0%|0%|0.0
4a482a0100cfcd0a|Justin Wilcox|14|7|0|"5' 6"""|155 lbs.|No Stat|Orthodox|Mar 12, 1979|3.82|28%|2.63|71%|1.43|16%|100%|0.0
6902fcf0610dd303|Jakub Wiklacz|16|3|2|No Stat|135 lbs.|No Stat|No Stat|Sep 10, 1996|0.00|0%|0.00|0%|0.00|0%|0%|0.0
a6c2f5381d575920|Orlando Wiet|1|5|0|"5' 10"""|170 lbs.|No Stat|Southpaw|No Stat|0.00|0%|0.00|0%|0.00|0%|0%|0.0
efa1f6b42c86793c|Adam Wieczorek|10|2|0|"6' 5"""|250 lbs.|"81"""|Orthodox|Feb 05, 1992|1.68|38%|1.87|48%|0.41|33%|58%|0.4
60884f31ead1609c|Jonathan Wiezorek|11|2|0|"6' 3"""|250 lbs.|No Stat|Southpaw|Feb 10, 1978|1.27|58%|5.47|31%|1.91|20%|0%|0.0
13935768cf8aeb86|Josh Wick|12|6|0|"5' 9"""|155 lbs.|"69"""|Switch|Oct 04, 1994|0.65|60%|6.52|41%|0.00|0%|80%|0.0
b3d21b2610dcfaeb|Emily Whitmire|4|5|0|"5' 5"""|125 lbs.|"63"""|Orthodox|May 24, 1991|2.50|31%|2.98|54%|1.90|66%|70%|0.5
b6debbda44d4a5a0|Mitch Whitesel|17|27|0|"5' 9"""|185 lbs.|No Stat|No Stat|Jul 12, 1981|0.00|0%|0.00|0%|0.00|0%|0%|0.0
129537073431e52e|Garett Whiteley|7|3|0|"6' 0"""|155 lbs.|"72"""|Orthodox|Dec 13, 1980|3.72|48%|4.04|46%|0.00|0%|27%|0.9
22d1e00e1aabb7c9|Mike Whitehead|27|8|0|"6' 1"""|205 lbs.|No Stat|Orthodox|Jun 29, 1981|1.62|33%|2.36|59%|3.59|43%|77%|0.3
e1147d3d2dabe1ce|Robert Whittaker|27|9|0|"6' 0"""|185 lbs.|"73"""|Orthodox|Dec 20, 1990|4.39|43%|3.36|59%|0.73|38%|82%|0.0
9b74de674c355425|Paul Taylor|11|6|1|"6' 0"""|155 lbs.|"72"""|Orthodox|Dec 15, 1979|4.44|47%|4.47|55%|0.27|25%|56%|0.5
0c6d9ea8306c029e|Brad Tavares|21|11|0|"6' 1"""|185 lbs.|"74"""|Orthodox|Dec 21, 1987|3.42|43%|3.28|55%|0.71|26%|81%|0.0
681d07e328798ec0|Jeremy Tavares|1|6|0|No Stat|135 lbs.|No Stat|No Stat|No Stat|0.00|0%|0.00|0%|0.00|0%|0%|0.0
c5ccd878231c5407|Ramon Taveras|10|3|0|"5' 8"""|135 lbs.|"70"""|Southpaw|Jan 09, 1994|4.62|44%|7.41|57%|0.00|0%|100%|0.0
8a59d346dc976a10|Thiago Tavares|21|7|1|"5' 7"""|145 lbs.|"70"""|Orthodox|Nov 08, 1984|2.00|40%|2.31|62%|3.83|42%|62%|1.5
ef927e4fe2117ab8|Deividas Taurosevicius|17|5|0|"5' 9"""|145 lbs.|"68"""|Southpaw|Aug 28, 1977|2.13|43%|1.82|59%|2.00|28%|50%|0.3
7abf7f8778472b7b|Aaron Tau|10|1|0|"5' 4"""|125 lbs.|"66"""|Switch|Aug 21, 1993|4.47|52%|3.99|58%|0.80|33%|54%|0.0
37ac9e0f4fc86171|Gary Tapusoa|8|3|0|"5' 7"""|185 lbs.|No Stat|No Stat|No Stat|0.00|0%|0.00|0%|0.00|0%|0%|0.0
b96619b3acd7d9da|Miesha Tate|20|10|0|"5' 6"""|135 lbs.|"65"""|Orthodox|Aug 18, 1986|2.62|44%|3.05|51%|1.97|30%|56%|1.2
8f2d9ee27f206f1f|Evan Tanner|32|8|0|"6' 0"""|185 lbs.|"74"""|Orthodox|Feb 11, 1971|3.05|59%|2.64|56%|2.55|43%|25%|1.3
078b732efa497f49|Kasey Tanner|6|1|0|"5' 7"""|135 lbs.|"69"""|Orthodox|Jan 11, 1992|6.60|50%|6.67|63%|2.00|33%|0%|0.0
b9124c308671e303|Otari Tanzilovi|9|1|0|"5' 10"""|135 lbs.|"70"""|Orthodox|Apr 09, 1998|4.53|72%|3.33|55%|4.00|25%|0%|0.0
0eec866a077889f0|Manny Tapia|12|14|1|"5' 5"""|135 lbs.|"67"""|Orthodox|Mar 14, 1981|2.69|21%|4.74|58%|0.49|40%|66%|0.2
64788ee44b062ded|Michinori Tanaka|11|3|0|"5' 5"""|135 lbs.|"67"""|Orthodox|Oct 04, 1990|1.97|37%|1.99|50%|2.40|38%|43%|0.2
1bf49bf829964144|Akihito Tanaka|2|2|0|No Stat|No Stat|No Stat|Southpaw|No Stat|0.19|50%|2.05|38%|5.59|66%|0%|0.0
57bf89d42364d39e|Issei Tamura|10|8|0|"5' 5"""|135 lbs.|"63"""|Orthodox|Mar 12, 1984|1.89|53%|4.58|44%|0.92|25%|33%|0.0
ad3041e61896b975|Jason Tan|5|3|0|"5' 10"""|170 lbs.|No Stat|Orthodox|Dec 17, 1981|0.69|29%|7.37|18%|0.00|0%|0%|0.0
c95fbc085e17a532|Akitoshi Tamura|21|18|2|"5' 9"""|135 lbs.|"70"""|Orthodox|May 31, 1980|3.73|43%|1.94|78%|0.00|0%|20%|1.0
876f478f796495f7|Josh Quinlan|6|3|0|"6' 0"""|170 lbs.|"72"""|Orthodox|Feb 06, 1993|3.57|42%|6.38|53%|0.34|11%|71%|0.0
30e8b4505f5ccf92|Kiyoshi Tamura|32|13|3|"5' 11"""|185 lbs.|No Stat|Southpaw|Dec 17, 1969|2.44|53%|1.44|60%|0.58|60%|45%|0.2
ddbe4fa2ea573393|Jimmy Quinlan|3|1|1|"6' 0"""|185 lbs.|No Stat|Orthodox|May 25, 1986|2.08|70%|5.94|16%|4.46|25%|0%|0.0
2a8502954f49e682|Vinicius Queiroz|8|4|0|"6' 7"""|220 lbs.|No Stat|Orthodox|Aug 29, 1983|3.67|51%|4.10|41%|5.07|70%|100%|0.7
52cae54377b433b7|Nate Quarry|12|4|0|"6' 0"""|185 lbs.|"72"""|Open Stance|Mar 18, 1972|4.96|44%|2.80|66%|0.25|33%|60%|0.0
aa171d55d4b5208f|Billy Quarantillo|18|7|0|"5' 10"""|145 lbs.|"70"""|Orthodox|Dec 08, 1988|7.44|54%|5.83|42%|1.47|24%|61%|1.0
d365ee924f5cc3fc|Bao Quach|19|10|1|"5' 3"""|145 lbs.|No Stat|Orthodox|Sep 04, 1979|0.00|0%|0.00|0%|0.00|0%|0%|0.0
f7b4cbe93f3bac06|Gary Quan|3|5|0|"5' 8"""|143 lbs.|No Stat|No Stat|Apr 11, 1971|0.00|0%|0.00|0%|0.00|0%|0%|0.0
126bdc1710a8cbf4|Qiu Lun|16|9|0|"5' 8"""|125 lbs.|"66"""|Southpaw|Jul 08, 1997|3.51|46%|1.78|67%|0.67|18%|68%|0.0
1dafccb62a0f98ec|Robert Whiteford|14|4|0|"5' 9"""|145 lbs.|"69"""|Southpaw|Apr 12, 1983|2.33|46%|1.99|62%|1.90|30%|45%|0.0
3dd949593346dbc3|Craig White|14|9|0|"6' 2"""|170 lbs.|"76"""|Orthodox|Jul 01, 1990|1.23|40%|3.28|39%|0.00|0%|50%|0.8
4debc6c4c6249690|Patrik White|9|2|0|"6' 0"""|155 lbs.|"72"""|Orthodox|Jun 11, 1993|9.77|49%|6.28|60%|0.00|0%|50%|0.0
c17041f1bb5768d8|Alex White|13|6|0|"6' 0"""|155 lbs.|"71"""|Southpaw|Oct 22, 1988|3.76|42%|3.07|60%|0.92|28%|71%|0.5
e57f0b06ea39e360|Coty Wheeler|14|5|0|"5' 6"""|135 lbs.|"67"""|Orthodox|Oct 11, 1978|1.88|22%|3.16|59%|0.87|37%|33%|2.6
12458872d6afae1b|Vernon White|26|33|2|"6' 0"""|205 lbs.|No Stat|Southpaw|Dec 03, 1971|2.11|38%|2.20|54%|0.88|28%|44%|0.0
d181689653115b6a|Steve White|1|4|0|"5' 11"""|175 lbs.|No Stat|No Stat|No Stat|0.00|0%|0.00|0%|0.00|0%|0%|0.0
1ce7998e0a215caa|Aaron Wetherspoon|9|5|0|No Stat|170 lbs.|No Stat|No Stat|No Stat|2.27|32%|4.33|45%|0.00|0%|77%|0.0
5f5763b3a4de8dd4|Dustin West|6|6|0|"5' 11"""|170 lbs.|No Stat|No Stat|No Stat|0.00|0%|0.00|0%|0.00|0%|0%|0.0
ec2d13a87d3d9541|Sheldon Westcott|10|3|1|"6' 1"""|170 lbs.|"71"""|Southpaw|Aug 20, 1984|2.26|40%|3.73|37%|3.23|37%|14%|0.0
b51841e7c594090d|Mike Wessel|15|8|0|"6' 0"""|260 lbs.|No Stat|Orthodox|Dec 02, 1977|1.82|56%|6.43|22%|6.29|50%|0%|0.0
d66a46de8d705353|Jeremiah Wells|12|4|1|"5' 9"""|170 lbs.|"74"""|Switch|Oct 30, 1986|2.41|43%|1.31|48%|3.08|44%|80%|0.8
2e45d08b3f2f02c8|Malcolm Wellmaker|10|0|0|"5' 10"""|135 lbs.|"71"""|Switch|Jun 04, 1994|7.20|62%|4.80|60%|0.00|0%|100%|0.0
9ccdd2ce45903f34|Mark Weir|21|18|1|"6' 2"""|185 lbs.|No Stat|Southpaw|Sep 19, 1967|1.54|56%|2.50|38%|0.80|50%|25%|2.4
492b202d2064e7a9|Fabricio Werdum|24|9|1|"6' 4"""|231 lbs.|"77"""|Orthodox|Jul 30, 1977|3.59|52%|2.64|55%|1.75|31%|31%|1.2
f1b2a4365799c48b|Christian Wellisch|8|5|0|"6' 2"""|234 lbs.|"77"""|Orthodox|Sep 13, 1975|3.12|27%|3.04|56%|1.22|42%|45%|1.2
7b9dade6bedaabbe|Daniel Weichel|39|9|0|"5' 10"""|145 lbs.|"70"""|No Stat|Nov 22, 1984|5.71|42%|4.05|61%|0.84|50%|83%|0.0
3a8176e15b9887c1|Chris Weidman|16|8|0|"6' 2"""|185 lbs.|"78"""|Orthodox|Jun 17, 1984|3.11|45%|3.37|51%|3.27|42%|72%|0.8
69888118d968ba52|Joshua Weems|11|3|0|"5' 8"""|135 lbs.|"69"""|Orthodox|May 05, 1994|5.25|64%|3.34|61%|4.77|40%|100%|0.0
326a001926ffb7ec|Darian Weeks|5|3|0|"5' 11"""|170 lbs.|"72"""|Orthodox|Nov 23, 1993|4.49|51%|4.56|51%|2.00|30%|100%|0.0
b9c03e7a4557e542|Royston Wee|4|1|0|"5' 7"""|135 lbs.|"67"""|Orthodox|Nov 15, 1986|1.10|60%|2.45|49%|3.38|81%|0%|0.0
d44a84409bf0da64|Stephanie Webber|2|2|0|"5' 6"""|135 lbs.|No Stat|No Stat|No Stat|0.91|80%|3.85|15%|6.79|40%|0%|0.0
bfd4d50591033a1f|Eli Tamez|10|0|0|"5' 7"""|135 lbs.|No Stat|No Stat|Aug 22, 1985|0.00|0%|0.00|0%|0.00|0%|0%|0.0
eaa0a728cc91ef60|Tsuyoshi Tamakairiki|0|3|0|"6' 0"""|220 lbs.|No Stat|Orthodox|No Stat|0.00|0%|26.67|50%|0.00|0%|0%|0.0
6aab5c20395ee722|Murtaza Talha|6|1|0|"6' 0"""|185 lbs.|"74"""|Orthodox|Jul 10, 1996|4.91|58%|8.29|30%|0.00|0%|100%|0.0
6e743a33d56bdaa4|Payton Talbott|10|1|0|"5' 10"""|135 lbs.|"70"""|Switch|Sep 09, 1998|6.05|54%|3.26|46%|0.24|25%|76%|0.2
49858bf46dabf6fb|Nordine Taleb|15|7|0|"6' 1"""|170 lbs.|"74"""|Orthodox|Jun 10, 1981|3.66|51%|2.62|66%|1.94|76%|73%|0.0
d856a0080ac09ed7|Yoshihiro Takayama|1|4|0|"6' 5"""|280 lbs.|No Stat|Orthodox|Sep 19, 1968|3.40|54%|5.69|29%|0.67|33%|55%|0.0
a7724f51e32e763e|Makoto Takimoto|6|5|0|"5' 7"""|205 lbs.|No Stat|Southpaw|Dec 08, 1979|1.37|39%|1.71|55%|1.48|50%|25%|1.1
1dc56b59cb28425d|Oleg Taktarov|17|5|2|"6' 0"""|210 lbs.|No Stat|Orthodox|Aug 26, 1967|0.00|0%|0.00|0%|0.00|0%|0%|0.0
4f74c8be51db8a37|Daiju Takase|12|15|2|"6' 0"""|170 lbs.|No Stat|Southpaw|Apr 20, 1978|0.49|30%|1.64|47%|0.84|17%|21%|1.2
0d16bdb7d32e88e9|Hiroyuki Takaya|21|14|2|"5' 6"""|139 lbs.|No Stat|Orthodox|Jun 10, 1977|3.18|33%|3.16|60%|0.90|45%|66%|0.0
01f86e2d604e2f3c|Yoko Takahashi|15|12|2|"5' 8"""|150 lbs.|No Stat|No Stat|Apr 20, 1973|5.11|54%|8.78|48%|0.00|0%|0%|0.0
8f5c8850b2484173|Mairbek Taisumov|27|6|0|"5' 9"""|155 lbs.|"73"""|Orthodox|Aug 08, 1988|2.98|39%|3.03|64%|1.34|63%|88%|0.0
a25b71fe5e31fa97|Nobuhiko Takada|2|6|2|"6' 0"""|220 lbs.|No Stat|Southpaw|Apr 12, 1962|0.31|24%|1.92|39%|1.15|20%|0%|0.0
6420efac0578988b|Yoshiki Takahashi|30|27|3|"5' 11"""|199 lbs.|No Stat|Southpaw|Mar 13, 1969|2.26|51%|6.47|44%|0.00|0%|66%|2.3
9bf126927843e184|Joe Taimanglo|23|7|1|"5' 4"""|135 lbs.|No Stat|No Stat|Jun 27, 1984|4.18|42%|4.55|59%|5.45|40%|100%|1.4
4461d7e47375a895|Tatsuro Taira|17|1|0|"5' 7"""|125 lbs.|"70"""|Orthodox|Jan 27, 2000|2.99|60%|2.69|46%|2.73|44%|45%|1.6
e13abac8089a801a|Justin Tafa|7|5|0|"6' 0"""|264 lbs.|"74"""|Southpaw|Dec 13, 1993|4.05|54%|5.11|47%|0.00|0%|53%|0.0
b4537562f88ac582|Khalid Taha|13|5|0|"5' 5"""|135 lbs.|"69"""|Orthodox|Feb 15, 1992|2.64|32%|4.12|46%|0.00|0%|61%|0.2
c15fa95b9a12fde4|Junior Tafa|6|4|0|"6' 3"""|205 lbs.|"75"""|Orthodox|Sep 21, 1996|3.19|51%|2.49|51%|0.00|0%|69%|0.0
6751b11102b6adfe|Albert Tadevosyan|13|3|1|No Stat|170 lbs.|No Stat|No Stat|Apr 12, 1992|0.00|0%|0.00|0%|0.00|0%|0%|0.0
bb01bc3c57f39b04|Amber Tackett|1|3|0|No Stat|115 lbs.|No Stat|No Stat|No Stat|0.00|0%|0.00|0%|0.00|0%|0%|0.0
f70144caea5c4c80|Eugenio Tadeu|2|3|0|"5' 8"""|160 lbs.|No Stat|Orthodox|No Stat|0.00|0%|0.00|0%|0.00|0%|0%|0.0
f40ec51dd4de47c3|Jonavin Webb|9|2|0|"5' 10"""|170 lbs.|No Stat|Orthodox|Apr 28, 1989|1.47|30%|2.27|64%|2.50|31%|40%|1.0
a99d4aa689bdca18|Enrique Watson|3|1|0|No Stat|185 lbs.|No Stat|No Stat|No Stat|0.00|0%|0.00|0%|0.00|0%|0%|0.0
7c9f96f9a6a5cd50|Brok Weaver|15|6|0|"6' 0"""|155 lbs.|"73"""|Southpaw|Dec 05, 1991|4.78|64%|4.35|46%|0.41|10%|66%|0.4
6809c31286b08d97|Tom Watson|17|9|0|"6' 1"""|185 lbs.|"73"""|Orthodox|Jul 13, 1982|4.01|44%|4.41|50%|0.15|7%|43%|0.0
92aafa8f4b26269b|Walel Watson|14|10|0|"5' 11"""|135 lbs.|"75"""|Orthodox|Jul 16, 1984|2.10|29%|3.79|43%|0.00|0%|61%|1.4
a31dfd9e8b2dc6ca|Maka Watson|4|2|0|No Stat|155 lbs.|No Stat|No Stat|Sep 22, 1984|0.93|37%|1.60|22%|2.00|100%|33%|0.0
d7b2c0b53883ee80|Kyle Watson|13|8|1|"6' 0"""|155 lbs.|No Stat|Southpaw|Aug 09, 1979|3.67|35%|3.25|62%|0.00|0%|100%|0.0
117580b232409824|Blake Watkins|5|1|0|No Stat|185 lbs.|No Stat|No Stat|No Stat|5.45|62%|7.64|61%|0.00|0%|0%|0.0
1836639ecf9b6e7f|Sam Watford|2|2|0|No Stat|155 lbs.|No Stat|No Stat|No Stat|0.13|18%|0.73|62%|2.00|40%|60%|1.0
31dbfbe4e7a6727c|Trey Waters|9|1|0|"6' 5"""|170 lbs.|"77"""|Orthodox|Feb 21, 1995|6.43|44%|5.61|56%|0.44|33%|85%|0.9
eb04b9d31e938edb|Michelle Waterson-Gomez|18|13|0|"5' 3"""|115 lbs.|"62"""|Orthodox|Jan 06, 1986|3.42|46%|4.25|48%|1.39|33%|69%|0.6
103e2e67919379c5|Andy Waters|1|2|0|"6' 0"""|170 lbs.|No Stat|No Stat|No Stat|0.00|0%|0.00|0%|0.00|0%|0%|0.0
951ffadfc4e917ea|Kazuhisa Watanabe|0|1|0|"5' 6"""|139 lbs.|No Stat|No Stat|May 18, 1983|0.62|50%|0.94|0%|0.00|0%|14%|0.0
2de91c2244ad7e89|Dominic Waters|9|5|0|"6' 1"""|170 lbs.|"79"""|Orthodox|Apr 11, 1989|0.48|23%|2.53|39%|4.07|52%|28%|0.0
efaf544314bb5c2e|Ron Waterman|16|6|2|"6' 2"""|280 lbs.|No Stat|Orthodox|Nov 23, 1965|0.84|50%|1.37|42%|4.19|69%|50%|2.8
2abe38b81d68a24a|Kengo Watanabe|8|13|3|"6' 4"""|220 lbs.|No Stat|Orthodox|Jan 31, 1976|0.60|40%|3.40|35%|1.00|100%|37%|0.0
8a19676a3388845a|Idris Wasi|2|14|0|"6' 0"""|186 lbs.|No Stat|No Stat|Dec 11, 1989|0.40|31%|3.53|46%|0.00|0%|20%|0.0
1e47dba648ea438c|Merritt Warren|3|3|0|"5' 10"""|155 lbs.|No Stat|Southpaw|No Stat|0.00|0%|0.00|0%|0.00|0%|0%|0.0
c4c4c7dd26c15d91|Brian Warren|18|17|1|"6' 0"""|185 lbs.|No Stat|Orthodox|No Stat|1.16|21%|4.63|57%|0.00|0%|0%|0.0
c0c1bc0766df4c00|Joe Warren|15|6|0|"5' 6"""|135 lbs.|No Stat|Orthodox|Oct 31, 1976|2.15|46%|2.39|52%|6.14|46%|60%|0.0
ba5e253af86db1a8|Terrion Ware|17|9|0|"5' 8"""|135 lbs.|"71"""|Orthodox|Mar 31, 1986|4.02|32%|6.07|50%|0.50|22%|44%|0.0
e81dd0bb8a64b550|Charlie Ward|3|3|0|"5' 11"""|170 lbs.|No Stat|Orthodox|Dec 17, 1980|1.64|19%|7.21|53%|0.00|0%|0%|0.0
67cd6495280b0a57|Brennan Ward|14|5|0|"5' 10"""|170 lbs.|"71"""|No Stat|Jun 28, 1988|7.20|60%|2.76|52%|0.00|0%|100%|3.6
2997e7fe3c9d3d4a|Wang Cong|8|1|0|"5' 6"""|125 lbs.|"66"""|Southpaw|May 15, 1992|7.48|57%|2.68|63%|1.05|75%|100%|0.7
2721bb808bb2523c|Curt Warburton|13|6|0|"6' 0"""|155 lbs.|"73"""|Orthodox|No Stat|2.13|42%|3.44|43%|2.35|50%|83%|0.9
e7bc606d269896aa|Osamu Tachihikari|0|4|0|"6' 5"""|300 lbs.|No Stat|Orthodox|No Stat|0.00|0%|0.00|0%|0.00|0%|0%|0.0
d538f13ab21d9633|Joshua Wang-Kim|5|2|0|"5' 9"""|135 lbs.|"71"""|Switch|Nov 16, 1992|2.95|40%|4.43|60%|1.17|100%|66%|0.0
efb9a43415a56d34|Sai Wang|20|6|1|"6' 0"""|170 lbs.|No Stat|Southpaw|Jan 14, 1986|3.17|46%|2.27|53%|0.00|0%|77%|0.0
69e8c632135af48b|Anying Wang|2|1|0|"6' 0"""|170 lbs.|No Stat|Orthodox|Apr 04, 1991|1.32|26%|1.63|44%|0.00|0%|33%|0.0
a1d6b308781aa2f5|Dimitiri Wanderley|5|2|0|No Stat|205 lbs.|No Stat|Orthodox|No Stat|0.92|25%|4.31|30%|1.16|20%|0%|0.0
d57e6a8971b6d2bd|Erick Wanderlei|3|3|0|"6' 1"""|205 lbs.|No Stat|Orthodox|No Stat|0.63|41%|2.66|40%|3.80|66%|0%|1.9
476414d2f18cd059|Andy Wang|7|8|1|"5' 6"""|155 lbs.|No Stat|Orthodox|May 28, 1977|3.43|36%|10.29|62%|0.00|0%|0%|0.0
b4c96c3d9139bf0e|Patrick Walsh|10|3|0|"5' 11"""|185 lbs.|No Stat|No Stat|Nov 28, 1988|2.03|19%|2.83|64%|3.00|54%|100%|1.5
303a05a7aa3ff761|Richard Walsh|9|5|0|"6' 0"""|170 lbs.|"73"""|Orthodox|Dec 01, 1988|3.84|46%|2.72|58%|1.55|40%|66%|0.2
83c6c3e0f8bde8ee|Cory Walmsley|8|2|0|"6' 0"""|205 lbs.|No Stat|Orthodox|No Stat|0.79|100%|1.18|50%|0.00|0%|0%|0.0
0c670b443c3d269f|Jim Wallhead|29|11|0|"5' 10"""|170 lbs.|No Stat|Orthodox|Mar 14, 1984|3.19|26%|6.65|49%|0.00|0%|100%|0.0
4078de7181a19142|James Wallace|5|2|0|"5' 10"""|155 lbs.|"69"""|Orthodox|Nov 17, 1992|0.52|28%|3.41|35%|0.00|0%|0%|0.0
95cf6be9071e68b0|Randall Wallace|15|6|0|"5' 11"""|185 lbs.|"73"""|Orthodox|Mar 01, 1989|1.13|38%|4.11|45%|2.13|50%|0%|0.0
b87c3f460709f74c|Jeremy Wallace|4|6|0|"5' 9"""|No Stat|No Stat|No Stat|No Stat|0.00|0%|0.00|0%|0.00|0%|0%|0.0
b9415726dc3ec526|Rodney Wallace|26|15|1|"5' 9"""|205 lbs.|"72"""|Switch|Nov 21, 1981|1.13|46%|3.44|45%|6.00|54%|28%|1.0
6add18754930182b|Julius Walker|6|1|0|"6' 4"""|205 lbs.|"78"""|Orthodox|Jul 16, 1999|5.73|50%|5.80|40%|1.00|11%|100%|0.0
1ad381c8994c4e5b|Ben Wall|8|7|1|"5' 10"""|155 lbs.|No Stat|Orthodox|Mar 25, 1989|1.47|29%|8.53|29%|0.00|0%|100%|0.0
f5779a2303ed76ec|Valter Walker|14|1|0|"6' 6"""|265 lbs.|"78"""|Orthodox|Dec 14, 1997|1.90|49%|2.89|42%|5.43|66%|0%|2.0
bf41b5131545da12|Crafton Wallace|18|6|1|"6' 0"""|185 lbs.|No Stat|Orthodox|Nov 10, 1975|1.55|44%|2.36|47%|0.00|0%|42%|0.0
4333a8e70a672eb7|Brogan Walker|8|4|0|"5' 4"""|125 lbs.|"67"""|Switch|Aug 02, 1988|2.04|30%|3.70|47%|0.00|0%|11%|0.0
e6147d5ab3685899|Donny Walker|15|10|0|"5' 9"""|135 lbs.|No Stat|No Stat|Jan 04, 1980|1.81|37%|3.85|46%|0.00|0%|57%|1.7
bd92e38aef641673|Herschel Walker|2|0|0|"6' 1"""|215 lbs.|No Stat|Orthodox|Mar 03, 1962|3.42|67%|0.45|46%|1.94|100%|100%|0.0
18944a1a6ac1becf|Andre Walker|1|5|0|"5' 11"""|205 lbs.|No Stat|Southpaw|No Stat|2.28|31%|4.36|34%|0.00|0%|0%|0.0
c21f26bbde777573|Johnny Walker|21|9|0|"6' 6"""|205 lbs.|"82"""|Orthodox|Mar 30, 1992|3.87|53%|3.12|44%|0.45|100%|57%|0.9
6b7bc7eaf2465387|Neil Wain|13|4|0|"5' 10"""|242 lbs.|No Stat|Orthodox|No Stat|2.64|50%|8.57|43%|0.00|0%|50%|0.0
aeb6c57b9bd8bc3a|Chase Waldon|11|2|0|"6' 1"""|185 lbs.|"75"""|Orthodox|Sep 19, 1986|1.03|28%|6.72|38%|7.76|33%|0%|0.0
6d38e41efa47a72d|Jordan Vucenic|13|4|0|"5' 10"""|155 lbs.|"73"""|Orthodox|Mar 02, 1996|2.11|45%|1.90|58%|0.63|14%|44%|0.0
8f2939f5fd9cca1e|TJ Waldburger|16|9|0|"5' 11"""|170 lbs.|"75"""|Orthodox|Apr 25, 1988|2.02|51%|2.39|40%|3.03|46%|40%|4.8
6291decf7f3b6608|James Wade|4|11|0|"5' 10"""|205 lbs.|No Stat|No Stat|No Stat|0.00|0%|0.00|0%|0.00|0%|0%|0.0
c8097968da5e5f13|Chris Wade|12|3|0|"5' 10"""|155 lbs.|"70"""|Orthodox|Sep 30, 1987|1.70|53%|1.75|51%|2.60|51%|55%|1.1
ef0344ed552d8a22|Mark Vorgeas|5|3|1|"5' 10"""|135 lbs.|No Stat|No Stat|No Stat|3.87|32%|4.19|51%|0.00|0%|50%|0.8
277ffed20cf07aea|Milco Voorn|20|11|1|No Stat|220 lbs.|No Stat|Orthodox|No Stat|0.00|0%|0.00|100%|0.00|0%|0%|0.0
c4b9296214f4c09c|Jason Von Flue|14|12|1|"6' 0"""|170 lbs.|No Stat|Orthodox|Aug 01, 1975|1.89|36%|3.23|52%|0.62|16%|58%|1.5
7929be8290289a47|Igor Vovchanchyn|55|10|0|"5' 8"""|205 lbs.|No Stat|Orthodox|Aug 06, 1973|1.59|49%|0.97|63%|1.19|66%|50%|0.5
6f81b6de2557739a|Jacob Volkmann|19|7|0|"5' 9"""|155 lbs.|"71"""|Southpaw|Sep 05, 1980|1.19|34%|1.78|52%|3.19|48%|52%|2.0
e1248941344b3288|Alexander Volkanovski|27|4|0|"5' 6"""|145 lbs.|"71"""|Orthodox|Sep 29, 1988|6.18|56%|3.36|58%|1.67|34%|70%|0.2
d73a7c36746fbc5b|Danylo Voievodkin|7|0|0|"6' 4"""|265 lbs.|"78"""|Southpaw|Jul 19, 2000|9.86|46%|0.00|100%|0.00|0%|0%|12.3
279566840aa55bf2|Alexander Volkov|38|11|0|"6' 7"""|250 lbs.|"80"""|Orthodox|Oct 24, 1988|4.97|57%|2.99|54%|0.61|66%|72%|0.2
90b57b19d20e1969|Mateo Vogel|8|3|0|"5' 8"""|145 lbs.|"71"""|Orthodox|Mar 05, 1996|4.47|46%|2.87|65%|1.00|16%|0%|0.0
445a98acb8985970|Falaniko Vitale|30|11|0|"5' 10"""|185 lbs.|No Stat|Orthodox|Jul 14, 1974|1.88|49%|3.68|47%|0.72|33%|86%|0.0
fb8a3025ae722e64|Bobby Voelker|19|13|0|"6' 0"""|170 lbs.|"74"""|Orthodox|Apr 26, 1979|4.01|35%|5.84|42%|1.04|50%|66%|0.0
4959f10a62f3fec3|Cheyanne Vlismas|7|3|0|"5' 3"""|115 lbs.|"63"""|Switch|Jun 25, 1995|4.93|50%|2.57|64%|0.25|33%|66%|0.2
e363b21261814830|Marcos Vinicius|23|11|1|"5' 9"""|125 lbs.|No Stat|Orthodox|Dec 05, 1979|1.93|49%|2.91|47%|0.00|0%|25%|0.5
7c4ec656d8fcb867|Brandon Visher|13|3|0|"5' 6"""|135 lbs.|"68"""|Orthodox|May 06, 1984|2.55|45%|3.76|42%|0.67|20%|0%|0.0
0fb1e2694a39a02f|Yuri Villefort|10|5|0|"6' 0"""|170 lbs.|"73"""|Orthodox|Mar 23, 1991|3.18|43%|5.42|55%|2.00|35%|40%|0.3
fd87b1bbfcde9d5e|Danillo Villefort|15|5|0|"6' 1"""|185 lbs.|No Stat|Orthodox|May 08, 1983|2.86|37%|2.40|68%|1.71|66%|33%|1.7
15515e797aedc137|Joey Villasenor|29|10|0|"6' 0"""|185 lbs.|No Stat|Orthodox|Oct 17, 1975|2.05|38%|3.26|52%|0.71|40%|53%|1.1
34f93dfbd43b2144|Pablo Villaseca|12|3|0|"5' 7"""|155 lbs.|No Stat|No Stat|Jan 26, 1987|2.79|42%|3.25|65%|2.50|50%|33%|0.0
39f68882def7a507|Ruben Villareal|22|28|3|"6' 4"""|265 lbs.|No Stat|Orthodox|May 01, 1970|5.18|53%|4.86|35%|0.00|0%|0%|0.0
f9d0cae37dabfafc|Ike Villanueva|18|14|0|"6' 1"""|205 lbs.|"73"""|Orthodox|Apr 04, 1984|3.66|38%|7.24|36%|0.60|50%|100%|0.0
0275e33febc2818c|DeMarco Villalona|1|3|0|"5' 9"""|185 lbs.|No Stat|No Stat|No Stat|0.00|0%|0.00|0%|0.00|0%|0%|0.0
454c1f0b638972ab|Armando Villarreal|5|2|0|"5' 7"""|135 lbs.|"66"""|Southpaw|Aug 08, 1989|3.23|55%|4.30|52%|3.23|25%|0%|0.0
fcd448a2fe1a23cc|Gian Villante|17|14|0|"6' 3"""|230 lbs.|"76"""|Orthodox|Aug 18, 1985|4.38|44%|5.47|55%|0.45|23%|83%|0.0
2e88f2030d8a928a|Alejandro Villalobos|17|5|0|"5' 7"""|145 lbs.|No Stat|No Stat|Oct 26, 1979|3.93|46%|4.07|67%|1.00|50%|0%|0.0
f9081770e28ea2e1|Reginaldo Vieira|13|5|0|"5' 7"""|135 lbs.|"65"""|Orthodox|Nov 26, 1982|3.76|40%|2.89|59%|1.97|27%|25%|0.8
260e9e0d4954aea6|Rodolfo Vieira|11|3|0|"6' 0"""|185 lbs.|"73"""|Orthodox|Sep 25, 1989|3.33|55%|4.40|49%|3.52|26%|100%|1.2
b9706f80d005036c|Ketlen Vieira|15|4|0|"5' 8"""|135 lbs.|"68"""|Orthodox|Aug 26, 1991|2.84|41%|3.72|51%|1.28|43%|90%|0.5
6888e31ce88f5b17|Steve Vigneault|12|6|0|"5' 10"""|185 lbs.|No Stat|Orthodox|Feb 14, 1978|2.19|28%|5.75|44%|0.00|0%|100%|0.0
4f3064faf17aa711|Tamires Vidal|7|4|0|"5' 6"""|135 lbs.|"68"""|Orthodox|Jul 27, 1998|2.91|53%|4.46|49%|0.00|0%|35%|0.7
7cf20446453f852b|Milton Vieira|13|8|2|"6' 0"""|145 lbs.|No Stat|Orthodox|Oct 04, 1978|1.13|35%|2.36|48%|2.67|53%|12%|0.7
6256b2b1562cb8e1|James Vick|13|5|0|"6' 3"""|155 lbs.|"76"""|Orthodox|Feb 23, 1987|4.13|39%|3.31|60%|0.26|33%|57%|0.7
393b8e03fb410a78|Guilherme Viana|7|3|0|"6' 4"""|205 lbs.|No Stat|No Stat|No Stat|2.92|40%|2.72|59%|1.20|66%|77%|0.0
9673a497a9da119a|Polyana Viana|13|8|0|"5' 5"""|115 lbs.|"67"""|Orthodox|Jun 14, 1992|2.74|40%|2.50|53%|0.75|33%|35%|1.7
7acbb0972e75281a|Marvin Vettori|19|9|1|"6' 0"""|185 lbs.|"74"""|Southpaw|Sep 20, 1993|4.68|45%|4.52|56%|1.43|45%|65%|0.4
f95381efb3051d81|Hugo Viana|8|4|0|"5' 6"""|135 lbs.|"67"""|Orthodox|Sep 26, 1982|3.05|38%|3.20|57%|0.22|6%|50%|0.0
13a0fb8fbdafb54f|Bryan Vetell|4|3|0|"6' 3"""|265 lbs.|No Stat|Southpaw|Jul 26, 1977|2.74|60%|2.13|41%|0.00|0%|0%|0.0
0f1efce7d2571d10|Nikolay Veretennikov|13|6|0|"6' 1"""|170 lbs.|"74"""|Orthodox|Dec 22, 1989|3.01|55%|3.43|46%|0.55|18%|62%|0.0
c24b1db4b809d41b|Renato Verissimo|7|5|0|"6' 1"""|170 lbs.|No Stat|Orthodox|Aug 03, 1973|0.92|48%|1.87|47%|1.46|30%|50%|2.5
c6d8ae3b016d5ad5|Joe Veres|4|3|0|"5' 7"""|155 lbs.|No Stat|Orthodox|Nov 09, 1977|0.00|0%|5.55|27%|0.00|0%|0%|0.0
077e3ace32b72be9|CJ Vergara|12|7|1|"5' 6"""|125 lbs.|"68"""|Orthodox|Jun 18, 1991|5.02|56%|4.69|53%|0.00|0%|60%|0.2
07f959e6596307bb|Carlos Vera|12|4|0|"5' 6"""|135 lbs.|"69"""|Orthodox|Nov 05, 1987|1.53|57%|2.79|49%|0.00|0%|25%|1.6
d6f58b8cd1a6ff52|Isis Verbeek|5|2|0|"5' 4"""|115 lbs.|"64"""|Orthodox|Jan 12, 1995|3.13|43%|3.53|53%|0.00|0%|66%|0.0
2b1587a3376ab743|Ernie Verdicia|0|1|0|"5' 11"""|199 lbs.|No Stat|Orthodox|No Stat|0.00|0%|0.00|0%|0.00|0%|0%|0.0
df0a1c1e11ad199b|Kerry Vera|2|0|0|"5' 7"""|135 lbs.|No Stat|Orthodox|No Stat|0.00|0%|0.00|0%|0.00|0%|0%|0.0
6e62bb64f7cc5026|Scott Ventimiglia|14|6|1|"5' 11"""|185 lbs.|No Stat|No Stat|Nov 17, 1972|0.00|0%|0.00|0%|0.00|0%|0%|0.0
fa315e6c77eee106|Brandon Vera|15|7|0|"6' 3"""|230 lbs.|"78"""|Orthodox|Oct 10, 1977|3.03|56%|2.81|52%|0.70|53%|59%|0.2
7c7332319c14094c|Marlon Vera|23|10|1|"5' 8"""|135 lbs.|"70"""|Switch|Dec 02, 1992|4.27|49%|5.37|50%|0.51|39%|72%|0.8
2f1a257d6777096d|Luigi Vendramini|9|3|0|"5' 8"""|155 lbs.|"73"""|Orthodox|Jan 16, 1996|2.82|40%|3.82|57%|1.11|15%|100%|0.6
d23ccf4a6c221284|Karlos Vemola|17|5|0|"6' 0"""|185 lbs.|"75"""|Orthodox|Jul 03, 1985|1.67|44%|2.13|37%|1.93|25%|31%|1.7
602bb270f2bdbf02|Jerrel Venetiaan|4|3|0|"6' 1"""|195 lbs.|No Stat|Orthodox|Mar 09, 1971|0.81|33%|1.51|67%|0.00|0%|60%|0.0
0ff11cc094e887bc|Cain Velasquez|14|3|0|"6' 1"""|240 lbs.|"77"""|Orthodox|Jul 28, 1982|6.37|57%|2.33|57%|5.13|45%|85%|0.4
09c44b317c98bf96|David Velasquez|10|10|0|"5' 5"""|145 lbs.|No Stat|Orthodox|No Stat|0.00|0%|0.00|0%|0.00|0%|0%|0.0
fcce75a25c14a804|Bojan Velickovic|15|6|1|"6' 0"""|170 lbs.|"76"""|Southpaw|Dec 18, 1988|2.18|34%|2.31|57%|0.67|25%|55%|0.5
34a81ebbce32b06b|Greg Velasco|6|1|0|"6' 2"""|265 lbs.|"70"""|Southpaw|Sep 23, 1993|0.00|0%|1.52|0%|0.00|0%|0%|0.0
93c9897f0f9f5dab|Kelly Velasco|2|1|0|"5' 9"""|135 lbs.|No Stat|Orthodox|May 21, 1995|2.27|35%|5.67|47%|0.00|0%|100%|0.0
8d4d25fd9218860b|Manny Vazquez|11|2|0|"5' 10"""|125 lbs.|"72"""|Orthodox|Nov 19, 1993|1.47|41%|2.67|48%|1.00|33%|0%|1.0
d35c3ed553b71fa2|Joe Vedepo|18|9|0|"6' 0"""|185 lbs.|No Stat|Orthodox|No Stat|1.43|42%|5.71|38%|1.07|20%|0%|0.0
5731cc327790b731|Matt Veach|17|5|0|"5' 11"""|155 lbs.|No Stat|Orthodox|May 31, 1981|1.12|28%|4.91|44%|3.64|38%|100%|1.5
be5cfd73617a5b1a|Javier Vazquez|16|5|0|"5' 7"""|145 lbs.|"69"""|Southpaw|Jul 16, 1977|2.43|36%|1.99|72%|2.56|52%|57%|1.5
61428ed51f5ff465|Billy Vaughan|12|17|0|"5' 6"""|155 lbs.|No Stat|No Stat|Dec 02, 1983|0.00|0%|1.36|50%|0.00|0%|0%|0.0
4679a38cced7c64a|Yuri Vaulin|0|1|0|"6' 4"""|197 lbs.|No Stat|Southpaw|No Stat|0.00|0%|0.00|0%|0.00|0%|0%|0.0
a148dfe3485be79d|Linton Vassell|18|5|0|"6' 4"""|205 lbs.|No Stat|No Stat|Jun 03, 1983|3.39|37%|2.13|54%|2.46|50%|50%|0.0
04e0507b94014dbb|Samuel Vasconcelos Da Silva|13|4|1|No Stat|155 lbs.|No Stat|No Stat|Jan 02, 1996|0.00|0%|0.00|0%|0.00|0%|0%|0.0
d6d5da3c209884bc|Guilherme Vasconcelos|9|4|0|"6' 0"""|185 lbs.|No Stat|Orthodox|Mar 23, 1986|3.27|29%|4.40|70%|0.00|0%|0%|0.0
ec18eb918121787c|Kazula Vargas|12|5|0|"5' 8"""|155 lbs.|"71"""|Southpaw|Aug 15, 1985|3.65|53%|1.77|57%|0.40|25%|30%|0.4
a54fc2d6fc224dc3|Jamie Varner|21|11|1|"5' 8"""|155 lbs.|"71"""|Orthodox|Oct 12, 1984|2.92|34%|2.55|58%|3.49|53%|66%|0.8
07a18ae55dfc3cd9|Paul Varelans|9|9|0|"6' 8"""|300 lbs.|No Stat|Orthodox|No Stat|0.00|0%|0.00|0%|0.00|0%|0%|0.0
2b68d9f125d07b42|Jared Vanderaa|12|10|0|"6' 4"""|265 lbs.|"80"""|Orthodox|May 12, 1992|4.96|44%|5.67|45%|0.18|50%|20%|0.0
4d5197f331c47290|Paige VanZant|8|5|0|"5' 4"""|115 lbs.|"65"""|Orthodox|Mar 26, 1994|3.35|52%|2.62|42%|1.27|33%|34%|1.0
f9b200db02b488d9|Lando Vannata|12|7|2|"5' 9"""|155 lbs.|"71"""|Orthodox|Mar 14, 1992|4.52|45%|4.76|55%|1.09|37%|69%|0.3
26d61e92a6069cd2|Chad Vance|7|5|0|"6' 0"""|185 lbs.|No Stat|Orthodox|No Stat|0.00|0%|0.00|0%|0.00|0%|0%|0.0
87e2468b986ebb79|Cameron VanCamp|15|7|1|"6' 2"""|155 lbs.|"74"""|Switch|Apr 27, 1993|5.31|47%|6.41|40%|0.00|0%|0%|0.0
32c3ee378671a5d9|Austin Vanderford|13|2|0|"5' 11"""|170 lbs.|"74"""|Orthodox|Mar 21, 1990|4.08|63%|2.66|51%|1.77|25%|100%|1.8
f6bbc6ba4f06ad60|Alain Van der Merckt|8|0|0|No Stat|185 lbs.|No Stat|No Stat|Jun 11, 1993|0.00|0%|0.00|0%|0.00|0%|0%|0.0
2ee09ec2a0695eb9|Mike van Arsdale|8|5|0|"6' 2"""|205 lbs.|No Stat|Switch|Jun 20, 1965|1.52|41%|1.91|41%|1.06|14%|37%|0.0
23ab42947c1990e3|Ron van Clief|0|1|0|"5' 10"""|190 lbs.|No Stat|Orthodox|Jan 25, 1943|0.00|0%|0.00|0%|0.00|0%|0%|0.0
02177caefe7c07d4|Lloyd Van Dams|0|1|0|"6' 1"""|240 lbs.|No Stat|Southpaw|Mar 05, 1972|0.00|0%|3.01|15%|0.00|0%|0%|0.0
7b39035fae7268b8|Matt Van Buren|7|6|0|"6' 5"""|205 lbs.|No Stat|No Stat|Jun 12, 1986|7.73|45%|6.82|49%|0.00|0%|50%|0.0
17e97649403ba428|Joshua Van|15|2|0|"5' 5"""|125 lbs.|"65"""|Orthodox|Oct 10, 2001|8.86|56%|6.36|57%|0.85|63%|81%|0.0
239d8e5359022f3b|Kevin Vallejos|16|1|0|"5' 7"""|145 lbs.|"68"""|Switch|Dec 08, 2001|6.48|51%|5.70|57%|0.00|0%|66%|0.0
2a898bf9fb7710b3|Andrew Valladerez|5|7|0|No Stat|135 lbs.|No Stat|No Stat|No Stat|0.00|0%|0.00|0%|0.00|0%|0%|0.0
c295de4e10acd4c9|Isaac Vallie-Flagg|16|7|1|"5' 8"""|155 lbs.|"70"""|Orthodox|Apr 08, 1978|5.56|47%|5.60|45%|0.20|12%|58%|0.0
45e738622ea2c02c|Timur Valiev|18|3|0|"5' 6"""|135 lbs.|"67"""|Orthodox|Jan 19, 1990|5.19|53%|3.33|45%|1.73|40%|55%|0.3
663b76da637402c3|Victor Valimaki|18|10|0|"6' 0"""|205 lbs.|No Stat|Orthodox|No Stat|3.94|30%|2.99|67%|0.90|14%|0%|0.0
45b82ebf0b9e0fd2|Ivan Valenzuela|8|2|0|"6' 2"""|185 lbs.|"77"""|Orthodox|Nov 17, 1992|0.00|0%|9.60|33%|0.00|0%|0%|0.0
de277a4abcfeea46|Victor Valenzuela|13|6|2|"5' 10"""|155 lbs.|No Stat|No Stat|No Stat|1.28|100%|2.55|0%|0.00|0%|0%|0.0
0cd0456d6029cec2|Robert Valentin|11|6|0|"6' 2"""|185 lbs.|"77"""|Orthodox|Mar 31, 1995|1.13|56%|2.83|32%|0.00|0%|55%|1.3
cda1099995b46cc2|Genaro Valdez|10|3|0|"5' 9"""|155 lbs.|"72"""|Orthodox|Jan 16, 1992|4.08|30%|7.16|48%|1.54|44%|36%|0.4
8a0be41c0380188d|Charlie Valencia|12|7|0|"5' 3"""|135 lbs.|"64"""|Orthodox|Oct 31, 1974|2.58|37%|2.61|77%|1.40|53%|75%|0.5
fc1868f56d3036eb|Egidijus Valavicius|29|12|0|"6' 0"""|200 lbs.|No Stat|Orthodox|No Stat|0.00|0%|0.00|0%|0.00|0%|0%|0.0
0d1190beced94f7c|Rashid Vagabov|13|2|0|No Stat|125 lbs.|No Stat|No Stat|Jun 27, 1998|0.00|0%|0.00|0%|0.00|0%|0%|0.0
43e549b803ec7375|Artem Vakhitov|3|1|0|"6' 1"""|205 lbs.|"75"""|Orthodox|Apr 04, 1991|3.88|85%|0.68|80%|0.00|0%|100%|0.0
54578e5927adea53|Richie Vaculik|10|4|0|"5' 6"""|125 lbs.|"69"""|Orthodox|Jun 19, 1983|3.69|46%|4.09|57%|3.00|45%|31%|1.0
fe30c5f5cc3e028b|Sho Patrick Usami|4|1|0|"5' 9"""|155 lbs.|"70"""|Orthodox|May 08, 2000|0.00|0%|0.00|0%|0.00|0%|0%|0.0
c34e5849184b08c3|Yasuhiro Urushitani|21|8|6|"5' 5"""|125 lbs.|No Stat|Southpaw|Sep 08, 1976|3.47|39%|4.71|65%|0.00|0%|80%|0.0
f1b2aa7853d1ed6e|Kamaru Usman|21|4|0|"6' 0"""|170 lbs.|"76"""|Switch|May 11, 1987|4.16|51%|2.67|55%|2.79|44%|89%|0.1
b12fb759e02378de|Gilbert Urbina|7|4|0|"6' 3"""|170 lbs.|"75"""|Orthodox|Apr 05, 1996|5.61|57%|4.61|44%|3.01|44%|0%|0.8
4252b09f0c8c4472|Guilherme Uriel|6|1|0|No Stat|265 lbs.|No Stat|No Stat|Feb 18, 1997|0.00|0%|0.00|0%|0.00|0%|0%|0.0
e78c4c3d329c531b|Nick Urso|10|3|0|"5' 6"""|125 lbs.|"66"""|Southpaw|Sep 26, 1985|3.61|45%|5.06|36%|0.00|0%|0%|0.0
4b8fb0453a596b8e|Hector Urbina|17|10|1|"5' 11"""|170 lbs.|"73"""|Orthodox|Sep 17, 1987|0.97|38%|2.44|39%|0.00|0%|38%|3.8
47fcdcaccb58ca80|Elias Urbina|3|1|0|"6' 3"""|185 lbs.|"77"""|Southpaw|Oct 09, 1993|3.85|37%|6.17|50%|0.00|0%|0%|0.0
58258914525740a5|Kengo Ura|14|12|2|"5' 9"""|165 lbs.|No Stat|No Stat|Jun 20, 1981|1.05|37%|2.38|48%|2.85|28%|50%|1.4
1e310618d02ff93b|Zach Underwood|13|7|0|"6' 2"""|185 lbs.|No Stat|No Stat|No Stat|0.00|0%|0.00|0%|0.00|0%|0%|0.0
4793a2d90f5ab8ae|Jeremy Umphries|5|2|0|No Stat|160 lbs.|No Stat|No Stat|No Stat|0.00|0%|0.00|0%|0.00|0%|0%|0.0
5e23f30e9c6ed74e|Logan Urban|5|1|0|"6' 0"""|170 lbs.|"72"""|Orthodox|Apr 22, 1994|2.55|66%|16.60|27%|0.00|0%|0%|0.0
9014c02eff8b3d62|Carlos Ulberg|13|1|0|"6' 4"""|205 lbs.|"77"""|Orthodox|Nov 07, 1990|6.77|55%|4.21|51%|0.58|60%|85%|0.2
eb1723480fa2f96c|Caol Uno|33|19|5|"5' 7"""|155 lbs.|"70"""|Southpaw|May 08, 1975|1.91|49%|1.90|50%|1.95|31%|37%|0.5
7a39bbac8cc0fa70|Gasan Umalatov|17|4|2|"5' 11"""|170 lbs.|"71"""|Orthodox|Sep 11, 1982|2.23|39%|4.10|59%|0.75|17%|90%|0.0
4a1a492f299581d9|Andy Uhrich|11|6|0|"6' 0"""|170 lbs.|No Stat|No Stat|No Stat|0.00|0%|0.00|0%|0.00|0%|0%|0.0
f00ac08ab056af5d|Tagir Ulanbekov|17|2|0|"5' 7"""|125 lbs.|"70"""|Southpaw|Aug 07, 1991|3.37|49%|3.36|52%|2.94|38%|62%|1.6
10ccf4ec9913cadc|Christian Uflacker|5|0|0|"5' 11"""|170 lbs.|No Stat|No Stat|Aug 04, 1985|0.00|0%|0.00|0%|0.00|0%|0%|0.0
bcd124bcd3d5be46|Ryuki Ueyama|12|18|5|"5' 11"""|180 lbs.|No Stat|Southpaw|Apr 17, 1976|0.13|21%|1.40|46%|0.50|100%|0%|1.5
8f2deefe8c5dfb5d|Alberto Uda|12|2|0|"6' 3"""|185 lbs.|No Stat|Orthodox|Aug 08, 1984|1.79|52%|3.49|45%|2.83|50%|66%|0.0
1d76f07ffdd765c2|Takeru Uchida|6|1|0|"5' 5"""|125 lbs.|"68"""|Southpaw|Sep 30, 2002|0.00|0%|0.00|0%|0.00|0%|0%|4.4
86bace9e4ad85542|Xiao Long|27|9|0|"5' 8"""|135 lbs.|"70"""|Orthodox|Apr 13, 1998|5.40|50%|4.27|50%|0.84|25%|77%|0.0
e6dac752a2418a88|Rubens Xavier|5|3|0|"6' 3"""|220 lbs.|No Stat|Orthodox|No Stat|0.77|42%|1.82|21%|2.10|40%|25%|1.1
cb680d85b84cbfd9|Raphael Uchegbu|10|1|0|No Stat|135 lbs.|No Stat|No Stat|No Stat|0.00|0%|0.00|0%|0.00|0%|0%|0.0
42078a86d3dd037b|Rob Yundt|9|5|0|"6' 1"""|185 lbs.|No Stat|Orthodox|May 05, 1980|1.37|41%|2.55|31%|2.94|100%|0%|0.0
94426bb170c88115|Sodiq Yusuff|13|5|0|"5' 9"""|155 lbs.|"71"""|Orthodox|May 19, 1993|5.27|49%|4.29|53%|0.36|23%|62%|0.4
67ec58d7cf599835|Han Ten Yun|0|1|0|"5' 11"""|220 lbs.|No Stat|No Stat|No Stat|0.00|0%|0.00|0%|0.00|0%|0%|0.0
568bbad0eaced57c|Shanna Young|9|6|0|"5' 7"""|125 lbs.|"65"""|Orthodox|Feb 20, 1991|3.18|47%|4.88|43%|0.00|0%|53%|0.6
98ec9f385cca47fc|Besam Yousef|7|4|0|"5' 11"""|170 lbs.|No Stat|Orthodox|Mar 25, 1985|3.14|53%|3.98|38%|1.33|66%|50%|0.0
b2a78df161bd67f9|Gauge Young|9|3|0|"5' 9"""|155 lbs.|"70"""|Orthodox|Jul 14, 2000|4.83|48%|6.53|44%|0.00|0%|64%|0.0
4cd8b03aee1d0138|Shane Young|13|8|0|"5' 8"""|145 lbs.|"72"""|Orthodox|Jul 31, 1993|5.19|40%|5.46|52%|0.63|18%|64%|0.0
8d4943a9ce9f521b|Artenus Young|10|12|0|No Stat|205 lbs.|No Stat|No Stat|Jul 16, 1980|0.00|0%|0.00|0%|0.00|0%|0%|0.0
bf5183e1c1afc3b2|Trenell Young|11|9|0|"5' 6"""|145 lbs.|No Stat|Orthodox|Jun 19, 1976|1.43|22%|5.13|50%|1.13|20%|0%|1.1
f59e9e49ef85b469|Jason Young|9|6|0|"5' 9"""|145 lbs.|"73"""|Orthodox|Jun 28, 1986|2.97|37%|3.20|50%|1.98|66%|55%|0.0
2e517966267a468a|Kai Yoshida|6|2|0|"5' 7"""|125 lbs.|"69"""|Southpaw|Oct 10, 1999|4.32|50%|4.96|54%|0.00|0%|100%|0.0
a474aade8eb3a8f0|SuYoung You|15|3|0|"5' 6"""|135 lbs.|"65"""|Orthodox|Dec 11, 1995|1.88|44%|1.32|71%|4.75|55%|66%|0.5
79ff6545b0abc685|Kaitlin Young|7|9|1|"5' 9"""|135 lbs.|No Stat|Orthodox|Sep 15, 1985|2.83|26%|6.33|51%|2.50|100%|0%|0.0
2eae41f61776c60f|Hidehiko Yoshida|6|8|1|"5' 11"""|225 lbs.|No Stat|Orthodox|Sep 03, 1969|1.05|36%|1.89|62%|1.09|33%|71%|2.2
ab8900ae1f1dfd4c|Yoshiyuki Yoshida|18|9|0|"5' 11"""|170 lbs.|"70"""|Southpaw|May 10, 1974|0.85|36%|3.67|36%|1.41|28%|25%|2.8
29ab96eae72bad9f|ChangMin Yoon|8|2|1|"5' 7"""|145 lbs.|"70"""|Orthodox|May 09, 1994|5.80|48%|1.60|70%|2.00|28%|100%|0.0
a44020ea2e8cd026|JooSang Yoo|9|0|0|"5' 7"""|145 lbs.|"71"""|Orthodox|Jan 21, 1994|12.86|75%|4.29|50%|0.00|0%|0%|0.0
ad99fa5325519169|Dong Sik Yoon|9|9|0|"6' 0"""|185 lbs.|No Stat|Orthodox|Aug 24, 1972|0.99|36%|2.33|51%|1.60|29%|33%|1.3
40eb2aef4d5577d4|John Yoo|0|1|0|No Stat|135 lbs.|No Stat|No Stat|No Stat|0.00|0%|0.00|0%|0.00|0%|0%|0.0
00b490982afd1b17|SangHoon Yoo|8|2|0|"6' 0"""|170 lbs.|"74"""|Orthodox|Jan 18, 1990|4.83|65%|6.11|40%|0.53|100%|69%|0.5
a8e8587a06e73c87|Kazunori Yokota|25|7|3|"5' 8"""|154 lbs.|No Stat|Orthodox|Apr 03, 1978|0.67|31%|1.13|57%|0.00|0%|0%|0.0
35585d970300d45a|Hirotaka Yokoi|11|5|0|"5' 11"""|205 lbs.|No Stat|Orthodox|Jun 08, 1978|1.52|33%|3.42|38%|1.87|41%|66%|0.4
b4c6c904a9ffc5e8|Ashley Yoder|8|9|0|"5' 7"""|115 lbs.|"69"""|Southpaw|Oct 20, 1987|3.42|39%|4.13|47%|1.09|27%|66%|0.6
3f11fd1751fa83b1|Yizha|25|5|0|"5' 7"""|145 lbs.|"71"""|Orthodox|Jan 08, 1997|2.80|44%|2.83|47%|3.54|30%|54%|1.1
a78dc3910554dbae|Yin Shuai|18|5|0|"5' 5"""|125 lbs.|"66"""|Southpaw|Jan 01, 1997|3.01|56%|3.36|40%|6.88|50%|75%|0.0
620be7e0712d431b|Yoshiaki Yatsu|0|2|0|"6' 1"""|165 lbs.|No Stat|Orthodox|Jul 19, 1956|0.00|0%|5.57|48%|0.00|0%|0%|0.0
cc2fcae2c0dc501d|Yibugele|24|13|1|"5' 7"""|145 lbs.|"69"""|Southpaw|Nov 13, 1989|2.87|41%|5.50|54%|0.00|0%|81%|0.0
49e7e05f902479ca|Tadao Yasuda|2|4|0|"6' 4"""|310 lbs.|No Stat|Orthodox|Oct 09, 1963|2.70|73%|0.85|60%|0.75|14%|0%|0.0
920632ca1b78fae5|Chris Yee|4|6|0|"5' 9"""|185 lbs.|No Stat|No Stat|No Stat|0.00|0%|0.00|0%|0.00|0%|0%|0.0
2299605af59fd309|Emmanuel Yarborough|1|2|0|"6' 8"""|770 lbs.|No Stat|Open Stance|Sep 05, 1960|0.00|0%|0.00|0%|0.00|0%|0%|0.0
450bcab0968562c4|John Yannis|9|4|0|"5' 7"""|145 lbs.|"70"""|Southpaw|Jul 07, 1994|0.00|0%|0.00|0%|0.00|0%|0%|0.0
a0b91014e9d16a76|Cale Yarbrough|8|3|0|"6' 1"""|185 lbs.|No Stat|Orthodox|Dec 27, 1986|3.16|27%|10.00|72%|0.00|0%|0%|0.0
d56caaa5e123f518|Masutatsu Yano|2|4|1|"5' 9"""|198 lbs.|No Stat|Orthodox|Jul 11, 1975|0.00|0%|0.00|0%|0.00|0%|0%|0.0
d3c554d6e11fc9d6|Jianping Yang|11|4|1|"5' 7"""|145 lbs.|No Stat|Orthodox|Nov 27, 1988|1.40|26%|2.07|65%|1.00|25%|33%|0.0
aed06011bf62237b|Dongi Yang|13|3|0|"5' 10"""|185 lbs.|"73"""|Southpaw|Dec 07, 1984|3.55|51%|3.21|63%|1.70|41%|61%|0.5
0232cabbc30a2372|Adrian Yanez|17|6|0|"5' 7"""|135 lbs.|"70"""|Orthodox|Nov 29, 1993|6.23|41%|5.75|54%|0.00|0%|81%|0.0
0a95c474e61a6c44|Adam Yandiev|9|1|0|"5' 9"""|185 lbs.|"74"""|Orthodox|Aug 07, 1988|0.18|8%|6.14|36%|0.00|0%|25%|0.0
d661ce4da776fc20|Petr Yan|19|5|0|"5' 7"""|135 lbs.|"67"""|Switch|Feb 11, 1993|5.12|54%|4.14|58%|1.58|48%|85%|0.1
5c9c2e247c836b67|Yan Qihui|25|5|0|"5' 3"""|125 lbs.|"62"""|Orthodox|Oct 21, 1996|4.38|46%|5.06|54%|3.68|69%|62%|0.0
d1d20e651e6cbc02|Takeshi Yamazaki|15|12|3|"5' 8"""|139 lbs.|No Stat|Southpaw|No Stat|0.57|25%|1.57|47%|4.50|50%|100%|1.0
9e1a7101fefe9746|Goiti Yamauchi|21|3|0|"5' 10"""|145 lbs.|No Stat|No Stat|Jan 05, 1993|1.66|54%|1.01|66%|0.00|0%|0%|4.3
d8bf3df51ff3a270|Wataru Yamauchi|7|2|0|"5' 4"""|125 lbs.|"68"""|Orthodox|Jun 22, 1999|4.01|52%|3.57|62%|0.00|0%|66%|0.0
c41d426cc7326d1b|Yan Xiaonan|19|5|0|"5' 5"""|115 lbs.|"63"""|Orthodox|Jun 16, 1989|4.69|45%|3.23|60%|0.84|73%|64%|0.0
283645128ae57eda|Hiroko Yamanaka|13|3|0|"5' 11"""|135 lbs.|No Stat|No Stat|Oct 24, 1978|2.10|26%|3.54|63%|0.00|0%|100%|0.0
351264d11286d09a|Atsushi Yamamoto|19|11|3|"5' 6"""|139 lbs.|No Stat|Orthodox|Oct 02, 1980|1.97|39%|1.27|70%|1.12|33%|100%|0.0
4834ff149dc9542a|Norifumi Yamamoto|18|6|0|"5' 4"""|135 lbs.|"66"""|Southpaw|Mar 15, 1977|2.09|45%|2.01|57%|0.41|22%|45%|0.0
9f488f520ed25bbf|Kenichi Yamamoto|5|12|2|"6' 0"""|170 lbs.|No Stat|Orthodox|Jul 11, 1976|0.30|46%|1.93|38%|0.00|0%|10%|0.3
3753714927f18437|Mohammad Yahya|12|6|0|"5' 9"""|145 lbs.|"73"""|Switch|May 23, 1994|3.50|39%|6.39|43%|0.50|20%|42%|0.5
eed2b71d77d95416|Yoshihisa Yamamoto|14|25|1|"6' 2"""|220 lbs.|No Stat|Southpaw|Jul 04, 1970|1.65|38%|3.05|53%|1.00|20%|50%|0.6
95aff2fd8d09a5f0|Abdul-Rakhman Yakhyaev|6|0|0|No Stat|205 lbs.|No Stat|No Stat|Jan 03, 2001|0.00|0%|0.00|0%|0.00|0%|0%|0.0
6014d25e73b669c9|Keiichiro Yamamiya|45|35|10|"5' 11"""|185 lbs.|No Stat|Southpaw|Jul 12, 1972|0.00|0%|0.00|0%|0.00|0%|0%|0.0
d06f8869449ba7bd|Alexander Yakovlev|24|10|1|"6' 3"""|155 lbs.|"74"""|Southpaw|Jul 18, 1984|1.74|47%|2.41|58%|1.66|35%|72%|0.1
cc84b68f862b466f|Eddie Yagin|16|7|1|"5' 7"""|145 lbs.|No Stat|Orthodox|Mar 23, 1979|3.13|30%|5.77|42%|0.00|0%|62%|1.0
94527830000ab715|Rani Yahya|28|12|1|"5' 6"""|135 lbs.|"67"""|Orthodox|Sep 12, 1984|1.71|38%|2.08|50%|2.73|30%|29%|1.8
59279a7c978f7da0|Al Iaquinta|14|7|1|"5' 10"""|155 lbs.|"70"""|Orthodox|Apr 30, 1987|4.06|40%|4.53|61%|0.63|18%|74%|0.2
afc2a7ce0c763bd5|Yoislandy Izquierdo|10|4|0|"5' 11"""|155 lbs.|No Stat|Southpaw|Jan 09, 1984|2.93|52%|1.40|26%|0.00|0%|50%|0.0
53e4e21f4c688801|Hiroshi Izumi|4|2|0|No Stat|205 lbs.|No Stat|Orthodox|Jun 22, 1982|1.95|37%|2.65|66%|3.35|70%|100%|0.5
de26d906f2874dd4|Saygid Izagakhmaev|22|2|0|No Stat|170 lbs.|No Stat|No Stat|Sep 03, 1994|0.00|0%|0.00|0%|0.00|0%|0%|0.0
5b08af4fbc987f9c|Taiga Iwasaki|9|2|0|"6' 1"""|185 lbs.|"73"""|Orthodox|Jul 07, 1997|1.99|33%|7.08|32%|0.00|0%|0%|0.0
243b07fc65ccbb16|Tatsuya Iwasaki|0|1|0|"5' 9"""|205 lbs.|No Stat|Orthodox|No Stat|0.79|100%|8.68|38%|0.00|0%|0%|0.0
ac5f67109accb482|Tomomi Iwama|9|6|2|"5' 3"""|155 lbs.|No Stat|Orthodox|No Stat|1.00|20%|3.00|70%|0.00|0%|0%|0.0
3c5005b66696d790|Anthony Ivy|8|4|0|"6' 2"""|185 lbs.|"74"""|Orthodox|Jan 23, 1990|2.50|42%|4.57|51%|4.69|20%|100%|0.0
1788eee370f077b7|Blagoy Ivanov|19|6|0|"5' 11"""|250 lbs.|"73"""|Southpaw|Oct 09, 1986|3.25|40%|4.20|53%|0.69|40%|61%|0.1
d1e1fdcea7c8a90a|Leandro Issa|13|6|0|"5' 7"""|135 lbs.|"69"""|Orthodox|Sep 19, 1983|2.08|37%|3.17|58%|2.38|22%|50%|1.2
f647247f0d9f3b50|Kuya Ito|17|9|1|"5' 4"""|135 lbs.|"66"""|Orthodox|Oct 07, 1996|3.40|39%|3.13|55%|0.00|0%|62%|1.0
da6dfd09cca1d705|Wallid Ismail|9|3|0|"5' 7"""|205 lbs.|No Stat|Orthodox|Feb 23, 1968|0.92|31%|0.83|44%|1.85|28%|0%|0.5
c4b81cdecd5d6abe|Gerald Harris|23|5|0|"5' 11"""|185 lbs.|"77"""|Southpaw|Nov 19, 1979|1.41|29%|1.58|62%|2.96|54%|72%|0.0
1c01d986283e6acb|In Soo Hwang|8|1|0|No Stat|185 lbs.|No Stat|No Stat|Jan 18, 1994|0.00|0%|0.00|0%|0.00|0%|0%|0.0
8588d14c4952b9fa|Young Hwang|8|5|0|"5' 9"""|135 lbs.|No Stat|No Stat|Sep 02, 1988|0.00|0%|0.00|0%|0.00|0%|0%|0.0
30cd319d39ee689b|Gerry Harris|1|4|0|"6' 8"""|270 lbs.|No Stat|Orthodox|No Stat|0.00|0%|0.00|0%|0.00|0%|0%|0.0
cfbb3edab781dfd2|Shanelle Dyer|6|0|0|No Stat|125 lbs.|No Stat|No Stat|Apr 23, 2001|0.00|0%|0.00|0%|0.00|0%|0%|0.0
55ed59d541f8b90c|Rolando Dy|9|7|1|"5' 8"""|145 lbs.|"69"""|Orthodox|Aug 11, 1990|3.04|37%|4.47|52%|0.30|20%|68%|0.0
d0aaedcf7ccd0b45|Chris Daukaus|12|7|0|"6' 3"""|205 lbs.|"76"""|Orthodox|Sep 25, 1989|6.05|50%|4.64|55%|0.00|0%|100%|0.0
48a9a128784d53d1|Elves Brener|16|6|0|"5' 10"""|155 lbs.|"72"""|Orthodox|Sep 27, 1997|3.99|47%|5.30|48%|1.23|23%|76%|0.0
8f0d576beba1cfcd|Matt Dwyer|9|4|0|"6' 4"""|170 lbs.|"76"""|Orthodox|Dec 17, 1989|2.57|34%|3.24|54%|0.44|10%|60%|0.0
39cc64bf0a269db9|Niklas Backstrom|11|3|0|"6' 1"""|145 lbs.|No Stat|Orthodox|Aug 22, 1989|1.12|41%|3.65|40%|2.92|80%|72%|2.2
f273f1b8df04c8a1|Eduardo Bustillos|5|3|0|"5' 8"""|135 lbs.|No Stat|No Stat|Jun 02, 1987|2.61|59%|6.22|35%|0.00|0%|100%|0.0
b19fc66613dc75b9|Chris Brennan|21|13|1|"5' 8"""|170 lbs.|No Stat|Orthodox|Oct 12, 1971|0.60|40%|0.97|50%|0.00|0%|25%|2.1
23100e8f71f25a4a|Cody Canterbury|1|10|0|"5' 8"""|155 lbs.|No Stat|No Stat|No Stat|0.00|0%|0.00|0%|0.00|0%|0%|0.0
03da33a102d9a45f|Jose Canseco|0|1|0|"6' 4"""|240 lbs.|No Stat|Orthodox|Jul 02, 1964|0.78|10%|4.68|62%|0.00|0%|0%|0.0
78bd6940d093fd33|Bill Cooper|2|1|0|No Stat|155 lbs.|No Stat|No Stat|May 05, 1984|0.00|0%|0.00|0%|0.00|0%|0%|0.0
e93b04e308913c2e|Dooho Choi|16|4|1|"5' 10"""|145 lbs.|"70"""|Orthodox|Apr 10, 1991|4.67|56%|4.02|56%|1.43|53%|47%|0.6
25433871e4eee0f4|Alberto Crane|15|5|0|"5' 5"""|155 lbs.|No Stat|Orthodox|Jul 14, 1976|0.43|25%|2.61|57%|0.00|0%|50%|4.0
8d9586726252dbf7|Kevin Casey|9|5|2|"5' 11"""|185 lbs.|"77"""|Southpaw|Jun 15, 1981|2.27|53%|3.76|46%|0.79|22%|27%|0.4
9bcfb40dbcd50568|Luciano Azevedo|17|9|1|"6' 3"""|161 lbs.|No Stat|Orthodox|Jun 25, 1981|0.76|45%|1.97|27%|2.28|11%|0%|0.0
2af2f2e26c4c0402|Hunter Azure|9|2|0|"5' 8"""|145 lbs.|"69"""|Orthodox|Mar 02, 1992|3.92|53%|2.08|58%|1.97|34%|67%|1.3
063649e21bc9d6d5|Luiz Azeredo|15|10|0|"5' 9"""|154 lbs.|No Stat|Orthodox|Jun 10, 1976|2.16|39%|2.76|57%|1.07|50%|45%|0.3
ee18ff42063174df|Ottman Azaitar|13|3|0|"5' 8"""|155 lbs.|"71"""|Switch|Feb 20, 1990|4.43|44%|4.11|52%|0.00|0%|100%|0.0
46d0a888d87d91ac|Abu Azaitar|14|4|1|"5' 9"""|185 lbs.|"76"""|Orthodox|Mar 10, 1986|4.38|43%|4.32|51%|1.00|37%|42%|0.0
26387c19f32dda0f|Javy Ayala|10|5|0|"6' 1"""|265 lbs.|No Stat|No Stat|Aug 20, 1988|0.83|25%|5.00|33%|0.00|0%|0%|0.0
6eaec40f724852f4|Jessin Ayari|16|6|0|"6' 0"""|155 lbs.|"73"""|Orthodox|May 31, 1992|3.53|37%|3.59|58%|0.00|0%|50%|0.3
86d9dbe1bfcbade7|Julia Avila|9|4|0|"5' 7"""|135 lbs.|"68"""|Orthodox|May 11, 1988|2.81|42%|3.28|55%|0.63|37%|52%|0.2
da603332ad41f165|Saad Awad|20|9|0|"5' 11"""|155 lbs.|No Stat|No Stat|Jun 07, 1983|2.13|26%|1.87|60%|0.50|16%|100%|0.5
033d19259f589457|Anthony Avila|13|5|0|"5' 7"""|145 lbs.|No Stat|No Stat|Dec 29, 1988|0.00|0%|0.00|0%|0.00|0%|0%|0.0
4665cbf36b08193b|Chris Avila|5|4|0|"5' 10"""|145 lbs.|No Stat|Orthodox|Jan 16, 1993|2.37|30%|4.17|48%|0.00|0%|46%|0.0
ba5c6eeb8ef45f5c|Levi Avera|18|15|0|"6' 1"""|170 lbs.|No Stat|No Stat|May 17, 1982|0.00|0%|0.00|0%|0.00|0%|0%|0.0
8753e125f4499816|Blas Avena|8|7|0|"6' 0"""|170 lbs.|"74"""|Orthodox|Jun 30, 1983|2.34|47%|3.36|43%|2.37|80%|50%|1.8
44a94bbde42246e4|Gleidson Cutis|7|4|0|"5' 9"""|155 lbs.|No Stat|Orthodox|Feb 07, 1989|2.99|52%|8.28|59%|0.00|0%|0%|0.0
04643fd03d9159cc|Marcus Aurelio|22|10|0|"5' 10"""|155 lbs.|"74"""|Orthodox|Aug 18, 1973|1.42|33%|2.27|59%|1.69|27%|27%|1.3
b8ff02d5703eca3a|Will Currie|12|4|0|"6' 3"""|185 lbs.|"76"""|Switch|Nov 12, 1998|2.73|47%|5.67|44%|2.00|13%|50%|0.0
cd13728ae1151f46|Ion Cutelaba|19|11|1|"6' 1"""|205 lbs.|"75"""|Southpaw|Dec 14, 1993|4.26|43%|3.34|47%|3.77|49%|75%|0.1
4d3b08ab127c7585|Jose Augusto|6|2|0|"6' 3"""|251 lbs.|No Stat|No Stat|Mar 28, 1992|0.00|0%|0.00|0%|0.00|0%|0%|0.0
5442f1bc4b47eaf3|Chris Curtis|32|12|0|"5' 10"""|170 lbs.|"75"""|Orthodox|Jul 15, 1987|5.98|50%|6.19|54%|0.00|0%|82%|0.0
196ed28337adc630|Pat Audinwood|11|2|1|"6' 0"""|155 lbs.|No Stat|Orthodox|Apr 16, 1986|1.17|12%|4.31|41%|0.80|50%|0%|0.0
210935fd21670f6d|Rich Attonito|10|5|0|"5' 10"""|170 lbs.|"72"""|Orthodox|Jun 16, 1977|2.28|47%|2.13|59%|0.74|37%|75%|0.0
956dcac65e7b34d6|David Avellan|2|1|0|"5' 9"""|185 lbs.|No Stat|Orthodox|No Stat|3.33|25%|10.00|57%|0.00|0%|0%|0.0
55ee431411ccf07a|Olivier Aubin-Mercier|11|5|0|"5' 9"""|155 lbs.|"70"""|Southpaw|Feb 23, 1989|2.48|51%|2.97|55%|2.36|33%|70%|0.5
fd7acf42bd6e7e95|Bazigit Atajev|17|1|0|"6' 1"""|230 lbs.|No Stat|Orthodox|No Stat|0.87|41%|3.14|49%|1.00|33%|0%|0.0
d0d7160824278840|Junior Assuncao|16|6|0|"5' 9"""|145 lbs.|"72"""|Orthodox|Jun 24, 1981|3.31|62%|2.06|44%|2.43|24%|66%|0.7
01c9e4013afce141|Michael Aswell|10|3|0|"5' 8"""|155 lbs.|"69"""|Orthodox|Sep 27, 2000|9.10|44%|7.93|54%|0.00|0%|57%|0.0
399afbabc02376b5|Tom Aspinall|15|3|0|"6' 5"""|256 lbs.|"78"""|Orthodox|Apr 11, 1993|8.07|67%|2.89|65%|3.27|100%|100%|1.6
6e8f1bcdda94ff45|Ibo Aslan|14|3|0|"6' 3"""|205 lbs.|"77"""|Orthodox|Apr 23, 1996|5.09|47%|3.47|59%|0.00|0%|86%|0.0
2f13e4020cea5b38|Raphael Assuncao|28|10|0|"5' 5"""|135 lbs.|"66"""|Orthodox|Jul 19, 1982|3.22|42%|2.50|66%|1.65|39%|78%|0.2
ff222167cce02919|Bruno Assis|8|4|0|"6' 2"""|185 lbs.|No Stat|Orthodox|May 23, 1992|1.27|43%|3.20|36%|2.00|50%|66%|1.0
0b31f87be71ebbb1|Ben Askren|19|2|0|"5' 11"""|170 lbs.|"73"""|Orthodox|Jul 18, 1984|3.64|49%|5.66|36%|4.33|55%|0%|0.9
5c10da56d712ac9c|Khusein Askhabov|23|1|0|"5' 8"""|145 lbs.|"69"""|Orthodox|Feb 13, 1995|2.00|26%|4.13|56%|0.00|0%|66%|0.0
b1d19449397541dc|Askar Askarov|14|1|1|"5' 6"""|125 lbs.|"67"""|Orthodox|Oct 09, 1992|3.05|54%|2.80|57%|2.60|24%|66%|0.4
9be6020024133293|Cyril Asker|9|4|0|"6' 0"""|247 lbs.|"74"""|Orthodox|Dec 24, 1985|3.35|39%|5.82|35%|4.41|62%|100%|0.9
06827d70c53ff0d9|Scott Askham|14|4|0|"6' 3"""|185 lbs.|"75"""|Southpaw|May 20, 1988|3.03|46%|3.52|52%|0.44|18%|65%|0.7
c739c2995a275314|Yanal Ashmouz|8|2|0|"5' 9"""|155 lbs.|"69"""|Orthodox|Mar 31, 1995|2.88|50%|4.78|50%|3.24|38%|64%|0.0
2abc414136504554|Askar Askar|11|1|0|"5' 7"""|145 lbs.|"69"""|Orthodox|Aug 19, 1994|0.00|0%|0.00|0%|0.00|0%|0%|0.0
8be9deb7d6b36354|Asjabharan|7|6|0|"5' 6"""|135 lbs.|No Stat|No Stat|Jul 31, 1992|0.00|0%|0.00|0%|0.00|0%|0%|0.0
d26a0988c9dc9886|Arman Ashimov|11|3|1|"5' 6"""|125 lbs.|No Stat|No Stat|Jan 14, 1992|0.00|0%|0.00|0%|0.00|0%|0%|0.0
a373085066dbfb54|Teddy Ash|14|5|0|"6' 1"""|185 lbs.|"73"""|Switch|Dec 27, 1989|7.27|61%|6.80|28%|0.00|0%|100%|0.0
d33da8a3d82bdb62|Kai Asakura|21|5|0|"5' 8"""|125 lbs.|"69"""|Orthodox|Oct 31, 1993|2.40|58%|4.52|38%|0.00|0%|57%|0.0
49f78022126bf4a4|Cesar Arzamendia|8|3|0|"5' 11"""|155 lbs.|No Stat|Orthodox|Jan 31, 1991|5.37|45%|5.20|56%|7.32|75%|0%|2.4
91e3388e69060e69|Veta Arteaga|3|1|0|"5' 7"""|125 lbs.|No Stat|No Stat|No Stat|3.20|36%|1.92|65%|0.00|0%|40%|0.0
2dea80c069847321|Gilles Arsene|1|1|0|"5' 9"""|190 lbs.|No Stat|Southpaw|No Stat|0.06|10%|2.45|32%|0.00|0%|0%|0.0
61fb8098ccf81c7f|Antonio Arroyo|9|5|0|"6' 3"""|185 lbs.|"73"""|Orthodox|Jul 01, 1989|2.82|66%|2.02|50%|1.14|41%|41%|0.2
de62052b2ede65ba|Matt Arroyo|3|3|0|"5' 10"""|170 lbs.|"72"""|Orthodox|Sep 01, 1982|1.62|47%|2.01|58%|2.12|36%|100%|5.3
c136b2a8852da5bd|Akbarh Arreola|23|11|1|"5' 10"""|155 lbs.|"71"""|Southpaw|Jan 14, 1983|2.32|45%|4.01|56%|1.07|100%|33%|0.4
770b9d4813c25902|Chalid Arrab|7|3|0|"5' 11"""|205 lbs.|No Stat|Orthodox|May 28, 1975|1.56|34%|1.63|56%|3.05|75%|37%|1.0
a90c200c3fbb22c4|Eli Aronov|6|1|0|"5' 10"""|185 lbs.|"72"""|Orthodox|Jun 06, 1996|8.92|68%|6.49|38%|12.16|100%|0%|0.0
30ad2050273d016a|Joey Armstrong|5|2|0|No Stat|No Stat|No Stat|No Stat|No Stat|0.00|0%|0.00|0%|0.00|0%|0%|0.0
05fbfe628658c538|Ricardo Arona|14|5|0|"5' 11"""|205 lbs.|No Stat|Orthodox|Jul 17, 1978|1.66|48%|1.15|57%|2.41|48%|58%|1.2
bf0e700106d00e55|Austin Arnett|16|6|0|"6' 0"""|145 lbs.|"72"""|Orthodox|Oct 22, 1991|4.52|41%|6.38|62%|0.44|18%|57%|0.2
1effd880e1f1bb30|Garrett Armfield|10|5|0|"5' 6"""|135 lbs.|"70"""|Orthodox|Oct 09, 1996|5.35|53%|3.64|56%|1.10|50%|64%|0.6
9a7ffa80766caa51|Hashem Arkhagha|6|1|0|"6' 2"""|185 lbs.|"75"""|Orthodox|Sep 11, 1989|1.84|44%|8.97|43%|0.00|0%|50%|0.0
90063913321e7670|Reza Arianto|5|0|0|No Stat|155 lbs.|No Stat|No Stat|No Stat|0.00|0%|0.00|0%|0.00|0%|0%|0.0
db3c4a884d704efe|Gabriel Arges|0|0|0|No Stat|170 lbs.|No Stat|No Stat|Jan 29, 1993|0.00|0%|0.00|0%|0.00|0%|0%|0.0
05b43e0ead3df345|Kailin Curran|4|5|0|"5' 4"""|115 lbs.|"65"""|Orthodox|Apr 11, 1991|3.89|43%|4.75|53%|2.00|57%|61%|0.6
e4ba58725825412d|Dan Argueta|9|3|0|"5' 7"""|135 lbs.|"68"""|Southpaw|Aug 13, 1993|2.48|43%|3.44|50%|4.36|35%|55%|1.4
d8291d0dd63da29c|Pat Curran|22|7|0|"5' 9"""|145 lbs.|No Stat|No Stat|Aug 31, 1987|4.70|58%|4.40|63%|2.50|62%|66%|0.0
46f11d15c0134fe3|Larry Cureton|0|2|0|"6' 2"""|240 lbs.|No Stat|Orthodox|No Stat|0.00|0%|0.00|0%|0.00|0%|0%|0.0
3738e68d2261e60f|Andrei Arlovski|34|24|0|"6' 3"""|240 lbs.|"77"""|Orthodox|Feb 04, 1979|3.82|45%|3.22|57%|0.37|35%|76%|0.2
b8b765e320a8db39|Santo Curatolo|6|2|0|"5' 3"""|125 lbs.|"62"""|Southpaw|Jan 18, 1995|1.40|39%|6.07|34%|2.00|33%|100%|0.0
a8ea84cbe1655f0a|Jeff Curran|36|18|1|"5' 6"""|135 lbs.|"69"""|Orthodox|Sep 02, 1977|1.54|31%|2.48|60%|0.35|12%|35%|1.2
eb49fe2f85ae9526|Tommy Cuozzi|8|0|0|No Stat|145 lbs.|No Stat|No Stat|Aug 31, 1999|0.00|0%|0.00|0%|0.00|0%|0%|0.0
d1053e55f00e53fe|AJ Cunningham|11|5|0|"5' 10"""|135 lbs.|"71"""|Orthodox|Sep 07, 1994|4.22|29%|6.31|48%|0.00|0%|46%|0.5
305bde44ff664788|Alton Cunningham|4|2|0|"6' 2"""|205 lbs.|"77"""|Orthodox|Jun 24, 1993|3.33|75%|4.94|20%|1.67|10%|100%|0.0
46a17755f80f63e8|Hugo Cunha|8|2|0|"6' 3"""|263 lbs.|"79"""|Orthodox|Feb 04, 1993|0.60|30%|3.01|34%|0.00|0%|0%|0.0
93ce4ac89e3d7652|Luke Cummo|6|6|0|"6' 0"""|170 lbs.|"74"""|Orthodox|Apr 27, 1980|1.74|43%|1.50|59%|0.89|55%|42%|1.4
e51e5cb722bd47a8|Patrick Cummins|10|7|0|"6' 2"""|205 lbs.|"76"""|Orthodox|Nov 16, 1980|4.26|50%|3.35|55%|4.49|41%|28%|0.1
05e4be525cb3578c|Everett Cummings|12|0|0|No Stat|205 lbs.|No Stat|No Stat|No Stat|0.43|60%|4.34|45%|0.00|0%|0%|2.2
2f8f3c69522db931|Abel Cullum|20|6|0|"5' 7"""|139 lbs.|No Stat|Orthodox|Apr 21, 1987|1.82|40%|1.23|46%|4.01|52%|0%|2.8
4ba8d454f762005d|Zak Cummings|25|7|0|"6' 0"""|205 lbs.|"75"""|Southpaw|Aug 02, 1984|2.96|35%|2.91|55%|0.62|28%|66%|0.6
e59b13321562eed3|Chris Culley|20|15|0|No Stat|145 lbs.|No Stat|No Stat|Mar 25, 1986|0.00|0%|0.00|0%|0.00|0%|0%|0.0
3aeb69b4a13ff0e8|Emilio Cuellar|6|1|0|No Stat|125 lbs.|No Stat|No Stat|No Stat|0.00|0%|0.00|0%|0.00|0%|0%|0.0
0e46690e55a8df75|Timmy Cuamba|9|3|0|"5' 9"""|145 lbs.|"71"""|Orthodox|Feb 08, 1999|3.12|42%|4.30|58%|1.11|26%|80%|0.0
683ea28a198936fe|Jay Cucciniello|8|1|0|"5' 7"""|155 lbs.|No Stat|Orthodox|Jul 23, 1986|0.93|21%|4.73|36%|0.00|0%|71%|0.0
6751eacd16bd59bc|Josh Culibao|11|4|1|"5' 10"""|145 lbs.|"73"""|Orthodox|May 24, 1994|3.41|44%|3.04|59%|0.00|0%|65%|0.3
003d82fa384ca1d0|Aalon Cruz|8|4|0|"6' 0"""|145 lbs.|"78"""|Switch|Sep 20, 1989|7.58|39%|8.88|58%|0.00|0%|0%|0.0
10f3ba6cd2f44a97|Dominick Cruz|24|4|0|"5' 8"""|135 lbs.|"68"""|Orthodox|Mar 09, 1985|3.91|33%|2.61|70%|2.82|42%|83%|0.1
70e1f8a821b72c8b|Jimmy Crute|13|4|2|"6' 2"""|205 lbs.|"74"""|Orthodox|Mar 04, 1996|4.17|52%|3.68|42%|4.20|52%|58%|1.9
6aa1cbc1466e9a0b|Marcio Cruz|8|3|0|"6' 4"""|232 lbs.|No Stat|Orthodox|Apr 24, 1978|2.92|46%|1.51|68%|0.53|7%|37%|1.6
5f99b2bafb10305f|Daron Cruickshank|18|10|0|"5' 8"""|155 lbs.|"72"""|Switch|Jun 11, 1985|2.88|38%|2.98|57%|2.04|41%|60%|0.2
923767209632e08a|Ken Cross|11|3|0|"6' 0"""|155 lbs.|"72"""|Southpaw|Oct 04, 1994|2.20|57%|1.40|55%|1.00|12%|66%|0.0
22ee260735da0d58|Richard Crunkilton|19|4|0|"5' 7"""|155 lbs.|No Stat|Orthodox|Nov 25, 1979|1.72|41%|1.45|58%|4.08|61%|65%|1.3
98601a40e9d96047|Jeff Crotty|1|1|0|No Stat|155 lbs.|No Stat|No Stat|No Stat|0.93|35%|3.33|54%|5.00|38%|0%|1.0
4729c93ba705a3bf|Kiefer Crosbie|10|5|0|"5' 11"""|170 lbs.|"70"""|Switch|Apr 05, 1990|6.27|64%|4.97|54%|0.00|0%|0%|0.0
8944a0f9b2f0ce6d|Alex Crispin|0|1|0|No Stat|155 lbs.|No Stat|No Stat|No Stat|0.00|0%|0.00|0%|0.00|0%|0%|0.0
a8c3ce469cb8b130|Helena Crevar|0|0|0|No Stat|No Stat|No Stat|No Stat|No Stat|0.00|0%|0.00|0%|0.00|0%|0%|0.0
15dedd05f8bcb475|Alexander Crispim|8|6|0|No Stat|145 lbs.|No Stat|No Stat|No Stat|0.00|0%|0.00|0%|0.00|0%|0%|0.0
ed73c85164a5f5a4|Paul Creighton|3|1|0|"5' 6"""|155 lbs.|No Stat|Southpaw|Jun 04, 1970|0.72|75%|4.65|30%|5.37|37%|0%|0.0
89b8d1bf1ff09d1d|Tim Credeur|12|4|0|"6' 3"""|185 lbs.|"75"""|Orthodox|Jul 09, 1977|3.59|30%|3.13|57%|0.41|100%|50%|3.3
9c9455912d917e4e|Tristan Arenal|7|4|0|No Stat|155 lbs.|No Stat|No Stat|No Stat|0.00|0%|0.00|0%|0.00|0%|0%|0.0
35b3772629e27a49|Kevin Croom|21|15|0|"5' 11"""|135 lbs.|"73"""|Orthodox|Jul 15, 1987|2.65|34%|3.10|41%|0.48|5%|30%|0.5
87f8699fdcc2c404|Alice Ardelean|10|7|0|"5' 3"""|115 lbs.|"62"""|Orthodox|Apr 19, 1992|6.73|44%|5.04|57%|1.00|50%|87%|0.0
d25e39e74efb0a77|Art Arciniega|15|7|0|"5' 8"""|145 lbs.|No Stat|No Stat|Oct 15, 1981|1.53|46%|2.73|51%|0.00|0%|50%|1.0
1291edf2d566a71a|Julio Arce|19|6|0|"5' 7"""|145 lbs.|"70"""|Southpaw|Oct 27, 1989|4.36|36%|3.05|68%|0.46|28%|96%|0.3
a9d6e047ce48ab63|Allen Crowder|10|4|0|"6' 3"""|245 lbs.|"76"""|Orthodox|Nov 08, 1989|2.95|51%|2.95|56%|1.85|33%|100%|1.2
36541f1e6c5d4955|Viviane Araujo|13|7|0|"5' 4"""|125 lbs.|"68"""|Orthodox|Nov 21, 1986|3.84|47%|4.83|55%|1.72|43%|75%|0.6
dbea8c1cb327ab3d|Igor Araujo|25|9|0|"6' 1"""|170 lbs.|"77"""|Orthodox|Dec 06, 1980|1.52|42%|2.86|49%|0.86|15%|22%|0.6
73ef22f25d0f70e2|Romie Aram|7|1|0|"5' 10"""|170 lbs.|No Stat|Orthodox|Dec 02, 1977|1.80|35%|2.83|50%|2.50|62%|83%|0.0
71002dbc1743b9a7|Felipe Arantes|18|10|1|"5' 8"""|135 lbs.|"73"""|Orthodox|Feb 09, 1988|2.37|45%|2.66|64%|0.93|47%|41%|0.7
1ccff7f0cfdf85eb|Erik Apple|10|3|0|"6' 0"""|170 lbs.|No Stat|Orthodox|Aug 26, 1977|0.00|0%|0.54|81%|0.00|0%|0%|8.1
269d103c96a4c3a5|Kenji Arai|15|15|5|"5' 10"""|145 lbs.|No Stat|Southpaw|Oct 05, 1979|8.79|27%|10.29|39%|0.00|0%|0%|0.0
7d420039bbfe7c1a|Aoriqileng|25|12|0|"5' 7"""|135 lbs.|"69"""|Orthodox|Jun 25, 1993|4.65|49%|5.46|48%|1.20|46%|58%|0.0
0c1a04afca64e38f|Josh Appelt|15|7|0|"5' 10"""|255 lbs.|No Stat|Southpaw|Jun 19, 1983|1.35|40%|11.50|32%|0.00|0%|33%|0.0
031da10a00c8ccd4|Jin Aoi|14|6|1|"5' 6"""|145 lbs.|"68"""|Orthodox|Jan 21, 1997|1.60|29%|5.80|51%|0.00|0%|71%|0.0
4665f9f909cd7214|Shinsho Anzai|10|3|0|"5' 7"""|170 lbs.|"70"""|Orthodox|Dec 01, 1985|3.23|58%|3.75|45%|1.83|16%|75%|0.0
78d48d3874dacafd|Azunna Anyanwu|14|5|0|"6' 1"""|251 lbs.|No Stat|Orthodox|Aug 05, 1981|2.47|42%|2.47|69%|0.65|100%|0%|0.0
79ded75550efc139|Shinya Aoki|39|7|0|"5' 11"""|154 lbs.|No Stat|Southpaw|May 09, 1983|0.97|58%|1.25|58%|2.54|41%|60%|4.0
dbd198f780286aca|Angelo Antonio|1|4|0|No Stat|205 lbs.|No Stat|Orthodox|No Stat|1.09|50%|7.64|50%|0.00|0%|0%|0.0
cc49ada1ea955b13|Vanilto Antunes|16|7|0|"6' 0"""|170 lbs.|"72"""|Orthodox|Dec 28, 1994|5.49|48%|14.27|43%|0.00|0%|0%|0.0
d802174b0c0c1f4e|Magomed Ankalaev|21|1|1|"6' 3"""|205 lbs.|"75"""|Orthodox|Jun 02, 1992|3.66|52%|2.46|57%|0.80|22%|87%|0.0
25b31165758402dd|Adam Antolin|12|3|0|"5' 5"""|125 lbs.|"63"""|Orthodox|Feb 28, 1982|5.73|52%|5.00|69%|0.00|0%|100%|0.0
af997f7611673880|Gadzhimurad Antigulov|20|8|0|"5' 11"""|205 lbs.|"70"""|Orthodox|Feb 09, 1987|2.08|55%|4.21|40%|5.08|36%|0%|1.4
e06fd1260ac865a7|Yoji Anjo|0|5|1|"5' 11"""|205 lbs.|No Stat|Orthodox|Mar 28, 1967|0.00|0%|3.13|25%|0.00|0%|0%|0.0
c7c39e2fb70248b3|Chad Anheliger|13|8|0|"5' 6"""|135 lbs.|"64"""|Orthodox|Dec 01, 1986|3.11|46%|2.76|53%|0.68|30%|38%|0.5
047a91d3d9c79b05|Collin Anglin|8|3|0|"5' 9"""|145 lbs.|"71"""|Orthodox|Feb 20, 1993|4.59|48%|5.54|51%|2.28|66%|100%|0.0
e20ad078a7d63361|Julius Anglickas|5|1|0|"6' 3"""|205 lbs.|No Stat|Orthodox|Jul 23, 1991|4.62|78%|1.86|50%|4.47|50%|60%|1.1
d6a3e131ad4ba064|Angga|13|3|0|"5' 7"""|145 lbs.|"68"""|Orthodox|Jan 13, 1989|3.56|38%|3.77|53%|0.00|0%|33%|0.0
46e2ca71fd5089cb|Reese Andy|7|3|0|"6' 0"""|205 lbs.|No Stat|Orthodox|Mar 31, 1973|2.87|50%|3.50|58%|0.67|20%|40%|0.0
7977fb0fd9c5955d|Fellipe Andrew|0|0|0|No Stat|No Stat|No Stat|No Stat|Oct 24, 1994|0.00|0%|0.00|0%|0.00|0%|0%|0.0
00debc804e2b1cd4|Dylan Andrews|18|7|0|"6' 1"""|185 lbs.|"74"""|Switch|Nov 15, 1979|2.21|50%|2.72|46%|2.83|50%|57%|0.4
d221ee27afc7a60e|Viscardi Andrade|19|6|0|"5' 11"""|170 lbs.|"75"""|Orthodox|Mar 08, 1984|3.26|42%|2.77|63%|1.93|50%|66%|0.3
1fd9f744105024a8|Juan Andres Luna|12|1|0|"5' 7"""|125 lbs.|"72"""|Orthodox|Aug 20, 1995|3.27|31%|3.00|65%|0.00|0%|0%|0.0
9bad58fa651d6196|Jermaine Andre|14|4|0|"5' 7"""|200 lbs.|No Stat|Orthodox|No Stat|0.00|0%|0.00|0%|0.00|0%|0%|0.0
1562b12763cc8d67|Alex Andrade|10|5|0|"5' 11"""|200 lbs.|No Stat|Orthodox|May 14, 1974|0.20|36%|2.60|53%|0.00|0%|25%|0.8
17615148dd4be6f6|Tatsuya Ando|14|4|1|"5' 4"""|145 lbs.|"68"""|Southpaw|Apr 26, 1990|0.93|19%|4.93|50%|0.00|0%|0%|0.0
6a1901c62ab3870f|Jessica Andrade|26|14|0|"5' 1"""|115 lbs.|"62"""|Orthodox|Sep 25, 1991|6.39|50%|5.49|54%|2.21|54%|71%|0.3
b03a0c78ca45facf|Liam Anderson|6|3|0|"6' 3"""|185 lbs.|"75"""|Orthodox|Jan 13, 1995|3.00|52%|6.53|31%|1.00|20%|50%|0.0
a0e75f4a13eb73f1|Megan Anderson|11|5|0|"6' 0"""|145 lbs.|"72"""|Orthodox|Feb 11, 1990|1.76|46%|3.35|37%|0.52|25%|53%|0.5
19ba965651486013|Derek Anderson|14|3|0|"6' 0"""|155 lbs.|No Stat|No Stat|Feb 02, 1990|3.97|37%|3.08|61%|0.34|14%|60%|0.0
5e4eec08896c9423|Corey Anderson|14|5|0|"6' 3"""|205 lbs.|"79"""|Orthodox|Sep 22, 1989|4.43|46%|2.22|59%|4.89|50%|83%|0.0
1ffc38f67785797b|Lowell Anderson|0|1|0|"5' 6"""|160 lbs.|No Stat|Orthodox|No Stat|0.00|0%|0.00|0%|0.00|0%|0%|0.0
8a70ceb3edbe757b|Andrew Craig|9|4|0|"6' 1"""|170 lbs.|"76"""|Orthodox|Jan 15, 1986|2.39|40%|3.01|50%|0.53|37%|72%|0.0
15ec018d144710db|Nathan Coy|15|7|0|"5' 10"""|170 lbs.|"69"""|Southpaw|Jul 24, 1978|3.88|52%|2.40|61%|3.17|47%|50%|0.0
480b702debcb5433|Dan Cramer|11|4|0|"6' 2"""|170 lbs.|No Stat|Orthodox|Oct 31, 1985|0.97|30%|2.10|31%|0.00|0%|66%|0.5
c9bbf1a0285a8076|Jeff Cox|10|7|0|"5' 10"""|155 lbs.|No Stat|Orthodox|Aug 02, 1968|0.56|25%|1.69|33%|4.23|50%|80%|0.0
eabf206b162b3b83|Paul Craig|17|9|1|"6' 3"""|205 lbs.|"76"""|Orthodox|Nov 27, 1987|2.54|45%|3.00|43%|1.47|19%|35%|1.4
3c26c420584d912d|Hailey Cowan|7|4|0|"5' 8"""|135 lbs.|"67"""|Southpaw|Feb 12, 1992|2.50|42%|2.79|33%|1.63|36%|80%|0.0
400c7b43c86d27d3|Nikk Covert|3|4|0|"5' 8"""|185 lbs.|No Stat|No Stat|Aug 04, 1969|0.00|0%|0.00|0%|0.00|0%|0%|0.0
dc9572dd6ec74859|Colby Covington|17|5|0|"5' 11"""|170 lbs.|"72"""|Orthodox|Feb 22, 1988|3.81|38%|3.09|54%|3.64|42%|68%|0.2
46fd223e3ced39b3|Ryan Couture|11|5|0|"5' 10"""|155 lbs.|"73"""|Orthodox|Aug 27, 1982|3.54|45%|2.87|54%|1.55|29%|46%|1.3
84c43f0d25f15b0b|Kim Couture|3|8|0|"5' 8"""|135 lbs.|No Stat|Orthodox|Dec 18, 1975|12.12|80%|2.31|69%|0.00|0%|0%|0.0
79ab17db3b40831a|Dave Courchaine|20|7|0|"5' 8"""|170 lbs.|No Stat|No Stat|No Stat|0.00|0%|0.00|0%|0.00|0%|0%|0.0
8112c9a23dccc759|JR Coughran|4|1|0|"5' 6"""|145 lbs.|No Stat|Orthodox|May 17, 1994|12.29|57%|6.80|45%|0.00|0%|75%|0.0
d1528ac5675558b1|Rashad Coulter|9|4|0|"5' 11"""|205 lbs.|"76"""|Orthodox|Nov 27, 1981|4.82|56%|6.68|50%|0.00|0%|62%|0.0
0aa92558424ced9e|Randy Couture|19|11|0|"6' 1"""|205 lbs.|"75"""|Orthodox|Jun 22, 1963|2.85|57%|1.53|59%|2.78|46%|58%|0.5
20bccc9bb4ceb23e|Melquizael Costa|24|7|0|"5' 10"""|145 lbs.|"71"""|Southpaw|Sep 14, 1996|4.44|49%|3.09|54%|1.96|38%|58%|1.2
3ec1e4ba98c9c85a|JC Cottrell|17|5|0|"5' 9"""|155 lbs.|No Stat|Orthodox|Nov 04, 1989|0.79|25%|2.75|45%|0.79|100%|50%|0.0
f584a6e0b5b74604|Oscar Cota|11|3|0|"6' 0"""|230 lbs.|"72"""|Orthodox|Oct 15, 1984|0.33|41%|2.47|41%|0.00|0%|60%|1.0
c41cbb5bf944ca54|Vitor Costa|8|1|0|No Stat|185 lbs.|No Stat|No Stat|Sep 19, 2000|0.00|0%|0.00|0%|0.00|0%|0%|0.0
9fa3bd637edd9aa2|Patrick Cote|23|11|0|"5' 11"""|170 lbs.|"75"""|Orthodox|Feb 29, 1980|2.81|48%|3.21|48%|0.68|20%|43%|0.2
3fa97913cfd205d3|Alessandro Costa|14|4|0|"5' 4"""|125 lbs.|"67"""|Orthodox|Jan 28, 1996|4.14|47%|3.50|57%|0.27|12%|90%|0.0
325ad0dd9126d3df|Randy Costa|6|4|0|"5' 9"""|135 lbs.|"73"""|Switch|Jul 06, 1994|6.53|46%|7.58|58%|0.00|0%|50%|0.0
28877eddb1c0b967|Guilherme Costa|7|1|0|No Stat|155 lbs.|No Stat|No Stat|No Stat|0.00|0%|0.00|0%|0.00|0%|0%|0.0
222d6b547de2e035|Jadson Costa|22|8|0|"5' 7"""|155 lbs.|No Stat|Orthodox|No Stat|0.20|50%|3.05|50%|0.00|0%|0%|0.0
2e5c2aa8e4ab9d82|Paulo Costa|15|4|0|"6' 1"""|185 lbs.|"72"""|Orthodox|Apr 21, 1991|6.26|58%|6.20|49%|0.32|50%|80%|0.0
d150c6fbdb7687f4|Miguel Cosio|1|13|0|"6' 4"""|205 lbs.|No Stat|No Stat|No Stat|0.00|0%|0.00|0%|0.00|0%|0%|0.0
afe8d5b39ff7fca2|Louis Cosce|7|2|0|"5' 9"""|170 lbs.|"71"""|Orthodox|Aug 27, 1995|4.31|45%|5.35|47%|1.04|20%|50%|0.5
1a7d44196949577c|Reyes Cortez Jr.|7|3|0|"5' 7"""|135 lbs.|"68"""|Orthodox|Jul 31, 1992|4.10|45%|7.43|52%|1.50|11%|100%|0.0
2c010b26a3306969|Orion Cosce|8|2|0|"5' 11"""|170 lbs.|"71"""|Switch|Jul 15, 1994|2.77|53%|4.02|44%|1.92|40%|61%|0.0
68d4a891e5cf2029|Tracy Cortez|12|2|0|"5' 5"""|125 lbs.|"65"""|Orthodox|Dec 10, 1993|3.79|49%|2.84|57%|2.19|47%|62%|0.3
1267b631db78665a|Chad Corvin|5|0|0|"6' 5"""|255 lbs.|No Stat|No Stat|No Stat|0.00|0%|0.00|0%|0.00|0%|0%|0.0
7cb0946d51b8cde7|Henry Corrales|13|3|0|"5' 9"""|145 lbs.|No Stat|No Stat|No Stat|4.12|41%|5.84|55%|0.00|0%|69%|0.0
fc08099550072fe4|Waldo Cortes-Acosta|14|1|0|"6' 4"""|260 lbs.|"78"""|Orthodox|Oct 03, 1991|5.98|48%|3.43|55%|0.42|50%|66%|0.1
673ea7dcc786b1b3|Bethe Correia|11|6|1|"5' 5"""|135 lbs.|"64"""|Orthodox|Jun 22, 1983|4.37|43%|4.93|56%|0.39|18%|85%|0.0
f2b3f4ef3f780168|Nora Cornolle|9|3|0|"5' 7"""|135 lbs.|"67"""|Orthodox|Dec 06, 1989|3.07|54%|1.91|62%|0.33|11%|50%|0.3
4e9fb05d7e5e61b8|Wesley Correira|20|16|0|"6' 3"""|260 lbs.|No Stat|Orthodox|Nov 11, 1978|2.60|36%|8.80|40%|0.00|0%|90%|0.0
fe67cd6423f7a8ad|Clint Coronel|2|5|0|No Stat|155 lbs.|No Stat|No Stat|No Stat|4.93|32%|5.60|66%|0.00|0%|66%|0.0
5e9ca8dd7d783a75|Alden Coria|10|3|0|No Stat|125 lbs.|No Stat|No Stat|Apr 24, 1998|0.00|0%|0.00|0%|0.00|0%|0%|0.0
d967f0128c323de6|Daniel Cormier|22|3|0|"5' 11"""|235 lbs.|"72"""|Orthodox|Mar 20, 1979|4.25|52%|2.92|54%|1.83|44%|80%|0.4
1f9344211ca7fd60|Muhsin Corbbrey|17|9|0|"5' 10"""|155 lbs.|No Stat|Orthodox|May 18, 1978|2.02|34%|5.41|53%|0.00|0%|80%|0.4
3aa794cbe1e3484b|Josh Copeland|12|4|0|"6' 1"""|265 lbs.|No Stat|Orthodox|Oct 20, 1982|1.03|31%|3.01|55%|0.00|0%|57%|0.0
2b91eff985b532cd|Michael Cora|4|1|0|"6' 1"""|170 lbs.|"77"""|Southpaw|Aug 24, 1989|0.80|28%|0.13|66%|0.00|0%|25%|0.0
8c8c92a12621d7e0|Chris Cope|8|4|0|"6' 0"""|170 lbs.|"72"""|Orthodox|Mar 05, 1983|3.96|26%|4.82|50%|0.00|0%|80%|0.0
d4a31850a7457f1b|Amanda Cooper|3|5|0|"5' 3"""|115 lbs.|"64"""|Switch|Oct 22, 1991|3.55|44%|3.20|51%|1.53|38%|28%|1.8
1b51895e5572cfda|Bobby Cooper|12|7|0|"6' 1"""|155 lbs.|No Stat|No Stat|No Stat|2.87|25%|3.40|59%|0.00|0%|40%|1.0
9199e0735b83dd32|Andy Anderson|0|1|0|"5' 6"""|240 lbs.|No Stat|No Stat|Jul 16, 1974|0.00|0%|0.00|0%|0.00|0%|0%|0.0
8738eacd62e82a32|Matt Andersen|14|8|1|"6' 2"""|230 lbs.|No Stat|Southpaw|May 29, 1971|0.00|0%|0.00|0%|0.00|0%|0%|0.0
23a8c33869bf5392|Karl Amoussou|27|7|2|"5' 11"""|185 lbs.|No Stat|Orthodox|Nov 21, 1985|1.47|34%|2.67|54%|0.00|0%|25%|1.0
cad24459b28592ca|Eryk Anders|17|8|0|"6' 1"""|185 lbs.|"75"""|Southpaw|Apr 21, 1987|3.54|48%|4.05|50%|1.71|24%|80%|0.1
ce47f49e5c386a9c|Kit Cope|6|7|0|"6' 0"""|170 lbs.|No Stat|Orthodox|Mar 17, 1977|1.18|52%|2.12|35%|0.00|0%|50%|3.5
3f52ce18fb98008f|Akira Corassani|12|6|0|"5' 8"""|145 lbs.|"68"""|Orthodox|Aug 27, 1982|3.25|45%|4.91|50%|0.70|28%|86%|0.0
53adf5b845d91e4a|Bertrand Amoussou|1|1|0|"5' 8"""|190 lbs.|No Stat|Orthodox|No Stat|6.75|39%|2.01|83%|0.00|0%|0%|0.0
bc7d1ad49fcb2d08|Jaqueline Amorim|10|1|0|"5' 3"""|115 lbs.|"68"""|Orthodox|Jun 24, 1995|2.68|53%|1.43|64%|2.22|37%|0%|4.8
87a1dc546b1c5caf|Makwan Amirkhani|17|9|0|"5' 10"""|145 lbs.|"72"""|Southpaw|Nov 08, 1988|1.33|44%|2.98|46%|3.96|43%|35%|1.1
6c40705cf6c0d7e2|Hamid Amiri|9|0|0|No Stat|145 lbs.|No Stat|No Stat|Jun 15, 2003|0.00|0%|0.00|0%|0.00|0%|0%|0.0
41cc71cbf210e0fe|Hyder Amil|11|1|0|"5' 9"""|145 lbs.|"70"""|Switch|May 28, 1990|6.84|57%|4.18|51%|0.77|20%|81%|1.2
70fa1c64a2c439ef|Alen Amedovski|8|4|0|"5' 10"""|185 lbs.|"74"""|Orthodox|Apr 06, 1988|0.99|30%|3.85|46%|0.00|0%|0%|0.0
d562b12b8fe88336|JJ Ambrose|28|7|0|"5' 10"""|170 lbs.|No Stat|Orthodox|No Stat|3.16|69%|6.32|33%|0.00|0%|50%|0.0
ee0b69e307c857e5|Chris Amarante|2|0|0|No Stat|185 lbs.|No Stat|No Stat|No Stat|0.00|0%|0.00|0%|0.00|0%|0%|0.0
c912f676692c353a|Jimmy Ambriz|17|21|1|"6' 2"""|315 lbs.|No Stat|Southpaw|Jan 26, 1970|0.83|29%|3.76|40%|3.13|57%|100%|0.8
247fbbfafea60bb1|Maiara Amanajas dos Santos|7|3|0|"5' 5"""|115 lbs.|No Stat|Southpaw|Jul 11, 1987|5.53|35%|24.47|33%|0.00|0%|100%|0.0
1e327b281ef6a745|Adlan Amagov|14|2|1|"6' 2"""|170 lbs.|"76"""|Orthodox|Oct 30, 1986|3.29|47%|0.82|78%|5.84|56%|100%|0.0
20821819c401ced8|Andre Amado|6|4|1|"6' 0"""|154 lbs.|No Stat|Orthodox|No Stat|2.27|24%|5.91|63%|0.00|0%|20%|0.0
86c1441676af2c73|Mahamed Aly|4|0|0|No Stat|205 lbs.|No Stat|No Stat|Jan 11, 1994|0.00|0%|0.00|0%|0.00|0%|0%|0.0
029afd138865d20a|Rafael Alves|20|12|0|"5' 8"""|155 lbs.|"68"""|Orthodox|Nov 14, 1990|1.85|48%|3.30|58%|0.29|25%|44%|1.5
d156513a19acf856|Sam Alvey|33|18|1|"6' 2"""|185 lbs.|"75"""|Southpaw|May 06, 1986|3.28|44%|3.63|52%|0.06|14%|82%|0.1
bd92cf5da5413d2a|Anthony Alves|1|4|0|No Stat|No Stat|No Stat|No Stat|No Stat|0.00|0%|0.00|0%|0.00|0%|0%|0.0
58bbef3770bb2dfc|Joel Alvarez|22|3|0|"6' 3"""|155 lbs.|"77"""|Orthodox|Mar 02, 1993|4.51|53%|3.32|50%|0.00|0%|40%|1.2
33a331684283900f|Eddie Alvarez|29|6|0|"5' 9"""|155 lbs.|"69"""|Orthodox|Jan 11, 1984|4.32|41%|4.39|55%|2.92|36%|92%|0.5
d317a5e2b3f88c5f|Warlley Alves|15|8|0|"5' 11"""|185 lbs.|"72"""|Orthodox|Jan 04, 1991|3.04|48%|3.95|50%|1.22|50%|62%|0.8
dc5a6b2fdb27e7dc|Amilcar Alves|15|12|0|"6' 0"""|170 lbs.|No Stat|Southpaw|Aug 08, 1988|0.50|46%|2.02|30%|0.00|0%|53%|0.0
4438482bd1d5a029|Jaime Alvarez|6|1|0|"5' 8"""|125 lbs.|"69"""|Orthodox|Mar 08, 1988|2.73|40%|4.53|56%|1.00|33%|50%|0.0
430c533614d45813|Patricia Alujas|9|3|0|"5' 4"""|115 lbs.|"64"""|Orthodox|May 08, 1996|5.83|31%|9.25|44%|0.00|0%|0%|0.0
c11036da9162cb5f|Mike Altman|1|4|0|"5' 10"""|185 lbs.|No Stat|Orthodox|No Stat|1.56|20%|2.08|75%|0.00|0%|0%|0.0
e741536153227386|Sean Alvarez|4|3|0|"6' 0"""|235 lbs.|No Stat|Orthodox|Jul 14, 1971|0.89|37%|3.25|47%|0.00|0%|0%|0.0
31ee470ef5dc8d7f|Thiago Alves|23|15|0|"5' 9"""|170 lbs.|"70"""|Orthodox|Oct 03, 1983|3.73|41%|3.42|62%|0.71|60%|63%|0.3
49b130de1da2e1bf|Sarah Alpar|9|6|0|"5' 4"""|135 lbs.|"63"""|Southpaw|Jun 01, 1991|2.36|44%|6.06|38%|1.61|26%|20%|0.4
e87a13e02c01331d|Ali AlQaisi|8|5|0|"5' 6"""|135 lbs.|"68"""|Orthodox|Sep 23, 1990|2.43|42%|1.97|56%|3.50|29%|60%|1.0
c61b49cec6abd6b9|Rico Altamirano|4|3|0|"5' 10"""|170 lbs.|No Stat|No Stat|No Stat|0.00|0%|0.00|0%|0.00|0%|0%|0.0
dc7927cd622676a7|Victor Altamirano|12|5|0|"5' 8"""|125 lbs.|"70"""|Switch|Jan 23, 1991|4.58|53%|3.82|53%|2.88|38%|63%|0.0
c6bf75775b278ed8|Mauricio Alonso|13|7|0|"6' 2"""|170 lbs.|No Stat|No Stat|Feb 27, 1980|5.74|34%|1.91|67%|0.00|0%|0%|0.0
64d47ef881a437a4|Cesar Almeida|7|1|0|"6' 1"""|185 lbs.|"74"""|Orthodox|Mar 28, 1988|4.16|58%|2.32|48%|0.00|0%|60%|0.3
710f0f8c5d5c9d41|Lucas Almeida|15|4|0|"5' 11"""|145 lbs.|"71"""|Orthodox|Jan 31, 1991|4.94|39%|5.04|44%|0.00|0%|53%|0.0
41e83a89929d1327|Jailton Almeida|22|3|0|"6' 3"""|205 lbs.|"79"""|Orthodox|Jun 26, 1991|2.62|65%|0.89|41%|6.58|60%|60%|2.4
f16ddfa31236efed|Estefani Almeida|7|3|0|"5' 4"""|125 lbs.|No Stat|Orthodox|Oct 17, 1988|3.13|37%|6.07|42%|0.00|0%|0%|0.0
88ffe9745e218dd8|Brett Cooper|23|12|0|"6' 0"""|170 lbs.|No Stat|Orthodox|Jul 02, 1987|0.00|0%|0.00|0%|0.00|0%|0%|0.0
3ab0df1ddd5f1dc2|Mike Cook|13|13|0|"6' 1"""|205 lbs.|No Stat|Orthodox|No Stat|1.72|49%|2.40|46%|1.03|33%|55%|2.1
1c061eb6e29eaa0a|Bob Cook|5|0|0|"5' 9"""|170 lbs.|No Stat|Orthodox|No Stat|0.00|0%|0.00|0%|0.00|0%|0%|0.0
fa238ecfd048f7d8|TJ Cook|13|5|0|No Stat|205 lbs.|No Stat|No Stat|Sep 08, 1982|2.30|47%|3.18|54%|1.01|50%|0%|0.0
5efaaf313b652dd7|Dewey Cooper|2|1|0|No Stat|205 lbs.|No Stat|No Stat|No Stat|0.00|0%|0.00|0%|0.00|0%|0%|0.0
e6daf9cdbf0da889|Chad Cook|10|12|0|"6' 2"""|205 lbs.|No Stat|No Stat|Nov 07, 1979|0.00|0%|0.00|0%|0.00|0%|0%|0.0
18f5669a92e99d92|Jeremiah Constant|11|8|0|"6' 1"""|240 lbs.|No Stat|Orthodox|Jul 19, 1974|1.50|75%|3.25|43%|0.00|0%|0%|7.5
06d4eb8123087123|Jonathan Contrestano|6|0|0|No Stat|155 lbs.|No Stat|No Stat|No Stat|0.00|0%|0.00|0%|0.00|0%|0%|0.0
2ebfbe72ed703925|Tristan Connelly|14|8|0|"5' 10"""|145 lbs.|"68"""|Orthodox|Dec 12, 1985|3.31|51%|2.96|50%|0.33|14%|60%|0.3
c44530d3969134a3|Jack Congdon|7|1|0|No Stat|170 lbs.|No Stat|No Stat|No Stat|0.00|0%|0.00|0%|0.00|0%|0%|0.0
d450769115a193c2|Marcos Conrado Jr.|5|1|0|"6' 2"""|220 lbs.|No Stat|Orthodox|Mar 14, 1982|1.60|34%|9.69|35%|1.84|14%|0%|0.0
41e77dc504a192c6|Chris Condo|0|1|0|"6' 0"""|335 lbs.|No Stat|Orthodox|No Stat|0.00|0%|0.00|0%|0.00|0%|0%|0.0
b4ebc1539a08054b|Roque Conceicao|10|2|0|No Stat|125 lbs.|No Stat|No Stat|Oct 27, 1999|0.00|0%|0.00|0%|0.00|0%|0%|0.0
a85998eb79650b2c|Wes Combs|20|6|0|"6' 2"""|205 lbs.|No Stat|Orthodox|Jun 18, 1973|2.14|48%|4.73|45%|0.00|0%|0%|0.0
a76c07e8e4c76e9a|Rose Conceicao|7|1|0|"4' 7"""|115 lbs.|"65"""|Orthodox|May 13, 1997|3.07|28%|6.73|60%|0.00|0%|0%|0.0
f9f07bb5a43535ed|Carlos Condit|32|14|0|"6' 2"""|170 lbs.|"75"""|Orthodox|Apr 26, 1984|3.66|39%|2.67|55%|0.59|46%|38%|1.0
dfc7f0a2d91ad337|Willian Colorado|11|1|0|"5' 10"""|135 lbs.|"72"""|No Stat|Jun 21, 1986|0.00|0%|0.00|0%|0.00|0%|0%|0.0
9123c54d0a2b72dd|Christian Colombo|8|3|1|"6' 5"""|265 lbs.|No Stat|Orthodox|Jul 01, 1980|2.76|44%|4.02|42%|0.00|0%|33%|0.0
92fa1401b7927da3|Jake Collier|13|10|0|"6' 3"""|230 lbs.|"78"""|Orthodox|Oct 25, 1988|5.80|44%|5.08|50%|0.71|33%|67%|0.6
6b64db453edf4c50|Jamie Colleen|4|1|0|"5' 3"""|115 lbs.|"65"""|Orthodox|Nov 02, 1985|3.11|61%|5.66|33%|0.52|33%|50%|1.6
cc900c6a71ed23f3|Clay Collard|14|7|0|"5' 11"""|145 lbs.|"73"""|Orthodox|Mar 10, 1993|4.22|32%|5.00|50%|2.81|39%|71%|0.5
ffb20ae0db47ebe6|Cortez Coleman|13|8|0|"6' 1"""|185 lbs.|No Stat|No Stat|Jan 28, 1982|0.00|0%|0.00|0%|0.00|0%|0%|0.0
21b8a0f5c231096f|Mark Coleman|16|10|0|"6' 1"""|205 lbs.|"75"""|Orthodox|Dec 20, 1964|1.88|52%|2.62|40%|3.89|40%|50%|0.8
1174782eacde9b0c|Devin Cole|20|10|1|"6' 4"""|240 lbs.|No Stat|Orthodox|Oct 01, 1976|3.50|55%|2.14|48%|2.18|42%|66%|0.0
5d8a9c95af50280a|Chandler Cole|10|4|0|"5' 10"""|264 lbs.|"72"""|Orthodox|Jan 09, 1995|2.45|60%|3.59|26%|0.00|0%|0%|0.0
cecd72feb0d640e3|Coltin Cole|4|5|0|No Stat|185 lbs.|No Stat|No Stat|Apr 24, 1989|0.00|0%|0.00|0%|0.00|0%|0%|0.0
987b80f57190d6d0|Ivan Cole|2|3|0|"5' 9"""|135 lbs.|No Stat|No Stat|Nov 30, 1990|2.68|36%|4.69|46%|0.00|0%|0%|0.0
a0c29b13f7a5df32|Chris Coggins|7|10|0|No Stat|No Stat|No Stat|No Stat|No Stat|0.00|0%|0.00|0%|0.00|0%|0%|0.0
dbac0a413af64bbe|Felipe Colares|10|4|0|"5' 8"""|145 lbs.|"69"""|Orthodox|Mar 31, 1994|2.17|45%|4.65|36%|1.88|24%|43%|0.5
8b260672a21d1fd6|John Cofer|8|4|0|"5' 9"""|155 lbs.|No Stat|Southpaw|Apr 29, 1984|2.73|41%|3.43|62%|1.22|50%|64%|0.0
2eab7a6c8b0ed8cc|Wayne Cole|16|25|0|"6' 1"""|205 lbs.|No Stat|Orthodox|No Stat|0.57|20%|8.33|27%|4.31|25%|0%|4.3
d615d6a10a4704cd|Magno Almeida|10|3|0|"6' 0"""|155 lbs.|No Stat|No Stat|Jun 06, 1985|1.67|36%|2.60|41%|0.00|0%|40%|5.0
67a992d4cff22466|Ericka Almeida|7|3|0|"5' 6"""|115 lbs.|No Stat|Orthodox|Mar 05, 1989|1.07|39%|3.33|43%|0.50|33%|37%|0.0
91186547a7f3f758|Ricardo Almeida|13|5|0|"6' 0"""|170 lbs.|"74"""|Orthodox|Nov 29, 1976|2.02|49%|1.20|61%|3.74|38%|31%|1.2
2b074403b7c6cdb4|Thomas Almeida|22|5|0|"5' 7"""|145 lbs.|"70"""|Southpaw|Jul 31, 1991|4.84|43%|4.93|61%|0.17|14%|75%|0.0
088aa1b19b2dc14a|John Dave Almanza|6|1|0|"5' 7"""|125 lbs.|"67"""|Southpaw|Mar 22, 2004|1.92|41%|5.75|27%|0.00|0%|0%|0.0
a4dc0f2b95df4cc1|Bekzat Almakhan|12|2|0|"5' 7"""|135 lbs.|"68"""|Orthodox|Oct 08, 1997|0.68|40%|4.29|32%|0.00|0%|0%|0.0
8d3273573b85be09|Asu Almabayev|22|3|0|"5' 4"""|125 lbs.|"65"""|Orthodox|Jan 25, 1994|2.16|54%|1.75|52%|4.66|43%|50%|1.5
c4fe2e9a06ea5bcb|Ben Alloway|18|8|0|"5' 11"""|170 lbs.|"76"""|Orthodox|Feb 19, 1981|1.28|49%|1.90|59%|0.62|50%|26%|0.0
adf9a901308fb8e3|Daniel Allen|5|0|0|"6' 0"""|155 lbs.|"75"""|Southpaw|Aug 10, 1992|7.60|51%|5.87|53%|2.00|66%|100%|0.0
040a74bb0a465c54|Arnold Allen|20|3|0|"5' 8"""|145 lbs.|"70"""|Southpaw|Jan 22, 1994|3.45|41%|2.88|61%|0.93|47%|75%|0.3
6ebe96a116e79e52|John Allan|13|7|0|"6' 1"""|205 lbs.|"75"""|Orthodox|Feb 22, 1993|3.56|42%|5.74|52%|1.40|71%|50%|0.8
2f181c0467965b98|Brendan Allen|25|7|0|"6' 2"""|185 lbs.|"75"""|Orthodox|Dec 28, 1995|3.85|53%|3.96|47%|1.65|41%|56%|1.2
1e13936d708bcff7|George Allen|13|19|2|"6' 2"""|205 lbs.|No Stat|Open Stance|Jan 13, 1967|0.80|38%|3.10|43%|0.00|0%|50%|0.0
e70de1859b7ee78e|Sultan Aliev|15|3|0|"5' 11"""|170 lbs.|"74"""|Orthodox|Sep 17, 1984|1.41|45%|2.20|56%|1.76|38%|100%|0.0
ca28cdf526d6b6e9|Nurullo Aliev|10|0|0|"5' 10"""|155 lbs.|"72"""|Orthodox|Dec 08, 2000|2.43|45%|1.07|58%|2.60|54%|0%|0.0
b07aed698fba8624|Ikram Aliskerov|16|2|0|"6' 0"""|185 lbs.|"76"""|Southpaw|Dec 07, 1992|7.76|62%|5.78|41%|1.14|33%|100%|1.1
6db394bf6c3b017c|Leon Aliu|10|2|0|"6' 0"""|185 lbs.|"74"""|Orthodox|Jul 14, 1989|6.32|50%|10.11|38%|0.00|0%|0%|0.0
41b34b7f11f6d085|Levi Alford|1|7|0|No Stat|No Stat|No Stat|No Stat|No Stat|0.00|0%|0.00|0%|0.00|0%|0%|0.0
e17770faae3ca54c|Amir Aliakbari|10|1|0|"6' 3"""|250 lbs.|No Stat|No Stat|Jun 10, 1984|0.00|0%|0.00|0%|0.00|0%|0%|0.0
669a3cb6e394f515|Royce Alger|3|2|0|"5' 10"""|199 lbs.|No Stat|Orthodox|No Stat|0.00|0%|0.00|0%|0.00|0%|0%|0.0
9abc648e76c4493a|Bill Algeo|18|9|0|"6' 0"""|145 lbs.|"73"""|Switch|Jun 09, 1989|5.88|51%|4.38|47%|1.03|50%|55%|0.1
b757c73f443d4fca|Olaf Alfonso|8|12|0|"6' 2"""|170 lbs.|No Stat|Orthodox|Aug 06, 1974|1.65|38%|4.77|53%|0.37|7%|22%|0.7
11583163f45c7b31|Lucas Alexander|8|5|0|"5' 11"""|145 lbs.|"73"""|Orthodox|Jul 28, 1995|4.69|57%|2.87|56%|0.00|0%|60%|0.0
d53482bef23235ba|Marcio Alexandre Junior|17|4|0|"6' 0"""|185 lbs.|"75"""|Southpaw|May 05, 1989|1.61|45%|2.89|42%|0.35|20%|66%|0.7
8fd76e1b49c00ae2|Kenneth Alexander|7|6|0|"5' 9"""|155 lbs.|No Stat|Orthodox|Sep 25, 1977|0.88|19%|2.20|66%|4.71|26%|0%|0.0
4b37a0bc2ab4cae1|Pablo Alfonso|9|7|0|"5' 8"""|145 lbs.|No Stat|No Stat|May 09, 1983|0.00|0%|0.00|0%|0.00|0%|0%|0.0
fe5a9547479396ab|Jim Alers|13|3|0|"5' 9"""|145 lbs.|"71"""|Orthodox|Oct 14, 1986|2.90|40%|4.38|56%|2.26|41%|80%|0.3
0541480fbf719d86|Houston Alexander|17|15|1|"6' 0"""|205 lbs.|"72"""|Orthodox|Mar 22, 1972|3.06|54%|3.20|52%|1.19|57%|33%|0.0
7a15f3694c5cbc02|John Alessio|35|17|0|"5' 10"""|155 lbs.|"72"""|Orthodox|Jul 05, 1979|2.10|39%|2.91|54%|1.85|38%|70%|1.2
103e2e33a60683e1|Irina Alekseeva|5|3|0|"5' 8"""|135 lbs.|"67"""|Orthodox|Jun 27, 1990|4.01|39%|5.03|46%|0.47|20%|66%|0.5
d35298b6df168456|Talita Alencar|6|1|1|"5' 1"""|115 lbs.|"58"""|Orthodox|Oct 17, 1990|2.62|33%|3.77|53%|2.50|20%|50%|0.2
6fd953151d981979|JJ Aldrich|14|7|0|"5' 5"""|125 lbs.|"67"""|Southpaw|Sep 29, 1992|3.96|47%|4.32|61%|0.75|26%|67%|0.0
7460ddef986d3144|Jose Alday|14|6|1|"5' 7"""|135 lbs.|"68"""|Orthodox|Sep 14, 1991|3.13|44%|3.13|58%|0.00|0%|57%|0.0
c487223b0289bda9|Hector Aldana|4|3|0|"5' 11"""|170 lbs.|"72"""|Orthodox|Aug 17, 1988|3.59|38%|5.08|59%|0.93|100%|0%|0.0
d26934530dc5b248|Gilbert Aldana|6|2|0|"6' 1"""|250 lbs.|No Stat|Orthodox|Aug 25, 1977|2.91|54%|6.26|26%|2.57|40%|33%|0.0
d0f3959b4a9747e6|Jose Aldo|32|10|0|"5' 7"""|135 lbs.|"70"""|Orthodox|Sep 09, 1986|3.65|46%|3.81|60%|0.47|51%|92%|0.1
1e38bba6738b7b10|Alfonso Alcarez|1|3|1|"5' 3"""|145 lbs.|No Stat|No Stat|Jun 10, 1970|0.00|0%|0.00|0%|0.00|0%|0%|0.0
578ef12674df1e6a|Irene Aldana|15|8|0|"5' 9"""|135 lbs.|"68"""|Orthodox|Mar 26, 1988|5.19|39%|6.64|56%|0.15|50%|77%|0.2
7c6e87729e824ef4|Ildemar Alcantara|21|11|0|"6' 2"""|185 lbs.|"78"""|Orthodox|Nov 18, 1982|1.93|38%|2.63|50%|2.00|68%|81%|0.9
e90d9d0681270953|Marc Cofer|7|5|0|No Stat|185 lbs.|No Stat|No Stat|Mar 03, 1972|0.00|0%|0.00|0%|0.00|0%|0%|0.0
39f62b833e4cf126|Juan Alcain|1|2|0|No Stat|No Stat|No Stat|No Stat|No Stat|0.00|0%|0.00|0%|0.00|0%|0%|0.0
2f95a3c6d58b2aad|Iuri Alcantara|35|10|0|"5' 9"""|135 lbs.|"71"""|Southpaw|Aug 04, 1980|2.72|45%|2.79|49%|1.44|62%|60%|0.8
6dbb1107de9a4a08|Dave Cochran|26|29|1|"5' 6"""|155 lbs.|No Stat|No Stat|May 10, 1973|0.00|0%|0.00|0%|0.00|0%|0%|0.0
0b77a05bcbd2de74|Marloes Coenen|23|8|0|"5' 9"""|145 lbs.|"67"""|No Stat|Mar 31, 1981|2.15|51%|1.90|67%|0.82|30%|41%|2.5
dc6d8256ee3dfba5|Darryl Cobb|6|8|0|"5' 9"""|185 lbs.|No Stat|No Stat|Aug 04, 1980|0.00|0%|0.00|0%|0.00|0%|0%|0.0
3138fab619faf4d1|Brian Cobb|20|9|0|"5' 11"""|155 lbs.|No Stat|Orthodox|No Stat|0.00|0%|3.68|55%|5.81|50%|0%|0.0
8fa7e0bc052185ce|Dakota Cochrane|29|12|0|"5' 8"""|155 lbs.|No Stat|No Stat|May 01, 1986|2.66|75%|2.66|30%|4.43|33%|0%|0.0
60098849c703e389|Mark Climaco|9|2|0|"5' 4"""|125 lbs.|"65"""|Southpaw|Nov 06, 1997|4.13|59%|2.90|57%|3.50|36%|46%|0.0
48e96d9cea6d4ab0|Josh Clopton|6|2|1|"5' 6"""|145 lbs.|No Stat|Orthodox|Jul 11, 1981|1.60|64%|2.87|50%|2.00|66%|75%|0.0
8e32bfcff3ec1717|RJ Clifford|4|3|0|No Stat|160 lbs.|No Stat|No Stat|No Stat|0.00|0%|0.00|0%|0.00|0%|0%|0.0
7d21de9c6d7c98b2|Rich Clementi|45|23|1|"5' 9"""|155 lbs.|"72"""|Southpaw|Mar 31, 1976|1.43|37%|2.29|60%|1.72|42%|25%|1.1
c76ec2bc3a57666a|Mitch Clarke|11|5|0|"5' 10"""|155 lbs.|"73"""|Orthodox|Nov 24, 1985|2.35|34%|3.27|47%|0.64|15%|50%|0.4
a77c71a574132188|John Clarke|1|1|0|No Stat|170 lbs.|No Stat|No Stat|Aug 15, 1977|0.00|0%|0.00|0%|0.00|0%|0%|0.0
7ae36b3791e0969a|Shannon Clark|5|1|0|"5' 5"""|125 lbs.|"64"""|Orthodox|Jul 07, 1992|11.51|58%|20.55|35%|0.00|0%|0%|0.0
e5ecaf884b6da2bc|Chris Clements|12|6|0|"5' 10"""|170 lbs.|"70"""|Orthodox|Feb 09, 1976|3.20|49%|2.37|44%|0.00|0%|32%|0.3
dd4c16777fb2ccf9|Heather Clark|7|6|0|"5' 6"""|115 lbs.|"64"""|Orthodox|Sep 19, 1980|3.69|49%|5.62|50%|0.33|4%|80%|0.3
cc7040fe76f0ef91|Devin Clark|14|9|0|"6' 0"""|205 lbs.|"75"""|Orthodox|Apr 12, 1990|3.03|54%|3.24|44%|2.17|32%|58%|0.1
8a64b3f87ad29d1e|Dominic Clark|10|7|0|"5' 10"""|155 lbs.|No Stat|No Stat|Aug 01, 1985|0.00|0%|0.00|0%|0.00|0%|0%|0.0
69108cb8b32efe04|Mychal Clark|10|14|0|"6' 3"""|224 lbs.|No Stat|Orthodox|No Stat|5.80|56%|2.90|59%|0.00|0%|0%|0.0
42611508ba8c3298|Johnny Cisneros|9|6|0|"5' 11"""|170 lbs.|No Stat|No Stat|Feb 05, 1980|0.00|0%|0.00|0%|0.00|0%|0%|0.0
6776260cb0aef647|Logan Clark|18|6|0|"6' 2"""|185 lbs.|No Stat|Orthodox|Feb 16, 1985|2.20|54%|1.49|53%|0.31|100%|30%|2.1
6c8072b61c276e67|Jessica-Rose Clark|11|9|0|"5' 5"""|135 lbs.|"64"""|Orthodox|Nov 28, 1987|3.73|51%|3.51|58%|1.66|42%|62%|0.3
1c2f2571b18791b6|Laverne Clark|27|21|1|"5' 11"""|170 lbs.|No Stat|Orthodox|Dec 02, 1973|0.00|0%|0.00|0%|0.00|0%|0%|0.0
3f3550bf126a5721|Nikolajus Cilkinas|2|6|0|No Stat|No Stat|No Stat|Orthodox|No Stat|0.00|0%|5.88|16%|0.00|0%|0%|0.0
67f272324a030d00|Misha Cirkunov|15|9|0|"6' 3"""|205 lbs.|"77"""|Orthodox|Feb 27, 1987|3.86|51%|3.06|57%|4.15|39%|76%|1.7
4e5bbc4566049cbf|Branko Cikatic|0|2|0|"6' 1"""|215 lbs.|No Stat|Orthodox|Oct 03, 1954|0.00|0%|0.00|0%|0.00|0%|0%|0.0
eaebaa6801338ea1|Steven Ciaccio|4|4|0|"6' 0"""|170 lbs.|No Stat|No Stat|No Stat|0.00|0%|0.00|0%|0.00|0%|0%|0.0
51b0bb73a1da34bc|Mike Ciesnolevicz|19|4|0|"6' 0"""|235 lbs.|No Stat|Orthodox|Oct 28, 1979|0.51|50%|4.62|57%|0.00|0%|20%|5.1
f197ce0cbe69996d|Cameron Church|4|1|0|"5' 11"""|155 lbs.|"72"""|Orthodox|Sep 27, 1990|4.00|40%|4.93|50%|0.00|0%|60%|1.0
d4a12dfa4067742f|Murad Chunkaiev|8|4|0|"5' 11"""|185 lbs.|No Stat|Orthodox|No Stat|0.85|16%|3.41|66%|8.53|100%|0%|0.0
2244d9a2b64b8c3b|Hannah Cifers|10|7|0|"5' 1"""|115 lbs.|"62"""|Orthodox|Jun 26, 1992|4.99|44%|5.39|52%|0.26|100%|64%|0.3
4f11e9ce318ffbcb|Anthony Christodoulou|12|7|0|"5' 9"""|155 lbs.|No Stat|Orthodox|Jul 30, 1987|2.19|26%|5.90|45%|0.00|0%|40%|0.0
b369533a577fa97c|Dan Christison|20|7|0|"6' 8"""|265 lbs.|No Stat|Orthodox|Apr 26, 1972|4.23|51%|3.88|54%|0.00|0%|37%|1.1
3c4320a1b6106611|Cody Chovancek|8|0|0|No Stat|135 lbs.|No Stat|No Stat|Jul 24, 1998|0.00|0%|0.00|0%|0.00|0%|0%|0.0
7e9b36a9847db116|Kevin Christian|9|2|0|"6' 7"""|205 lbs.|"80"""|Orthodox|Jan 21, 1995|0.75|35%|1.83|55%|0.00|0%|50%|3.2
2d447cc91bdaa545|Joachim Christensen|14|6|0|"6' 3"""|205 lbs.|"76"""|Orthodox|Nov 07, 1978|3.78|41%|3.29|46%|0.00|0%|0%|0.0
db5dc7cb80d7d418|Will Chope|34|13|0|"6' 4"""|145 lbs.|No Stat|Switch|Sep 08, 1990|4.43|27%|9.93|46%|0.00|0%|0%|0.0
03c9994c5b8958ec|John Cholish|8|3|0|"5' 11"""|155 lbs.|"74"""|Orthodox|Dec 17, 1983|2.65|49%|2.29|73%|1.82|31%|78%|0.4
001eb2ab0f30e7ea|Mark Choinski|8|1|0|"5' 8"""|155 lbs.|"69"""|Orthodox|Oct 22, 1995|3.87|50%|7.33|33%|2.00|18%|0%|0.0
55a7b2d4e54ffac9|Ryo Chonan|22|13|0|"5' 9"""|170 lbs.|"70"""|Orthodox|Oct 08, 1976|2.57|43%|2.25|60%|0.61|41%|39%|0.3
3be16d817b36098b|DongHun Choi|9|0|0|"5' 5"""|125 lbs.|"66"""|Switch|Jan 02, 1999|4.54|66%|3.13|58%|0.46|14%|81%|0.0
dd1b90eea08887f6|Israel Albuquerque|0|3|0|No Stat|185 lbs.|No Stat|Orthodox|No Stat|0.32|13%|3.34|25%|0.00|0%|0%|0.0
adccbc19b22e19af|SeungGuk Choi|7|3|0|"5' 6"""|125 lbs.|"64"""|Orthodox|Dec 26, 1996|2.69|42%|2.69|65%|1.02|27%|74%|0.0
a68575214ecad140|SeungWoo Choi|11|8|0|"6' 0"""|145 lbs.|"74"""|Orthodox|Nov 03, 1992|3.56|38%|3.16|47%|0.83|54%|70%|0.0
184b955181bdef52|Wes Albritton|0|1|0|"5' 10"""|188 lbs.|No Stat|Orthodox|No Stat|0.00|0%|0.00|0%|0.00|0%|0%|0.0
e76d9f656ceb82ab|Aleksandra Albu|3|2|0|"5' 2"""|115 lbs.|"63"""|Orthodox|Jul 14, 1990|4.83|47%|5.56|38%|2.27|50%|77%|0.4
7bd94b60d7521e4a|John Albert|6|5|0|"5' 8"""|135 lbs.|"68"""|Orthodox|Oct 13, 1986|3.05|49%|2.82|35%|0.00|0%|50%|6.1
c482c8605455a213|Junior Albini|14|6|0|"6' 3"""|264 lbs.|"74"""|Orthodox|Mar 15, 1991|3.98|51%|6.08|52%|1.54|37%|100%|0.0
6d35bf94f7d30241|Amir Albazi|17|2|0|"5' 5"""|125 lbs.|"68"""|Orthodox|Oct 27, 1993|2.72|34%|3.71|61%|1.39|32%|50%|0.5
9b28292abe3166d5|Brett Albee|3|2|0|No Stat|225 lbs.|No Stat|No Stat|No Stat|0.00|0%|0.00|0%|0.00|0%|0%|0.0
1897b7b913736a7c|Alatengheili|17|10|2|"5' 5"""|135 lbs.|"66"""|Orthodox|Dec 14, 1991|2.82|32%|5.12|57%|1.74|43%|75%|0.0
2144954270be834d|Javi Alanis|0|4|0|"5' 6"""|135 lbs.|No Stat|No Stat|No Stat|0.00|0%|0.00|0%|0.00|0%|0%|0.0
1cf1310684a841f5|Mostapha Al-Turk|6|6|0|"6' 2"""|245 lbs.|"77"""|Orthodox|Jul 14, 1973|1.36|19%|3.61|53%|0.00|0%|0%|0.0
7578cc6bd750206b|Herdem Alacabek|5|1|0|"6' 2"""|205 lbs.|"75"""|Orthodox|Jun 07, 1991|3.84|65%|6.66|23%|2.06|50%|42%|0.0
597499ac7a5aac62|Abdul-Kareem Al-Selwady|15|4|0|"5' 8"""|155 lbs.|"69"""|Orthodox|Apr 10, 1995|4.14|34%|3.60|59%|2.32|30%|20%|0.0
38b50fd1e1b5b656|Razak Al-Hassan|13|5|0|"6' 2"""|205 lbs.|No Stat|Orthodox|May 14, 1982|3.27|39%|3.14|60%|0.65|14%|57%|0.0
1fc64507a0cb38cf|Rostem Akman|6|2|0|"5' 10"""|170 lbs.|"72"""|Switch|Dec 19, 1991|1.80|25%|3.97|57%|1.00|40%|87%|0.0
b0550072e5f0afa7|Yoshihiro Akiyama|14|6|0|"5' 10"""|170 lbs.|"75"""|Orthodox|Jul 29, 1975|3.10|41%|3.62|57%|2.29|67%|92%|1.0
9e3dbb9c68ed5d1a|Mike Aina|14|6|1|"5' 9"""|155 lbs.|No Stat|Orthodox|No Stat|2.87|33%|6.33|59%|0.00|0%|71%|0.0
2eada40ac8801559|Hitomi Akano|18|10|0|"5' 4"""|135 lbs.|No Stat|Southpaw|Jul 27, 1974|0.59|45%|2.58|55%|0.00|0%|8%|0.5
ff584c17bccbae0b|Ahejiang Ailinuer|15|3|0|No Stat|145 lbs.|No Stat|No Stat|No Stat|0.00|0%|0.00|0%|0.00|0%|0%|0.0
16690d100f995f8f|Omari Akhmedov|21|6|1|"6' 0"""|185 lbs.|"73"""|Orthodox|Oct 12, 1987|2.97|34%|2.84|55%|2.58|45%|65%|0.2
49dea784f6cfed71|Ashiek Ajim|6|2|0|"5' 8"""|135 lbs.|"71"""|Switch|Jun 19, 1994|5.00|40%|11.25|25%|0.00|0%|0%|0.0
0978385b2bd9ef9b|Nick Aguirre|7|2|0|"5' 9"""|135 lbs.|"74"""|Southpaw|Jan 15, 1996|0.73|33%|2.89|45%|1.16|20%|33%|0.6
b2efa582adf73604|Agulali|13|1|0|"5' 9"""|125 lbs.|"67"""|Switch|Apr 07, 2005|2.74|63%|0.91|71%|0.00|0%|0%|0.0
ae071698e1a3ccd4|Christian Aguilera|14|8|0|"5' 9"""|170 lbs.|"72"""|Switch|Nov 25, 1991|2.54|37%|4.04|48%|0.00|0%|60%|0.0
c051c2e12d692b8a|Jesus Aguilar|11|3|0|"5' 4"""|125 lbs.|"62"""|Orthodox|Mar 13, 1996|1.73|45%|1.10|59%|1.83|35%|40%|1.8
cf946e03ba2e7666|Kevin Aguilar|17|5|0|"5' 7"""|155 lbs.|"73"""|Orthodox|Sep 07, 1988|3.96|40%|4.81|52%|0.16|16%|78%|0.0
6cadc0a0ba7dc015|Edwin Aguilar|26|19|0|"5' 10"""|185 lbs.|No Stat|No Stat|No Stat|0.00|0%|0.00|0%|0.00|0%|0%|0.0
8f382b3baa954d2a|Jessica Aguilar|20|8|0|"5' 3"""|115 lbs.|"63"""|Orthodox|May 08, 1982|4.93|50%|7.19|53%|0.94|25%|50%|0.2
501821d7fb7b95c1|Fabio Aguiar|17|1|0|"6' 0"""|185 lbs.|No Stat|No Stat|Feb 10, 1988|0.00|0%|0.00|0%|0.00|0%|0%|0.0
26f4288e83188c61|Kantharaj Agasa|12|3|0|No Stat|135 lbs.|No Stat|No Stat|Feb 16, 1992|0.00|0%|0.00|0%|0.00|0%|0%|0.0
44aa652b181bcf68|Marcelo Aguiar|2|3|1|"5' 10"""|170 lbs.|No Stat|Orthodox|No Stat|0.00|0%|0.00|0%|0.00|0%|0%|0.0
a08ddd04eaffd81d|Mariya Agapova|10|5|0|"5' 6"""|125 lbs.|"68"""|Southpaw|Apr 07, 1997|4.43|54%|3.62|52%|0.55|66%|45%|0.8
ebc5af72ad5a28cb|Nick Agallar|24|6|0|"5' 8"""|155 lbs.|No Stat|Orthodox|Jan 13, 1979|0.69|11%|4.56|42%|0.00|0%|0%|0.0
7a846fcbf182a7c8|Mohamed Ado|5|1|0|"5' 11"""|170 lbs.|"76"""|Switch|May 03, 2000|1.66|83%|0.33|75%|4.97|50%|50%|5.0
0e9869d712e81f8f|Sam Adkins|7|20|2|"6' 3"""|225 lbs.|No Stat|Orthodox|Apr 26, 1965|0.00|0%|0.00|0%|0.00|0%|0%|0.0
1338e2c7480bdf9e|Israel Adesanya|24|5|0|"6' 4"""|185 lbs.|"80"""|Switch|Jul 22, 1989|4.02|48%|3.20|55%|0.05|11%|76%|0.1
79cb2a690b9ba5e8|Zarrukh Adashev|4|4|0|"5' 5"""|125 lbs.|"65"""|Southpaw|Jul 29, 1992|3.65|40%|3.04|64%|0.00|0%|100%|0.5
a77633a989013265|Anthony Adams|8|2|0|"6' 1"""|185 lbs.|"76"""|Orthodox|Jan 13, 1988|3.17|41%|5.93|44%|0.00|0%|0%|0.0
83b00f7597e5ac83|Juan Adams|5|3|0|"6' 5"""|265 lbs.|"80"""|Orthodox|Jan 16, 1992|7.09|55%|4.06|34%|0.91|66%|57%|0.0
989b85f6540c86b1|John Adajar|6|2|0|"5' 9"""|170 lbs.|"75"""|Orthodox|Jun 22, 1991|3.90|52%|6.28|44%|0.00|0%|0%|0.0
1c5879330d42255f|Daniel Acacio|30|18|0|"5' 8"""|180 lbs.|No Stat|Orthodox|Dec 27, 1977|3.52|36%|2.85|62%|0.33|20%|81%|0.0
f689bd7bbd14b392|Cyborg Abreu|0|0|0|No Stat|No Stat|No Stat|No Stat|Dec 20, 1980|0.00|0%|0.00|0%|0.00|0%|0%|0.0
7279654c7674cd24|Klidson Abreu|15|4|0|"6' 0"""|205 lbs.|"74"""|Orthodox|Dec 24, 1992|2.05|40%|2.90|55%|0.64|20%|80%|0.0
aa6e591c2a2cdecd|Ricardo Abreu|5|1|0|"5' 11"""|185 lbs.|No Stat|Orthodox|Apr 27, 1984|3.79|31%|3.98|68%|2.13|42%|100%|0.7
c9f6385af6df66d7|Papy Abedi|10|4|0|"5' 11"""|185 lbs.|No Stat|Southpaw|Jun 30, 1978|2.80|55%|3.15|48%|3.47|57%|50%|1.3
5140122c3eecd307|Daichi Abe|6|2|0|"5' 11"""|170 lbs.|"71"""|Orthodox|Nov 27, 1991|3.80|33%|4.49|56%|0.33|50%|0%|0.0
2f5cbecbbe18bac4|Shamil Abdurakhimov|20|8|0|"6' 3"""|235 lbs.|"76"""|Orthodox|Sep 02, 1981|2.41|44%|3.02|55%|1.01|23%|45%|0.1
841695e02c99a521|Mansur Abdul-Malik|8|0|1|"6' 2"""|185 lbs.|"80"""|Orthodox|Oct 07, 1997|4.27|48%|3.49|51%|0.49|33%|82%|0.0
59a9d6dac61c2540|Nariman Abbasov|28|4|0|"5' 8"""|155 lbs.|"66"""|Orthodox|Feb 01, 1994|3.00|20%|5.67|46%|0.00|0%|66%|0.0
3329d692aea4dc28|Hamdy Abdelwahab|6|1|0|"6' 2"""|264 lbs.|"72"""|Southpaw|Jan 22, 1993|3.49|49%|4.49|51%|1.33|66%|100%|0.0
2c104b7e59a72629|Hong Man Choi|4|5|0|"7' 2"""|330 lbs.|No Stat|Orthodox|Oct 30, 1980|1.32|26%|1.46|36%|0.71|100%|84%|0.0
15df64c02b6b0fde|Danny Abbadi|4|6|0|"5' 11"""|155 lbs.|No Stat|Orthodox|Jul 03, 1983|3.29|38%|4.41|57%|0.00|0%|77%|0.0
c0ed7b208197e8de|Hiroyuki Abe|8|15|3|"5' 6"""|145 lbs.|No Stat|Orthodox|No Stat|1.71|36%|3.11|63%|0.00|0%|33%|0.0
b361180739bed4b0|David Abbott|10|15|0|"6' 0"""|265 lbs.|No Stat|Switch|Apr 26, 1965|1.35|30%|3.55|38%|1.07|33%|66%|0.0
371a1c91b24dec2b|Mu Bae Choi|12|6|0|"6' 2"""|230 lbs.|No Stat|Orthodox|Jun 27, 1970|1.55|49%|3.65|44%|3.12|75%|60%|1.0
767755fd74662dbf|Khamzat Chimaev|14|0|0|"6' 2"""|185 lbs.|"75"""|Orthodox|May 01, 1994|5.36|58%|3.25|41%|4.31|46%|100%|2.8
9f7787e56a6bc0f4|Sako Chivitchian|8|1|0|"5' 11"""|155 lbs.|No Stat|Orthodox|Mar 11, 1984|2.40|27%|4.80|46%|0.00|0%|100%|0.0
9560ff14eb3129f7|Giga Chikadze|15|5|0|"6' 0"""|145 lbs.|"74"""|Orthodox|Aug 25, 1988|3.82|42%|3.48|60%|0.19|33%|65%|0.2
2620f3eb21c79614|Scott Adams|8|1|0|"6' 0"""|225 lbs.|No Stat|Southpaw|No Stat|0.00|0%|0.00|0%|0.00|0%|0%|0.0
c58f51dedb310998|Michael Chiesa|19|7|0|"6' 1"""|170 lbs.|"75"""|Southpaw|Dec 07, 1987|2.03|40%|1.73|57%|3.05|47%|67%|1.0
c713a845360d604b|Ion Cherdivara|1|1|0|No Stat|205 lbs.|No Stat|No Stat|No Stat|0.00|0%|0.00|0%|0.00|0%|0%|0.0
9cdd2da1a9104a0b|Macy Chiasson|11|4|0|"5' 11"""|135 lbs.|"72"""|Orthodox|Jul 27, 1991|3.49|46%|2.68|45%|2.08|35%|71%|0.4
78a68f1dade6aaf7|Fabio Cherant|7|4|0|"6' 1"""|205 lbs.|"74"""|Southpaw|Nov 25, 1994|1.35|40%|4.89|38%|0.00|0%|0%|0.0
79a193111e3bc99b|Mark Cherico|11|1|0|"5' 7"""|145 lbs.|"69"""|Orthodox|May 12, 1986|3.69|34%|7.37|56%|5.03|50%|0%|0.0
d8d7b24d276c8cb0|Albert Cheng|7|4|0|"5' 11"""|170 lbs.|No Stat|Orthodox|Feb 07, 1985|1.00|41%|2.60|71%|0.00|0%|0%|0.0
9c5f7d5c6d084b35|Gabriel Checco|10|2|0|"6' 1"""|185 lbs.|No Stat|Switch|Apr 03, 1986|0.00|0%|0.00|0%|0.00|0%|0%|0.0
8061a3136026a673|Jeisla Chaves|5|0|0|No Stat|135 lbs.|No Stat|No Stat|Feb 02, 1997|0.00|0%|0.00|0%|0.00|0%|0%|0.0
0de720c0f1d4ab9c|Danny Chavez|11|5|1|"5' 8"""|145 lbs.|"67"""|Orthodox|Mar 14, 1987|2.86|38%|3.83|50%|1.95|60%|87%|0.0
84e8920e59ff14a7|Emilio Chavez|12|9|0|"5' 9"""|145 lbs.|No Stat|No Stat|No Stat|2.73|48%|1.53|54%|3.00|50%|0%|0.0
32a4f1235f0dad73|Dan Charles|10|6|1|"6' 2"""|228 lbs.|No Stat|No Stat|Sep 24, 1985|2.82|45%|3.51|44%|0.00|0%|31%|0.0
5b03b61f9d90125e|Morgan Charriere|21|11|1|"5' 8"""|145 lbs.|"69"""|Orthodox|Oct 26, 1995|4.08|50%|4.54|53%|2.11|46%|83%|0.3
19ffeb5e3fffd6d5|Joe Charles|6|13|0|"6' 1"""|260 lbs.|No Stat|Southpaw|No Stat|0.00|0%|0.00|0%|0.00|0%|0%|0.0
b406da701c479076|Ernest Chavez|10|2|0|"5' 8"""|145 lbs.|"70"""|Orthodox|Jun 27, 1983|2.79|40%|3.89|59%|0.89|33%|50%|0.0
26b63bc5c0c1f65d|Alex Chambers|5|5|0|"5' 3"""|115 lbs.|"63"""|Southpaw|Oct 25, 1978|2.97|54%|5.10|50%|2.31|41%|53%|1.0
af9efbfd63d39734|Chelsea Chandler|6|4|0|"5' 8"""|135 lbs.|"68"""|Southpaw|Nov 23, 1990|3.55|45%|4.44|40%|0.87|60%|28%|0.0
8788beb528894f33|Donnie Chappell|0|1|0|"5' 11"""|178 lbs.|No Stat|Southpaw|No Stat|0.00|0%|0.00|0%|0.00|0%|0%|0.0
4b93a88f3b1de35b|Michael Chandler|23|10|0|"5' 8"""|155 lbs.|"71"""|Orthodox|Apr 24, 1986|4.04|49%|4.52|43%|1.96|41%|61%|0.6
9ccf8371fd80d45d|Luan Chagas|15|3|1|"6' 0"""|170 lbs.|"75"""|Orthodox|Jun 17, 1993|4.16|47%|3.19|62%|0.32|12%|85%|0.3
5ef94841c4bc3f86|Edgar Chairez|12|6|0|"5' 7"""|125 lbs.|"71"""|Orthodox|Jan 27, 1996|3.44|44%|5.08|42%|0.00|0%|33%|1.7
09a4447655fd4b7b|Rafael Cerqueira|11|2|0|"6' 3"""|205 lbs.|"76"""|Southpaw|Mar 15, 1990|3.28|43%|14.43|42%|0.00|0%|0%|0.0
f21a152aaa3e95c6|Vinicius Cenci|7|2|0|"6' 1"""|155 lbs.|"74"""|Orthodox|Nov 24, 1995|2.90|48%|2.69|62%|1.61|50%|0%|0.0
1d00756835ca67c9|Donald Cerrone|36|17|0|"6' 1"""|155 lbs.|"73"""|Orthodox|Mar 29, 1983|4.41|46%|4.48|53%|1.16|33%|73%|1.2
056c493bbd76a918|Henry Cejudo|16|5|0|"5' 4"""|135 lbs.|"64"""|Orthodox|Feb 09, 1987|3.82|47%|3.46|59%|1.84|31%|76%|0.1
b27b8881d7444114|Adam Cella|6|8|0|"6' 2"""|170 lbs.|No Stat|No Stat|Jun 26, 1985|1.91|42%|2.61|51%|3.92|75%|50%|1.3
7342fcc41a4817fa|Ansar Chalangov|14|5|0|"5' 9"""|170 lbs.|No Stat|Orthodox|Oct 30, 1979|0.68|66%|1.69|54%|0.00|0%|0%|7.6
e872e9a9a902c045|Katlyn Cerminara|18|6|0|"5' 9"""|125 lbs.|"68"""|Orthodox|Dec 28, 1988|4.58|34%|4.48|62%|0.31|15%|50%|0.3
fdf59144e535bc38|Jared Chaffee|5|2|0|"5' 10"""|155 lbs.|No Stat|No Stat|Dec 15, 1984|0.00|0%|0.00|0%|0.00|0%|0%|0.0
e3964ece586e0635|Jacqueline Cavalcanti|9|1|0|"5' 8"""|135 lbs.|"70"""|Orthodox|Aug 29, 1997|5.73|46%|3.32|70%|0.00|0%|84%|0.0
3e61082025db8137|Yosdenis Cedeno|10|6|1|"5' 8"""|155 lbs.|"69"""|Orthodox|Feb 12, 1985|1.64|29%|1.60|67%|0.00|0%|31%|0.3
9c3de7f8966326de|Igor Cavalcanti|9|1|0|"5' 11"""|170 lbs.|"79"""|Orthodox|Oct 10, 1997|3.33|42%|3.60|48%|1.00|50%|66%|0.0
68d76fd9ecf7431d|Luke Caudillo|17|17|0|"5' 7"""|155 lbs.|No Stat|Orthodox|Nov 30, 1980|1.97|28%|5.07|55%|0.44|20%|85%|0.0
2a74bbba57058f12|Gesias Cavalcante|21|10|1|"5' 8"""|155 lbs.|"71"""|Orthodox|Jul 06, 1983|1.98|35%|3.11|51%|1.25|36%|66%|1.1
0e21976afc92e4d1|Magnus Cedenblad|14|5|0|"6' 5"""|185 lbs.|"79"""|Orthodox|Apr 10, 1982|2.38|51%|3.02|40%|2.87|64%|66%|1.0
6ca68b636fbc1f18|Tim Catalfo|4|2|0|"5' 11"""|235 lbs.|No Stat|Orthodox|No Stat|0.39|100%|0.77|33%|0.00|0%|0%|0.0
e680418329c84ec4|Jenna Castillo|1|0|0|"5' 2"""|125 lbs.|No Stat|No Stat|May 05, 1982|3.24|56%|2.01|57%|1.68|100%|100%|0.0
feeae92f951f49a9|Raul Castillo|7|1|0|"5' 11"""|185 lbs.|No Stat|Orthodox|No Stat|1.47|48%|3.27|60%|0.00|0%|0%|0.0
f8fe2053d73d7bcf|Nick Catone|10|4|0|"6' 0"""|185 lbs.|"72"""|Southpaw|Sep 01, 1981|2.11|44%|2.32|63%|3.71|44%|83%|0.5
a0a69dc9914ef6e1|Eric Castile|3|2|0|"5' 8"""|145 lbs.|No Stat|No Stat|No Stat|0.00|0%|0.00|0%|0.00|0%|0%|0.0
31ceaf0e670c1578|Gil Castillo|8|5|0|"5' 9"""|170 lbs.|No Stat|Southpaw|Oct 21, 1965|0.60|45%|2.22|44%|3.33|45%|50%|0.0
d1e7fc58d4225cdf|Danny Castillo|17|10|0|"5' 9"""|155 lbs.|"71"""|Orthodox|Aug 25, 1979|2.57|42%|1.96|62%|2.95|38%|63%|0.2
5c1ca0c72b599a3c|Rafael Cavalcante|12|7|0|"6' 1"""|205 lbs.|"74"""|Orthodox|Apr 14, 1980|2.71|53%|3.62|49%|0.60|40%|63%|0.1
5fa2974cbd18e05c|John Castaneda|21|8|0|"5' 6"""|135 lbs.|"71"""|Switch|Dec 18, 1991|4.42|50%|4.94|53%|1.68|37%|73%|0.1
31c01fbc2586a5eb|Dwayne Cason|1|1|0|"5' 10"""|212 lbs.|No Stat|Orthodox|No Stat|0.00|0%|0.00|0%|0.00|0%|0%|0.0
ec7ac09293d26c05|Bendy Casimir|20|14|2|"5' 5"""|145 lbs.|No Stat|Southpaw|Jun 10, 1980|0.74|27%|3.42|54%|0.00|0%|100%|0.0
2b1c6f28039efe36|Joe Cason|9|1|0|"6' 3"""|205 lbs.|No Stat|No Stat|Jan 19, 1988|4.17|55%|10.83|23%|0.00|0%|0%|0.0
93fe7332d16c6ad9|Tom Aaron|5|3|0|No Stat|155 lbs.|No Stat|No Stat|Jul 13, 1978|0.00|0%|0.00|0%|0.00|0%|0%|0.0
3993f7dcb7caf42a|Brandon Cash|10|4|0|"6' 5"""|255 lbs.|No Stat|Orthodox|No Stat|5.42|72%|0.68|33%|10.17|66%|0%|0.0
5f179af5fffeb9f6|Cortney Casey|10|10|0|"5' 7"""|125 lbs.|"67"""|Orthodox|May 05, 1987|4.29|39%|4.00|55%|0.39|31%|39%|0.5
68dd7b3783c19f9c|Shane Carwin|12|2|0|"6' 2"""|265 lbs.|"80"""|Orthodox|Jan 04, 1975|4.38|47%|3.53|53%|1.42|33%|42%|0.0
620d8710e89cfeae|Rafael Carvalho|14|1|0|"6' 3"""|185 lbs.|No Stat|No Stat|Jul 27, 1986|1.94|50%|1.84|54%|2.77|40%|70%|0.0
1f4b04a926ef1287|Johnny Case|22|6|0|"5' 10"""|155 lbs.|"72"""|Orthodox|Jun 28, 1989|3.95|38%|2.66|61%|1.70|45%|72%|0.2
fef3d17e27e916e7|Antonio Carvalho|15|6|0|"5' 9"""|145 lbs.|"70"""|Orthodox|May 30, 1979|3.03|29%|3.62|64%|0.00|0%|100%|0.0
456c02115efc4a01|Bruno Carvalho|10|5|0|"5' 8"""|154 lbs.|No Stat|No Stat|Jun 07, 1982|0.60|45%|0.93|53%|0.00|0%|66%|4.0
1f592bfefb0d62a3|Jack Cartwright|10|1|0|"5' 9"""|135 lbs.|"68"""|Orthodox|May 26, 1994|0.80|38%|3.33|29%|6.00|66%|0%|2.0
1e3302f9ab6f549a|Scott Carson|4|2|0|"6' 2"""|215 lbs.|No Stat|No Stat|No Stat|0.62|66%|6.22|23%|0.00|0%|0%|0.0
7b6e40a73b567072|Shonie Carter|51|31|7|"5' 10"""|170 lbs.|No Stat|Southpaw|May 03, 1972|1.62|36%|2.32|47%|0.75|66%|75%|0.0
064b7dc68d786254|Cain Carrizosa|10|3|0|"5' 8"""|155 lbs.|No Stat|Orthodox|Jul 22, 1986|2.72|42%|5.80|51%|0.00|0%|14%|0.0
0d49ddc07bd8c747|Jonny Carson|11|7|0|"5' 10"""|155 lbs.|No Stat|No Stat|No Stat|0.00|0%|0.00|0%|0.00|0%|0%|0.0
89ed44801968b8e3|Gabriel Carrasco|7|0|0|"5' 6"""|135 lbs.|No Stat|No Stat|No Stat|4.15|37%|1.53|80%|0.00|0%|100%|0.0
9346efb4bbaedd08|Cody Carrillo|11|16|0|"5' 10"""|155 lbs.|No Stat|No Stat|No Stat|0.00|0%|0.00|0%|0.00|0%|0%|0.0
b80ea4880f25c187|Tim Caron|7|1|0|"6' 1"""|185 lbs.|No Stat|Orthodox|Jul 24, 1987|0.59|50%|6.90|12%|0.00|0%|0%|0.0
572a89dbe1f76761|Roger Carroll|16|14|0|"5' 10"""|170 lbs.|No Stat|No Stat|No Stat|7.62|61%|10.48|43%|0.00|0%|100%|0.0
b62d5280966b2460|Clayton Carpenter|8|1|0|"5' 6"""|125 lbs.|"66"""|Orthodox|Jun 09, 1996|3.91|55%|2.75|55%|2.23|46%|42%|1.5
c0d5c0c95c59050b|Ariane Carnelossi|15|3|0|"5' 2"""|115 lbs.|"61"""|Orthodox|Nov 17, 1992|2.87|39%|4.74|45%|1.37|55%|14%|0.3
528b071cf3da7c56|Luana Carolina|11|4|0|"5' 6"""|135 lbs.|"69"""|Orthodox|Jun 11, 1993|4.81|50%|3.54|50%|0.34|37%|74%|0.6
1c86754617d9813a|Roan Carneiro|21|11|0|"5' 11"""|170 lbs.|"76"""|Orthodox|Jun 02, 1978|1.46|46%|1.82|62%|3.05|42%|83%|1.4
3591d0d5d382a381|Francis Carmont|25|12|0|"6' 3"""|205 lbs.|"78"""|Orthodox|Oct 11, 1981|2.22|42%|1.64|59%|1.79|36%|73%|0.6
be68b375707dcb85|Spike Carlyle|9|3|0|"5' 8"""|145 lbs.|"71"""|Switch|May 06, 1993|2.55|54%|3.85|30%|3.34|36%|57%|0.5
52e76bb4b3e852f3|Antonio Carlos Junior|11|5|0|"6' 2"""|185 lbs.|"79"""|Orthodox|Mar 16, 1990|1.95|42%|2.14|52%|3.42|39%|53%|0.8
51a0c09cbe9b8472|Liz Carmouche|13|7|0|"5' 6"""|125 lbs.|"66"""|Orthodox|Feb 19, 1984|2.78|54%|2.51|61%|2.57|51%|65%|0.3
f59a6de8a5dfe297|Don Carlo-Clauss|10|7|0|No Stat|170 lbs.|No Stat|No Stat|No Stat|1.44|30%|7.68|43%|0.00|0%|66%|0.0
99a86b134dccc166|Edgar Cardenas|4|1|0|No Stat|145 lbs.|No Stat|No Stat|No Stat|0.00|0%|0.00|0%|0.00|0%|0%|0.0
cbd022eaf2ac546a|Ronald Carillo|4|2|0|No Stat|125 lbs.|No Stat|No Stat|No Stat|0.00|0%|0.00|0%|0.00|0%|0%|0.0
08a7080ff5904661|Rafael Carino|2|1|1|"6' 8"""|245 lbs.|No Stat|Orthodox|No Stat|0.00|0%|0.00|0%|0.00|0%|0%|0.0
f6a7b02c42e9fc5b|Phil Cardella|8|5|0|"5' 11"""|155 lbs.|No Stat|No Stat|Jul 09, 1976|2.47|50%|2.00|57%|0.00|0%|11%|2.5
e5512a6aed150d8f|Remo Cardarelli|7|5|0|No Stat|135 lbs.|No Stat|No Stat|No Stat|2.27|47%|1.47|59%|0.00|0%|100%|0.0
5ef0088c1b19beeb|Bryan Caraway|21|9|0|"5' 8"""|135 lbs.|"68"""|Orthodox|Aug 04, 1984|2.53|34%|3.61|54%|2.57|25%|80%|0.8
899eaba48fa864a6|Gina Carano|7|1|0|"5' 8"""|145 lbs.|No Stat|Orthodox|Apr 16, 1982|4.50|47%|2.66|64%|1.24|66%|85%|1.6
155a02a8b4311057|Dos Caras Jr.|9|5|0|"6' 4"""|225 lbs.|No Stat|Orthodox|May 25, 1977|0.77|23%|1.20|59%|0.00|0%|72%|0.0
b2e3aca4cd363477|Chris Cariaso|17|8|0|"5' 3"""|125 lbs.|"64"""|Southpaw|May 27, 1981|3.35|43%|2.23|61%|1.11|39%|57%|0.8
bd81a97864acf098|Phil Caracappa|6|1|0|"5' 8"""|135 lbs.|"70"""|Orthodox|Jun 05, 1992|2.93|50%|4.07|29%|1.00|8%|100%|1.0
44f9c777fed7ca03|Frank Caracci|2|3|0|No Stat|No Stat|No Stat|No Stat|No Stat|0.00|0%|0.00|0%|0.00|0%|0%|0.0
83b8fe74224dd642|Paul Capaldo|6|0|0|"5' 7"""|135 lbs.|No Stat|No Stat|Dec 27, 1996|0.00|0%|0.00|0%|0.00|0%|0%|0.0
f1f9e48a0d150757|Steve Cantwell|7|6|0|"6' 2"""|185 lbs.|"75"""|Orthodox|Dec 08, 1986|3.63|34%|5.76|55%|0.65|30%|80%|0.7
6750e338922a099d|Bo Cantrell|10|10|0|"6' 2"""|235 lbs.|No Stat|Orthodox|Feb 08, 1969|3.16|16%|12.63|0%|0.00|0%|0%|0.0
d05412b513b19621|Guido Cannetti|10|8|0|"5' 6"""|135 lbs.|"68"""|Southpaw|Dec 19, 1979|3.44|55%|2.84|51%|2.27|55%|64%|0.4
23fbe02caabcd214|Ronaldo Candido|6|0|0|"5' 6"""|125 lbs.|No Stat|Southpaw|Apr 24, 1989|1.67|42%|3.87|52%|8.00|53%|0%|5.0
13a0275fa13c4d26|Jared Cannonier|18|8|0|"5' 11"""|185 lbs.|"77"""|Switch|Mar 16, 1984|4.60|50%|4.49|56%|0.46|44%|64%|0.0
24b033b3daf1c9df|Luiz Cane|17|7|0|"6' 2"""|185 lbs.|"77"""|Southpaw|Apr 24, 1981|4.79|41%|5.00|60%|0.56|28%|100%|0.3
2a7afe14b3a0a058|Asbel Cancio|0|1|0|"5' 10"""|225 lbs.|No Stat|No Stat|No Stat|0.00|0%|0.00|0%|0.00|0%|0%|0.0
760a55d5b6098cbe|Carlos Candelario|8|3|0|"5' 8"""|125 lbs.|"68"""|Southpaw|Jun 04, 1991|3.97|46%|5.17|44%|2.28|36%|53%|0.3
32be4b7f7de1c905|Chico Camus|17|7|0|"5' 6"""|125 lbs.|"66"""|Orthodox|Jan 26, 1985|2.58|41%|2.46|64%|0.77|40%|72%|0.4
c2a670b22d2e196f|Aleksa Camur|6|3|0|"6' 1"""|205 lbs.|"74"""|Orthodox|Sep 25, 1995|4.73|57%|4.26|54%|0.46|22%|50%|0.0
aa8dc72b3a1f761c|Derek Campos|19|6|0|"5' 9"""|155 lbs.|No Stat|No Stat|Apr 01, 1988|2.41|23%|10.34|44%|0.00|0%|0%|0.0
db6d5f691aea3fd3|Wagner Campos|12|10|0|"5' 6"""|145 lbs.|No Stat|Southpaw|Jul 31, 1981|1.54|41%|2.53|51%|2.71|100%|0%|0.0
901cddcbfa079097|Will Campuzano|14|6|0|"5' 9"""|125 lbs.|"70"""|Orthodox|May 27, 1986|2.43|31%|3.82|57%|0.88|45%|48%|0.2
903ef36a6adc09a3|Kitt Campbell|15|7|0|"6' 1"""|170 lbs.|"73"""|No Stat|Jun 26, 1994|25.71|70%|2.14|75%|0.00|0%|0%|0.0
b39f7a6c2be17ee8|Charlie Campbell|9|2|0|"6' 0"""|155 lbs.|"72"""|Orthodox|Jul 03, 1995|5.55|54%|3.73|55%|2.95|40%|71%|0.0
31bbd46d57dfbcb7|John Campetella|0|1|0|"5' 9"""|235 lbs.|No Stat|Orthodox|No Stat|0.00|0%|0.00|0%|0.00|0%|0%|0.0
d060014a5a039829|Thomas Campbell|3|3|0|No Stat|No Stat|No Stat|No Stat|No Stat|0.00|0%|0.00|0%|0.00|0%|0%|0.0
4a99978a0366bb29|Ricky Camp|11|4|0|"5' 7"""|135 lbs.|No Stat|No Stat|No Stat|0.00|0%|0.00|0%|0.00|0%|0%|0.0
f5585e675af7afd4|Mike Campbell|13|4|0|"5' 9"""|155 lbs.|No Stat|Southpaw|No Stat|1.40|26%|1.40|63%|5.26|100%|0%|0.0
784285b7ae7dd85f|Shane Campbell|14|6|0|"6' 0"""|155 lbs.|"71"""|Orthodox|Jan 21, 1987|3.99|59%|3.19|55%|1.36|28%|82%|0.0
1999ffb5cebc314f|Brian Camozzi|7|5|0|"6' 2"""|170 lbs.|"78"""|Orthodox|Jun 24, 1991|3.15|26%|6.39|54%|0.00|0%|0%|0.7
7abe471b61725980|Fabricio Camoes|14|9|1|"5' 10"""|155 lbs.|"71"""|Orthodox|Dec 23, 1978|1.29|33%|1.85|61%|2.34|32%|20%|1.5
72f890c5d421e705|Matheus Camilo|9|3|0|"5' 10"""|155 lbs.|"69"""|Orthodox|Jan 02, 2001|1.49|48%|1.38|55%|3.44|66%|0%|1.7
6c2030e0a143a94b|Chris Camozzi|24|13|0|"6' 2"""|185 lbs.|"75"""|Orthodox|Nov 20, 1986|3.57|44%|2.96|56%|0.27|19%|57%|0.5
71d25689f70e4036|Lucas Camacho|6|1|0|"6' 4"""|265 lbs.|"80"""|Orthodox|Dec 15, 1992|4.08|38%|8.16|6%|0.00|0%|0%|0.0
dfb965c9824425db|Joe Camacho|13|19|3|"5' 9"""|155 lbs.|No Stat|Orthodox|Mar 10, 1972|0.31|17%|5.00|42%|0.00|0%|0%|0.0
53d471e9bf5f2fc8|Taylor Callens|6|0|0|"5' 10"""|155 lbs.|No Stat|No Stat|May 21, 1991|0.00|0%|0.00|0%|0.00|0%|0%|0.0
764342d39cdaa54a|Frank Camacho|22|10|0|"5' 10"""|155 lbs.|"73"""|Orthodox|May 18, 1989|6.56|46%|7.44|51%|1.11|31%|73%|0.0
98215d037be5bcb7|Cynthia Calvillo|9|6|1|"5' 4"""|115 lbs.|"64"""|Orthodox|Jul 13, 1987|4.41|38%|4.12|64%|1.80|44%|77%|0.8
fc0a4053eb8a3a59|Nicolle Caliari|8|4|0|"5' 3"""|125 lbs.|"62"""|Orthodox|Nov 04, 1996|3.46|38%|7.01|53%|2.88|24%|0%|1.0
b7dc25ee40ee8334|Darrion Caldwell|10|1|0|"5' 10"""|135 lbs.|No Stat|No Stat|Dec 19, 1987|0.85|34%|0.57|60%|3.41|66%|100%|0.8
800feaa25700a85f|Ricky Calatayud|16|2|0|"5' 9"""|125 lbs.|No Stat|No Stat|Oct 10, 1982|0.00|0%|0.00|0%|0.00|0%|0%|0.0
7d4d7583df7eebf9|Carlos Calderon|6|3|0|"5' 11"""|145 lbs.|"71"""|Southpaw|Feb 10, 1996|4.85|42%|4.98|33%|3.93|33%|0%|0.0
90d28fee0af74f2d|Travis Calanoc|5|1|0|"5' 8"""|145 lbs.|No Stat|Orthodox|No Stat|0.00|0%|0.00|0%|0.00|0%|0%|0.0
ed2a8cc402173781|Vince Cachero|7|4|0|"5' 6"""|145 lbs.|"68"""|Orthodox|Nov 07, 1989|3.29|45%|6.51|43%|0.00|0%|18%|0.5
b1e5bcaad32a3cac|Priscila Cachoeira|13|6|0|"5' 7"""|135 lbs.|"65"""|Orthodox|Aug 19, 1988|4.03|44%|7.15|43%|0.15|33%|65%|0.0
ce7871949b0ed2bf|Alvin Cacdac|18|13|0|"5' 6"""|125 lbs.|No Stat|Orthodox|No Stat|1.21|66%|0.61|0%|0.00|0%|0%|0.0
87f0b37f153cf497|Michael Byrnes|5|3|0|"5' 11"""|155 lbs.|No Stat|No Stat|Jul 17, 1990|0.00|0%|0.00|0%|0.00|0%|0%|0.0
7aa3d6964eff4877|Alex Caceres|21|15|0|"5' 10"""|145 lbs.|"73"""|Southpaw|Jun 20, 1988|4.21|49%|3.09|62%|0.54|68%|64%|0.7
601f8439a0277670|Juan Cabrera|9|1|0|No Stat|185 lbs.|No Stat|No Stat|Feb 19, 2004|0.00|0%|0.00|0%|0.00|0%|0%|0.0
7cdd3e5d3aa9cb39|Yan Cabral|13|3|0|"5' 11"""|155 lbs.|"73"""|Orthodox|May 13, 1983|2.02|47%|1.98|62%|2.89|35%|37%|1.2
43612456979e5d5e|Steve Byrnes|6|1|0|"6' 0"""|170 lbs.|No Stat|Orthodox|No Stat|1.20|51%|2.67|27%|3.00|60%|0%|4.0
c4d039123e62f6a9|Dennis Buzukja|12|5|0|"5' 9"""|145 lbs.|"70"""|Switch|Oct 01, 1997|4.21|43%|4.82|48%|0.63|27%|75%|0.2
76ee3d666c648f6b|Charles Byrd|10|7|0|"5' 10"""|185 lbs.|"73"""|Orthodox|Oct 11, 1983|3.43|55%|2.63|55%|2.50|50%|40%|1.5
0b362247806341e5|JP Buys|9|6|0|"5' 5"""|135 lbs.|"67"""|Orthodox|Apr 30, 1996|1.88|39%|3.02|40%|1.55|25%|25%|2.3
a75a48bfe776b2c2|Jesse Butler|12|6|0|"5' 10"""|135 lbs.|"73"""|Orthodox|May 24, 1992|2.02|34%|4.62|39%|0.00|0%|0%|0.0
6b8fd98eb52363d1|Ian Butler|3|3|0|"5' 8"""|155 lbs.|No Stat|No Stat|No Stat|2.09|14%|6.69|36%|0.00|0%|50%|0.0
3fed746acfd026dd|Todd Butler|1|4|0|"6' 1"""|200 lbs.|No Stat|Southpaw|No Stat|0.00|0%|0.00|0%|0.00|0%|0%|0.0
f941505e35fb1eae|Raphael Butler|9|2|1|"6' 3"""|261 lbs.|No Stat|No Stat|Jan 04, 1984|4.69|45%|0.94|91%|0.00|0%|100%|14.1
e2d5072048b825b1|Goldman Butler|1|4|0|No Stat|No Stat|No Stat|No Stat|No Stat|0.00|0%|0.00|0%|0.00|0%|0%|0.0
30e39145fec48d25|Jason Butcher|10|2|0|"6' 3"""|185 lbs.|No Stat|No Stat|Oct 23, 1984|1.82|40%|2.73|25%|13.64|50%|0%|0.0
51b1ca2a4b064101|Nick Bustamante|5|3|0|"5' 9"""|170 lbs.|No Stat|No Stat|No Stat|0.00|0%|0.00|0%|0.00|0%|0%|0.0
3033c1c080672475|Dakota Bush|8|4|0|"5' 10"""|155 lbs.|"73"""|Orthodox|Jun 09, 1994|2.77|38%|4.42|41%|2.40|33%|0%|0.0
85d905f7c4f5a1af|Murilo Bustamante|15|8|1|"6' 2"""|183 lbs.|No Stat|Orthodox|Jul 30, 1966|1.33|32%|1.90|60%|2.46|33%|54%|1.2
132505067f08c54d|Bubba Bush|8|3|0|"6' 0"""|185 lbs.|No Stat|Orthodox|Jul 24, 1985|0.63|55%|7.01|25%|2.82|50%|60%|0.0
f0c779dc2ca3816c|George Bush|5|2|0|"6' 1"""|205 lbs.|No Stat|No Stat|No Stat|6.35|64%|2.31|55%|17.31|66%|0%|0.0
2c64c035485906aa|Nah-Shon Burrell|15|7|0|"5' 11"""|170 lbs.|No Stat|Orthodox|Feb 05, 1990|4.83|47%|3.45|56%|0.00|0%|52%|0.3
2213330f082f82d5|Derrick Burnsed|1|0|3|No Stat|155 lbs.|No Stat|No Stat|No Stat|0.00|0%|0.00|0%|0.00|0%|0%|0.0
8fc30d8cebb17116|Martin Buschkamp|9|0|0|"5' 9"""|145 lbs.|No Stat|Orthodox|Jan 06, 1991|0.00|0%|0.00|0%|0.00|0%|0%|0.0
4f140403000158b5|Herbert Burns|11|6|0|"5' 9"""|145 lbs.|"73"""|Orthodox|Feb 02, 1988|1.86|36%|5.17|41%|2.94|34%|66%|1.8
1e092415a7eeaf65|Josh Burns|8|10|0|"6' 1"""|244 lbs.|No Stat|No Stat|May 15, 1978|2.40|48%|5.73|32%|0.00|0%|100%|0.0
4c805f5f58a75df0|Mikey Burnett|5|2|0|"5' 6"""|170 lbs.|No Stat|Orthodox|Apr 12, 1974|0.00|0%|0.00|0%|0.00|0%|0%|0.0
a6d8bfe9e0c8153b|Kevin Burns|12|7|0|"5' 10"""|170 lbs.|"74"""|Orthodox|Mar 03, 1980|2.74|38%|4.30|52%|0.28|50%|47%|0.8
dadd80ef954e54ed|Justin Burlinson|6|1|0|"6' 1"""|170 lbs.|"74"""|Switch|May 19, 1997|1.24|40%|3.09|61%|0.00|0%|100%|9.3
23024fdfc966410a|Gilbert Burns|22|9|0|"5' 10"""|170 lbs.|"71"""|Orthodox|Jul 20, 1986|3.15|48%|3.64|52%|2.12|37%|53%|0.5
69f01b25dfabaf6b|Mads Burnell|9|3|0|"5' 8"""|145 lbs.|"69"""|Orthodox|Mar 06, 1994|1.28|41%|2.71|51%|3.45|47%|22%|0.4
53c10176e3bc7416|Felipe Bunes|14|8|0|"5' 7"""|125 lbs.|"69"""|Orthodox|Oct 29, 1989|4.49|53%|7.86|41%|2.59|25%|0%|2.6
6da99156486ed6c2|Joshua Burkman|28|16|0|"5' 10"""|170 lbs.|"72"""|Orthodox|Apr 10, 1980|2.69|43%|3.13|51%|2.53|36%|72%|0.3
6e9af164ab91a229|Shawn Bunch|7|3|0|"5' 5"""|135 lbs.|No Stat|No Stat|Mar 19, 1983|0.00|0%|1.55|55%|0.00|0%|50%|0.0
98d961097baaf308|Shane Burgos|15|3|0|"5' 11"""|145 lbs.|"75"""|Orthodox|Mar 19, 1991|7.40|52%|6.78|56%|0.43|44%|91%|0.4
9900ab86a4c458bd|Josh Bumgarner|6|4|0|"6' 1"""|170 lbs.|No Stat|No Stat|No Stat|0.00|0%|0.00|0%|0.00|0%|0%|0.0
c0342805a1948cbb|Lee Kwan Bum|0|1|0|"6' 2"""|286 lbs.|No Stat|Orthodox|No Stat|0.71|14%|0.00|100%|0.00|0%|0%|0.0
476fe566d2df676e|Modestas Bukauskas|18|6|0|"6' 3"""|205 lbs.|"78"""|Switch|Feb 10, 1994|3.26|42%|4.07|51%|0.31|66%|77%|0.2
f0abbb6f3444dae7|Paul Buentello|35|17|0|"6' 2"""|245 lbs.|"77"""|Orthodox|Jan 16, 1974|3.29|45%|3.83|52%|0.19|33%|39%|0.4
a72d260b436924c4|Francisco Bueno|5|2|0|"5' 9"""|225 lbs.|No Stat|Orthodox|No Stat|0.00|0%|0.00|0%|0.00|0%|0%|0.0
cc8c623cca88f54f|Mayra Bueno Silva|10|5|1|"5' 6"""|125 lbs.|"66"""|Orthodox|Aug 22, 1991|3.83|58%|4.85|51%|0.57|29%|63%|1.5
b98209144b63ae26|Mike Budnik|13|4|0|"5' 9"""|145 lbs.|"68"""|Orthodox|Aug 08, 1974|0.65|52%|0.95|53%|0.00|0%|0%|3.4
8eb046f83e82bf26|Martin Buday|16|2|0|"6' 4"""|265 lbs.|"77"""|Orthodox|Nov 11, 1991|4.39|53%|4.49|55%|0.15|20%|93%|0.1
a817e238b2747404|Dylan Budka|7|5|0|"6' 0"""|185 lbs.|"75"""|Switch|Jan 14, 2000|1.06|38%|1.80|42%|1.93|38%|76%|0.4
3feed7d02711d8b7|Courtney Buck|12|11|0|"5' 10"""|135 lbs.|No Stat|Orthodox|Mar 19, 1982|1.49|28%|3.24|54%|0.00|0%|33%|0.0
dcdc4503b9d49977|Julia Budd|10|2|0|"5' 7"""|145 lbs.|"67"""|No Stat|Jul 04, 1983|2.42|74%|1.18|47%|3.60|57%|83%|0.0
b9437600497350f3|Joaquin Buckley|21|7|0|"5' 10"""|170 lbs.|"76"""|Southpaw|Apr 27, 1994|3.88|36%|2.93|59%|1.54|45%|72%|0.1
6bbb8dc6e128779e|Zak Bucia|17|8|0|"5' 10"""|170 lbs.|No Stat|No Stat|No Stat|0.00|0%|0.00|0%|0.00|0%|0%|0.0
095854a135e6db55|Marcus Buchecha|5|2|0|"6' 2"""|255 lbs.|"77"""|Orthodox|Jan 08, 1990|1.60|40%|2.73|52%|1.00|9%|0%|0.0
231926533134ec1f|Justin Buchholz|15|10|0|"6' 0"""|155 lbs.|"73"""|Orthodox|Aug 22, 1983|2.35|26%|4.14|51%|0.00|0%|33%|0.8
f96856f9d69fd7e4|Robert Bryczek|17|6|0|"6' 0"""|185 lbs.|"75"""|Orthodox|Jul 04, 1990|2.13|24%|4.47|60%|0.00|0%|100%|0.0
01f022fa494188e2|Josh Bryant|15|4|0|"5' 10"""|185 lbs.|No Stat|Orthodox|Apr 23, 1980|1.10|20%|6.10|43%|0.00|0%|0%|0.0
0c25d0a5e8cdbf19|Lukasz Brzeski|9|7|1|"6' 3"""|236 lbs.|"78"""|Orthodox|May 17, 1992|4.90|50%|3.65|54%|0.41|33%|35%|0.4
3b17353b8002c7d0|Dennis Bryant|5|2|0|"6' 0"""|205 lbs.|No Stat|Orthodox|Oct 18, 1985|10.56|59%|10.56|13%|0.00|0%|0%|0.0
b8c0f30ee9a98b69|Fernando Bruno|15|4|0|"5' 6"""|145 lbs.|No Stat|No Stat|Feb 24, 1982|1.75|39%|1.78|48%|2.02|22%|56%|0.5
f14f644d41ade29f|Cody Brundage|11|6|1|"6' 0"""|185 lbs.|"72"""|Orthodox|May 16, 1994|2.23|52%|2.90|46%|1.87|47%|68%|0.8
b1a3e0aca758b322|Derek Brunson|23|9|0|"6' 1"""|185 lbs.|"77"""|Southpaw|Jan 04, 1984|3.51|47%|3.05|51%|3.14|33%|85%|0.6
5f8e00c27b7e7410|Justin Bruckmann|7|3|0|"5' 9"""|170 lbs.|No Stat|Orthodox|No Stat|0.59|66%|5.91|16%|0.00|0%|33%|0.0
d1dcd4e96464a53d|Jules Bruchez|1|2|0|"6' 0"""|205 lbs.|No Stat|Southpaw|Aug 16, 1977|0.69|50%|5.52|46%|0.00|0%|0%|0.0
d74cba8566291bfa|Junie Browning|5|6|0|"5' 9"""|155 lbs.|No Stat|Orthodox|May 12, 1984|3.76|48%|1.76|66%|3.53|66%|0%|3.5
2f3f12002564bb55|Steve Bruno|15|6|0|"5' 10"""|170 lbs.|No Stat|Orthodox|Nov 03, 1981|0.96|52%|3.38|36%|1.94|25%|46%|0.4
e9e7e1c8ff289e1b|Humberto Brown Morrison|4|6|0|"5' 10"""|145 lbs.|No Stat|No Stat|Nov 03, 1984|1.71|50%|2.19|62%|1.43|25%|0%|0.0
d31cbcdd7d69536d|TJ Brown|17|11|0|"5' 9"""|145 lbs.|"72"""|Switch|May 22, 1990|3.37|44%|2.89|49%|3.41|57%|36%|1.3
d024ed963e8bf7ea|Damien Brown|17|12|0|"5' 10"""|155 lbs.|"68"""|Orthodox|Dec 25, 1984|3.66|38%|4.86|50%|0.68|27%|53%|0.7
3236bf606fe9fa5b|Travis Browne|18|7|1|"6' 6"""|255 lbs.|"79"""|Orthodox|Jul 17, 1982|2.93|41%|4.31|42%|1.21|68%|75%|0.2
880c6b788266a3ef|Frederick Brown|3|2|0|"6' 0"""|235 lbs.|No Stat|No Stat|No Stat|0.00|0%|0.00|0%|0.00|0%|0%|0.0
c6aee362c7a7d482|Randy Brown|20|6|0|"6' 3"""|170 lbs.|"78"""|Orthodox|Jul 08, 1990|4.47|47%|3.26|54%|0.79|39%|73%|0.6
85df85a4e276c90e|Terrell Brown|3|1|0|No Stat|185 lbs.|No Stat|No Stat|Apr 13, 1983|0.00|0%|0.00|0%|0.00|0%|0%|0.0
52b3ec072ad497a4|Dominic Brown|16|23|0|"5' 11"""|190 lbs.|No Stat|No Stat|Jun 04, 1982|0.00|0%|0.00|0%|0.00|0%|0%|0.0
9e2624ac992660c6|Chris Brown|10|1|0|No Stat|170 lbs.|No Stat|No Stat|No Stat|0.00|0%|0.00|0%|0.00|0%|0%|0.0
9b68bf67c5695185|Todd Brown|16|4|0|"5' 11"""|205 lbs.|No Stat|Orthodox|Dec 13, 1976|2.15|45%|3.85|48%|0.00|0%|50%|0.0
31123249b0bbf52e|Matt Brown|26|19|0|"6' 0"""|170 lbs.|"75"""|Orthodox|Jan 10, 1981|3.76|55%|2.92|55%|1.68|46%|63%|1.3
e0b74df14f52cd15|Mike Brown|26|9|0|"5' 6"""|145 lbs.|"70"""|Orthodox|Sep 08, 1975|2.98|44%|2.45|60%|3.23|40%|66%|0.6
0974d8d4053a7237|Lee Brousseau|5|3|0|"6' 1"""|205 lbs.|No Stat|No Stat|Oct 04, 1974|0.00|0%|0.00|0%|0.00|0%|0%|0.0
81d9df19e255b8b6|Jarred Brooks|13|2|0|"5' 3"""|125 lbs.|"62"""|Switch|May 02, 1993|2.12|46%|1.66|62%|4.54|57%|69%|0.6
a7d687e6ecb30981|Rob Broughton|16|7|1|"6' 2"""|265 lbs.|"74"""|Orthodox|Mar 03, 1983|2.83|60%|2.54|51%|0.00|0%|26%|3.2
b0a6124751a56bc4|Jonathan Brookins|16|10|0|"6' 0"""|145 lbs.|"74"""|Southpaw|Aug 13, 1985|2.69|39%|3.63|56%|1.94|17%|80%|0.3
b6e6c3b1dcaae0a1|Will Brooks|18|4|0|"5' 10"""|155 lbs.|"72"""|Orthodox|Oct 08, 1986|4.26|59%|2.54|56%|2.08|51%|82%|0.3
aa571d75f80fde7d|Drew Brokenshire|16|6|0|No Stat|No Stat|No Stat|No Stat|No Stat|0.00|0%|0.00|0%|0.00|0%|0%|0.0
06dd61c8d545c63f|Icaro Brito|7|1|0|No Stat|145 lbs.|No Stat|No Stat|Mar 09, 1999|0.00|0%|0.00|0%|0.00|0%|0%|0.0
2833f50b20e96e52|Antwain Britt|11|6|0|"6' 1"""|205 lbs.|"77"""|No Stat|May 09, 1978|1.46|39%|2.81|44%|1.56|40%|50%|0.0
b07f14fc0e53f8bd|Kaik Brito|16|5|0|"5' 11"""|170 lbs.|"72"""|Orthodox|Mar 26, 1997|2.80|38%|3.87|55%|0.00|0%|55%|2.0
3a97fda0de6f1fa4|Marcelo Brito|13|8|0|"6' 1"""|170 lbs.|No Stat|Orthodox|Nov 27, 1977|0.60|20%|3.53|55%|0.00|0%|50%|0.0
df3c39573d01f55b|Mike Bronzoulis|18|9|1|"6' 0"""|155 lbs.|No Stat|No Stat|Jan 05, 1979|1.13|34%|2.54|37%|0.00|0%|33%|0.0
791c8437b341fba5|Joanderson Brito|17|5|1|"5' 8"""|145 lbs.|"72"""|Orthodox|Feb 11, 1995|2.48|50%|2.49|42%|2.49|68%|56%|1.0
01fcef7e3d051722|Henry Briones|16|8|1|"5' 8"""|135 lbs.|"69"""|Orthodox|Oct 22, 1980|3.47|42%|4.68|53%|0.00|0%|52%|0.6
cf1a88371c8cb690|Aaron Brink|26|26|0|"6' 3"""|205 lbs.|No Stat|Orthodox|Nov 12, 1974|3.49|42%|5.71|57%|0.00|0%|0%|0.0
497ba5b12a4bfc47|Jason Brilz|22|6|1|"5' 11"""|205 lbs.|"71"""|Orthodox|Jul 07, 1975|2.66|40%|1.78|65%|2.37|25%|25%|1.3
81801f57bd0a7c41|Marcus Brimage|7|7|0|"5' 4"""|135 lbs.|"71"""|Southpaw|Apr 06, 1985|3.97|35%|3.64|56%|0.56|100%|80%|0.0
11547e29f253fb89|Marcos Brigagao|11|1|0|"6' 3"""|205 lbs.|"76"""|Southpaw|Apr 01, 1996|3.07|43%|3.27|25%|0.00|0%|36%|0.0
106a925d947a0de9|Mack Brewer|0|1|0|No Stat|205 lbs.|No Stat|No Stat|No Stat|0.00|0%|6.67|36%|0.00|0%|0%|0.0
e319d6697d41f3cf|Robert Breslin|3|9|0|"5' 11"""|155 lbs.|No Stat|No Stat|No Stat|2.21|46%|3.50|66%|1.38|100%|50%|0.0
98f6da59d765ec94|Charlie Brenneman|19|8|0|"5' 10"""|155 lbs.|"70"""|Orthodox|Feb 09, 1981|1.52|56%|1.55|46%|4.23|42%|72%|0.0
d80ee110748171ac|Mike Breeden|11|6|0|"5' 10"""|155 lbs.|"70"""|Orthodox|Apr 21, 1989|5.75|45%|7.28|42%|0.98|30%|67%|0.0
37ce890a4670b287|Roman Bravo-Young|0|1|0|No Stat|205 lbs.|No Stat|No Stat|No Stat|0.00|0%|0.00|0%|0.00|0%|0%|0.0
9c44f290f5726d95|Martin Bravo|11|3|0|"5' 8"""|145 lbs.|"71"""|Southpaw|Sep 21, 1993|7.66|39%|5.72|51%|2.60|35%|85%|0.0
1588b787bda7b540|Tom Breese|12|3|0|"6' 3"""|185 lbs.|"73"""|Southpaw|Sep 26, 1991|3.34|50%|2.81|60%|0.00|0%|70%|1.1
dc63542668295c23|Michael Bravo|7|4|0|No Stat|155 lbs.|No Stat|No Stat|No Stat|0.00|0%|0.00|0%|0.00|0%|0%|0.0
d2c55d1d2e67773b|David Branch|22|6|0|"6' 1"""|185 lbs.|"78"""|Orthodox|Sep 26, 1981|1.66|39%|1.91|56%|2.55|32%|43%|0.0
7138a15258dabf20|Bruna Brasil|10|5|1|"5' 6"""|115 lbs.|"65"""|Orthodox|Sep 07, 1993|2.77|59%|4.14|48%|1.55|66%|54%|0.0
edae6db2b3453632|Billy Brand|5|2|0|"5' 6"""|135 lbs.|"65"""|Orthodox|Jul 03, 1996|2.86|25%|8.57|40%|0.00|0%|75%|0.0
c2e3e67b5911bfb7|Diego Brandao|22|11|0|"5' 7"""|145 lbs.|"64"""|Orthodox|May 27, 1987|2.94|47%|3.38|62%|3.21|68%|80%|0.6
013da757877044a2|Joe Brammer|7|3|1|"5' 8"""|155 lbs.|No Stat|Orthodox|Aug 23, 1983|2.15|31%|2.80|56%|0.81|50%|50%|0.0
3d074044a33825e7|Ramiz Brahimaj|12|5|0|"5' 10"""|170 lbs.|"72"""|Orthodox|Nov 17, 1992|2.14|45%|3.81|43%|1.99|41%|47%|1.7
3c99bd6cb5d835ef|Adam Bramhald|13|3|0|"5' 10"""|135 lbs.|"70"""|Orthodox|Mar 24, 1994|7.65|45%|8.05|33%|0.00|0%|100%|0.0
c7011de4765d2497|Paul Bradley|23|8|0|"5' 9"""|170 lbs.|No Stat|Orthodox|Jun 13, 1983|2.26|32%|4.13|56%|1.12|16%|100%|0.0
dc950d59dc590aca|Ebenezer Fontes Braga|13|7|2|"6' 0"""|199 lbs.|No Stat|Orthodox|Apr 14, 1969|2.42|50%|0.42|71%|0.00|0%|90%|0.6
1433786ac76cf777|Colley Bradford|0|1|0|"5' 7"""|145 lbs.|No Stat|No Stat|No Stat|0.43|25%|1.73|50%|19.42|50%|100%|0.0
45f7cb591c3ab00b|Sean Brady|18|1|0|"5' 10"""|170 lbs.|"72"""|Orthodox|Nov 23, 1992|4.00|55%|2.94|59%|3.62|54%|86%|0.9
8a0a35e7c74bebcc|Ashe Bowman|9|11|0|"5' 9"""|155 lbs.|No Stat|No Stat|Nov 17, 1976|2.43|42%|4.86|57%|0.00|0%|0%|0.0
4a191f4ea2fce7fc|Anvar Boynazarov|3|1|0|"5' 9"""|145 lbs.|No Stat|Orthodox|Jan 10, 1989|0.00|0%|7.83|29%|0.00|0%|0%|0.0
a6959da32f0e6b5d|Kyle Bradley|19|12|0|"5' 9"""|155 lbs.|"71"""|Orthodox|Aug 19, 1982|1.99|40%|3.45|58%|0.65|50%|40%|0.0
a95a0504fd73bd3e|Blake Bowman|2|6|0|"6' 2"""|170 lbs.|No Stat|No Stat|No Stat|0.00|0%|0.00|0%|0.00|0%|0%|0.0
5488b3c67600333a|Kyron Bowen|9|5|0|"6' 3"""|185 lbs.|"73"""|Orthodox|Dec 22, 1993|2.73|57%|2.05|40%|0.00|0%|0%|0.0
3b9f723e2720a238|Roger Bowling|12|6|0|"5' 9"""|155 lbs.|"68"""|Orthodox|Dec 05, 1982|3.90|47%|3.86|51%|3.09|43%|27%|0.9
2efbc83a6b9b7f86|Tai Bowden|1|1|0|"5' 11"""|230 lbs.|No Stat|No Stat|No Stat|0.00|0%|0.00|0%|0.00|0%|0%|0.0
81ca2c245b19b3c5|Melton Bowen|0|1|0|"6' 0"""|225 lbs.|No Stat|Orthodox|Jul 16, 1969|0.00|0%|0.00|0%|0.00|0%|0%|0.0
611b9c068c9e2c44|Rich Bouphanouvong|1|4|0|"5' 7"""|170 lbs.|No Stat|No Stat|No Stat|0.00|0%|0.00|0%|0.00|0%|0%|0.0
38b1417ec17072da|Jess Bouscal|3|2|0|No Stat|155 lbs.|No Stat|No Stat|No Stat|0.00|0%|0.00|0%|0.00|0%|0%|0.0
dfdd0c5dd0d4bc23|Mike Bourke|10|16|1|"6' 0"""|275 lbs.|No Stat|Orthodox|No Stat|0.00|0%|0.00|0%|0.00|0%|0%|0.0
2aaf0181432adf0b|Roy Boughton|14|8|0|"6' 0"""|205 lbs.|No Stat|No Stat|No Stat|0.00|0%|0.00|0%|0.00|0%|0%|0.0
59851163aaf1aed8|Gregory Bouchelaghem|5|4|0|"6' 2"""|183 lbs.|No Stat|Switch|No Stat|0.27|21%|1.53|36%|0.00|0%|50%|0.0
545d549d6bf87187|Francois Botha|0|1|0|"6' 2"""|260 lbs.|No Stat|Orthodox|Sep 28, 1968|0.00|0%|1.05|77%|0.00|0%|0%|0.0
d5e929c26f25f0d3|Ilian Bouafia|6|0|0|No Stat|185 lbs.|No Stat|No Stat|Nov 13, 1996|0.00|0%|0.00|0%|0.00|0%|0%|0.0
b26d3e3746fb4024|Brian Bowles|10|3|0|"5' 7"""|135 lbs.|"70"""|Orthodox|Jun 22, 1980|2.36|26%|2.98|64%|1.39|70%|54%|1.4
239224bedeb2c7a4|Chris Bostick|6|3|0|No Stat|No Stat|No Stat|No Stat|No Stat|0.00|0%|0.00|0%|0.00|0%|0%|0.0
e8fb8e53bc2e29d6|Marcus Bossett|1|3|0|"6' 1"""|215 lbs.|No Stat|Orthodox|No Stat|0.00|0%|0.00|0%|0.00|0%|0%|0.0
5c126c6aac3ef364|Poliana Botelho|8|5|0|"5' 8"""|125 lbs.|"67"""|Orthodox|Dec 15, 1988|2.90|58%|2.80|54%|0.85|57%|76%|0.0
e023fa2e648ea0f1|Steve Bosse|12|2|0|"5' 11"""|205 lbs.|"72"""|Orthodox|Jul 29, 1981|5.99|52%|5.38|50%|0.92|33%|100%|0.0
04c8b08b16a5b99e|Tanner Boser|21|10|1|"6' 2"""|205 lbs.|"75"""|Orthodox|Aug 02, 1991|4.70|52%|2.75|58%|0.00|0%|63%|0.0
19c591115a58982c|Viacheslav Borshchev|8|6|1|"5' 11"""|155 lbs.|"69"""|Orthodox|Jan 08, 1992|5.22|54%|4.73|57%|0.00|0%|42%|0.1
b8fdb2903a2582a8|Zachary Borrego|3|1|0|"6' 2"""|185 lbs.|"78"""|Switch|Jul 18, 1996|0.00|0%|1.94|33%|0.00|0%|0%|0.0
3c85e04b08a05751|Calen Born|7|1|0|"5' 8"""|170 lbs.|"72"""|Switch|May 24, 1988|0.00|0%|0.00|0%|0.00|0%|0%|0.0
34b96d52db1d26e6|Kevin Borjas|10|3|0|"5' 5"""|125 lbs.|"68"""|Orthodox|Dec 06, 1997|5.10|44%|5.99|51%|0.00|0%|65%|0.0
0313bf497de9c470|Igor Borisov|1|1|0|"6' 0"""|235 lbs.|No Stat|Orthodox|No Stat|0.00|0%|0.00|0%|0.00|0%|0%|0.0
a4de54ea806fb525|Ray Borg|13|5|0|"5' 4"""|135 lbs.|"63"""|Orthodox|Aug 04, 1993|1.52|52%|1.93|48%|3.89|50%|46%|1.0
07a2bdaa0afdd831|Rogerio Bontorin|16|4|0|"5' 5"""|125 lbs.|"67"""|Orthodox|Apr 25, 1992|2.63|52%|3.27|50%|2.90|60%|51%|1.0
d311fbefff44a39b|Marcos Bonilla|4|4|0|"5' 10"""|145 lbs.|No Stat|No Stat|No Stat|0.47|12%|0.47|94%|0.00|0%|0%|0.0
eb393afdbe3293d5|Ismael Bonfim|20|5|0|"5' 8"""|155 lbs.|"71"""|Orthodox|Dec 28, 1995|5.73|55%|3.10|70%|0.96|33%|76%|0.0
c6a33ff198aaaeeb|Stephan Bonnar|15|9|0|"6' 4"""|205 lbs.|"79"""|Orthodox|Apr 04, 1977|2.76|38%|3.01|52%|1.32|40%|60%|1.0
4126a78111c0855a|Caio Borralho|17|1|0|"6' 1"""|185 lbs.|"75"""|Southpaw|Jan 16, 1993|3.61|60%|2.34|62%|1.56|60%|76%|0.5
01641ba5df0c69b0|Gabriel Bonfim|18|1|0|"6' 1"""|170 lbs.|"72"""|Orthodox|Aug 20, 1997|4.54|45%|3.53|63%|4.03|55%|76%|1.6
934de214814b8ff4|Jesse Bongfeldt|16|5|1|"6' 0"""|185 lbs.|No Stat|Orthodox|Aug 28, 1980|2.91|62%|1.01|50%|1.51|33%|33%|0.0
702a72aa7a266d86|Tony Bonello|16|3|1|"6' 2"""|185 lbs.|No Stat|No Stat|No Stat|0.62|33%|12.62|10%|0.00|0%|0%|0.0
8691881b31c16b88|Luc Bondole|5|2|2|"6' 2"""|205 lbs.|No Stat|No Stat|No Stat|3.35|51%|2.04|62%|0.00|0%|0%|1.8
2526be54e6a0e62a|Denys Bondar|14|5|0|"5' 6"""|125 lbs.|"69"""|Orthodox|Jun 27, 1992|4.59|50%|5.16|56%|3.99|58%|62%|0.0
9d455d5cfe6a0e35|Kyle Bolt|8|4|0|"6' 2"""|185 lbs.|No Stat|No Stat|No Stat|7.27|52%|7.27|45%|0.00|0%|0%|0.0
d227958e8a0c1466|Kotetsu Boku|25|11|2|"5' 9"""|154 lbs.|No Stat|Orthodox|May 27, 1977|2.47|42%|2.80|53%|0.00|0%|0%|0.0
297a2b35444c245b|Mandy Bohm|8|2|0|"5' 7"""|125 lbs.|"71"""|Orthodox|Jul 30, 1989|2.51|45%|3.24|60%|0.72|18%|75%|0.7
96924b0019b3aff1|Gaston Bolanos|8|5|0|"5' 7"""|135 lbs.|"69"""|Orthodox|Sep 14, 1992|3.28|49%|2.40|50%|0.66|100%|42%|0.0
70a1c7626b5e0599|Derek Bohi|8|5|0|"6' 4"""|260 lbs.|No Stat|No Stat|No Stat|0.00|0%|0.00|0%|0.00|0%|0%|0.0
8a56ea383fd26e52|Galore Bofando|5|3|0|"5' 11"""|170 lbs.|"72"""|Switch|May 22, 1982|3.63|45%|3.63|54%|2.37|100%|50%|0.0
53c21779d84ceb75|Jay Bogan|6|6|0|No Stat|145 lbs.|No Stat|No Stat|No Stat|0.00|0%|0.00|0%|0.00|0%|0%|0.0
93892752c5fc23ca|Jerry Bohlander|11|4|0|"5' 11"""|199 lbs.|No Stat|Orthodox|Feb 12, 1974|0.00|0%|0.00|0%|0.00|0%|0%|0.0
1afd74f8cb0719f3|Jeremy Boczulak|0|2|0|No Stat|No Stat|No Stat|No Stat|No Stat|0.00|0%|0.00|0%|0.00|0%|0%|0.0
984d15d5dc7bfcf9|James Bochnovic|8|3|0|"6' 4"""|205 lbs.|"81"""|Orthodox|Feb 13, 1989|0.65|26%|3.64|21%|0.00|0%|0%|0.0
d61316139d68dbe3|Roman Bogatov|10|1|0|"5' 8"""|155 lbs.|"73"""|Orthodox|Dec 15, 1990|3.33|42%|4.40|44%|1.00|9%|50%|0.0
c5af5750e8bae4f0|Kyle Bochniak|8|5|0|"5' 7"""|145 lbs.|"70"""|Orthodox|Feb 05, 1987|2.63|31%|5.11|58%|1.14|15%|62%|0.0
c80095f6092271a7|Tim Boetsch|21|13|0|"6' 0"""|185 lbs.|"74"""|Orthodox|Jan 28, 1981|2.93|50%|2.90|57%|1.45|34%|59%|0.8
cf9d24e4bd0cf2ce|Mark Bocek|12|5|0|"5' 8"""|155 lbs.|"75"""|Orthodox|Oct 24, 1981|2.34|43%|2.32|60%|3.65|36%|31%|1.3
f348d05403fad037|Dan Bobish|17|9|0|"6' 2"""|345 lbs.|No Stat|Southpaw|Jan 26, 1970|2.06|44%|1.74|34%|2.44|42%|0%|1.6
046a85108610c0d2|Dashawn Boatwright|3|1|0|"6' 0"""|205 lbs.|No Stat|Orthodox|Feb 29, 1988|0.00|0%|52.50|12%|0.00|0%|0%|0.0
35d6337320a4ae48|Arlene Blencowe|9|6|0|"5' 5"""|145 lbs.|No Stat|No Stat|Apr 11, 1983|2.31|43%|2.10|43%|0.00|0%|55%|0.6
ecdf14f4f8643d39|Byron Bloodworth|6|3|0|"5' 8"""|135 lbs.|No Stat|Orthodox|Aug 16, 1983|1.82|28%|5.18|50%|0.00|0%|0%|0.0
59c438c81fbf3ece|Tereza Bleda|7|1|0|"5' 9"""|125 lbs.|"71"""|Orthodox|Nov 30, 2001|3.02|53%|1.86|46%|1.81|27%|83%|0.7
ebf298f8ac7e232b|David Blanco|2|0|0|"5' 7"""|145 lbs.|No Stat|No Stat|No Stat|0.00|0%|0.00|0%|0.00|0%|0%|0.0
fa6796c55d6c5440|Curtis Blaydes|19|5|0|"6' 4"""|265 lbs.|"80"""|Orthodox|Feb 18, 1991|3.56|50%|2.00|58%|5.38|48%|31%|0.0
4a1329cc8eb0928a|Maximo Blanco|12|8|1|"5' 8"""|145 lbs.|"71"""|Orthodox|Oct 16, 1983|4.11|44%|3.19|66%|1.85|36%|63%|0.3
669970f7feba8ecd|Erin Blanchfield|13|2|0|"5' 4"""|125 lbs.|"66"""|Orthodox|May 04, 1999|5.24|44%|4.21|59%|1.86|31%|80%|0.8
0f4a536507f33576|Chasen Blair|6|3|0|"5' 10"""|155 lbs.|"71"""|Orthodox|Oct 14, 1998|5.27|39%|5.27|59%|0.00|0%|100%|0.0
da22387a0407a2dc|Da'Mon Blackshear|17|8|1|"5' 10"""|135 lbs.|"72"""|Switch|Aug 12, 1994|4.33|45%|4.19|52%|1.48|33%|71%|1.5
0e5c79b3594ff0ad|Sherrard Blackledge|5|1|0|"5' 11"""|155 lbs.|"75"""|Orthodox|Aug 16, 1993|3.70|49%|3.13|55%|4.00|33%|42%|0.0
2adb11835acd815b|Tom Blackledge|10|7|0|No Stat|205 lbs.|No Stat|Orthodox|No Stat|2.91|61%|2.55|46%|0.00|0%|75%|0.0
99df7d0a2a08a8a8|Jan Blachowicz|29|11|1|"6' 2"""|205 lbs.|"78"""|Orthodox|Feb 24, 1983|3.44|49%|3.03|52%|1.03|48%|69%|0.3
619d807fa54ae8f7|Jason Blackford|3|3|0|No Stat|No Stat|No Stat|No Stat|No Stat|0.00|0%|0.00|0%|0.00|0%|0%|0.0
b2f743746e8dcfa2|Jason Black|23|4|1|"5' 8"""|155 lbs.|No Stat|Orthodox|Jul 15, 1972|1.06|47%|2.60|45%|0.48|33%|28%|6.2
7e69a4b0961aa555|Brad Blackburn|18|13|1|"5' 10"""|170 lbs.|"73"""|Orthodox|May 25, 1977|4.55|35%|3.59|65%|0.93|50%|76%|0.7
27ab7257bf6a3b65|Simon Biyong|7|1|0|No Stat|205 lbs.|No Stat|No Stat|Apr 05, 1991|0.00|0%|0.00|0%|0.00|0%|0%|0.0
dd6ec6f941c3a414|Davi Bittencourt|14|4|0|"5' 5"""|135 lbs.|"65"""|Orthodox|Oct 12, 1994|4.15|66%|1.51|46%|14.15|33%|0%|0.0
7a359ef685a304a7|Amaury Bitetti|5|2|0|"5' 9"""|185 lbs.|No Stat|Orthodox|No Stat|0.00|0%|0.00|0%|0.00|0%|0%|0.0
7b4ae3fd439a05b6|Angad Bisht|10|3|0|"5' 7"""|125 lbs.|"67"""|Orthodox|Jun 05, 1995|3.91|51%|4.56|33%|2.41|37%|100%|0.0
a653cb5eb4b39339|Caio Bittencourt|14|7|0|"6' 0"""|185 lbs.|"75"""|Orthodox|May 22, 1991|0.29|16%|0.57|33%|0.00|0%|0%|0.0
8a22c6b4d29880a3|Chris Birchler|7|4|0|"6' 3"""|205 lbs.|No Stat|Switch|Jun 05, 1987|9.35|46%|14.83|35%|0.00|0%|0%|0.0
2b93ebd9f5417ad2|Michael Bisping|30|9|0|"6' 1"""|185 lbs.|"75"""|Orthodox|Feb 28, 1979|4.33|38%|2.71|65%|1.05|43%|63%|0.3
c5a126ace82a6025|Anthony Birchak|16|8|0|"5' 8"""|135 lbs.|"69"""|Orthodox|May 16, 1986|3.93|36%|3.67|56%|0.48|14%|61%|0.5
b3b6e80b7d5f8f0d|Jeremiah Billington|11|2|0|"5' 9"""|205 lbs.|No Stat|Orthodox|Nov 14, 1977|1.60|62%|7.06|35%|0.00|0%|50%|0.0
53f02bbc41d99432|Scott Bills|7|9|1|"5' 10"""|170 lbs.|No Stat|No Stat|No Stat|0.00|0%|0.00|0%|0.00|0%|0%|0.0
ebbf571f349e79d9|Jonas Bilharinho|9|1|1|"5' 11"""|145 lbs.|"75"""|Switch|May 22, 1990|3.71|60%|3.36|57%|0.00|0%|100%|0.0
1efa064872f089d0|David Bielkheden|24|12|0|"5' 10"""|155 lbs.|"71"""|Orthodox|Jun 06, 1979|1.11|57%|1.64|54%|2.65|63%|14%|0.0
5095b0920a3602aa|Blake Bilder|8|2|1|"5' 8"""|145 lbs.|"68"""|Switch|Jul 12, 1990|3.81|48%|4.15|53%|0.31|7%|71%|0.6
7e511f8d842a109d|Arjan Bhullar|9|1|0|"6' 1"""|245 lbs.|"75"""|Orthodox|May 13, 1986|2.33|56%|3.25|59%|1.73|75%|100%|0.0
87f19d19f4cb73f8|Bibulatov Magomed|14|2|0|"5' 5"""|125 lbs.|"65"""|Orthodox|Aug 22, 1988|3.60|51%|1.83|52%|2.85|40%|75%|0.0
a524710c3ef918fa|Fernando Bettega|7|5|0|No Stat|170 lbs.|No Stat|No Stat|Mar 10, 1980|0.00|0%|0.00|0%|0.00|0%|0%|0.0
9cd047a828dd7515|KB Bhullar|8|2|0|"6' 4"""|185 lbs.|"78"""|Switch|Oct 12, 1991|4.31|49%|5.39|45%|0.00|0%|0%|0.0
e05f4ce199baca91|Khadzhi Bestaev|10|4|0|"6' 6"""|185 lbs.|"76"""|No Stat|Jul 16, 1988|6.15|29%|10.00|43%|0.00|0%|0%|0.0
3f24c96753dbd9f9|Scott Bessac|4|6|0|"6' 4"""|245 lbs.|No Stat|No Stat|No Stat|0.00|0%|0.00|0%|0.00|0%|0%|0.0
0b8d512c79b4baf3|Matt Bessette|22|9|0|"5' 10"""|145 lbs.|"70"""|Orthodox|Dec 28, 1984|4.36|41%|4.45|58%|0.64|28%|61%|0.3
8ba8e8d7eafa7267|Anton Berzin|5|1|0|"6' 2"""|205 lbs.|No Stat|Orthodox|Sep 29, 1989|4.40|46%|6.80|67%|2.00|28%|0%|1.0
66766984842c13dc|Edson Berto|17|12|1|"5' 6"""|155 lbs.|No Stat|Orthodox|Jul 05, 1983|1.76|36%|4.62|47%|5.47|40%|0%|2.7
0db70ca89e1c7374|Dieusel Berto|0|3|0|"5' 9"""|200 lbs.|No Stat|No Stat|No Stat|0.00|0%|0.00|0%|0.00|0%|0%|0.0
aebfb84d1f6d2d8c|Allen Berube|4|3|0|"5' 8"""|155 lbs.|No Stat|Orthodox|Aug 25, 1974|0.92|80%|0.92|33%|6.87|100%|0%|3.4
0b935b9bbbe5fc07|Keith Berry|15|14|1|"6' 1"""|185 lbs.|No Stat|No Stat|Oct 25, 1987|0.27|12%|6.27|28%|0.00|0%|0%|0.0
b3bbe88fecd6a0d2|Dave Berry|0|1|0|No Stat|No Stat|No Stat|No Stat|No Stat|0.00|0%|0.00|0%|0.00|0%|0%|0.0
2dc1bc1a02961656|Manny Bermudez|14|2|0|"5' 10"""|145 lbs.|"71"""|Orthodox|Jul 16, 1994|2.92|61%|2.68|46%|3.06|54%|0%|3.1
5b2325cd70dbe2ea|Talita Bernardo|6|4|0|"5' 4"""|135 lbs.|"68"""|Orthodox|Mar 04, 1987|3.12|42%|4.04|55%|1.62|22%|28%|0.5
e3779ef06e98f185|Keith Berish|5|1|0|"6' 0"""|205 lbs.|No Stat|Orthodox|Nov 14, 1985|3.58|36%|4.81|62%|1.76|40%|0%|0.0
aa8189053b3a8994|Kenneth Bergh|8|0|0|"6' 2"""|205 lbs.|"74"""|Orthodox|Jun 26, 1989|4.56|75%|1.27|28%|0.00|0%|0%|0.0
2891c9f7b26b26fc|Bret Bergmark|6|1|1|"5' 9"""|170 lbs.|No Stat|No Stat|Nov 24, 1973|2.78|52%|2.78|37%|4.17|100%|50%|4.2
a25f3dc0df974597|Pat Benson|3|5|3|"5' 9"""|155 lbs.|No Stat|No Stat|No Stat|0.00|0%|0.00|0%|0.00|0%|0%|0.0
592d23aed850e652|Len Bentley|10|6|0|"5' 9"""|155 lbs.|No Stat|No Stat|Nov 30, 1982|0.00|0%|0.00|0%|0.00|0%|0%|0.0
21b1132949f2a9b0|Steve Berger|21|23|2|"5' 11"""|170 lbs.|No Stat|Orthodox|May 20, 1973|1.00|27%|3.26|36%|0.84|40%|16%|1.7
6f242453c91a5af0|Dennis Bermudez|17|9|0|"5' 6"""|155 lbs.|"66"""|Orthodox|Dec 13, 1986|4.42|46%|3.07|59%|3.89|40%|82%|1.1
20999e27ddd94bda|Ryan Benoit|10|8|0|"5' 5"""|125 lbs.|"68"""|Orthodox|Aug 25, 1989|2.88|39%|3.65|58%|0.28|22%|72%|0.4
5431dccc09118234|Lance Benoist|7|2|0|"5' 11"""|170 lbs.|"72"""|Southpaw|Aug 26, 1988|3.68|51%|2.70|56%|1.50|33%|61%|0.0
7030c27fc9778964|Benjamin Bennett|7|1|0|"6' 0"""|170 lbs.|"73"""|Switch|May 08, 1994|4.53|54%|4.53|65%|6.00|60%|0%|0.0
a30f6d375dea5f9b|Joe Benoit|11|4|0|"5' 9"""|170 lbs.|No Stat|Orthodox|Mar 12, 1982|0.00|0%|0.00|100%|0.00|0%|0%|0.0
404ecb2700844072|DeAnna Bennett|8|3|1|"5' 4"""|125 lbs.|"68"""|Orthodox|Nov 18, 1984|3.13|58%|3.27|58%|0.00|0%|0%|1.0
c3ac8d0da7b05772|Josh Bennett|11|14|0|"6' 4"""|259 lbs.|No Stat|Orthodox|No Stat|2.90|40%|5.80|43%|1.50|100%|100%|0.0
8dc4f34c1f50d00d|Charles Bennett|30|33|2|"5' 8"""|155 lbs.|No Stat|Orthodox|Nov 23, 1979|1.39|39%|1.35|64%|2.02|100%|36%|2.0
6104730621ff318d|Karla Benitez|14|11|1|"5' 3"""|113 lbs.|No Stat|No Stat|No Stat|0.00|0%|2.40|57%|0.00|0%|100%|0.0
9fd1f08dd4aec14a|Dave Beneteau|6|5|1|"6' 2"""|250 lbs.|No Stat|Orthodox|No Stat|0.00|0%|0.00|0%|0.00|0%|0%|0.0
436f970c9ea9169c|Gabriel Benitez|23|13|0|"5' 8"""|155 lbs.|"71"""|Southpaw|Jun 15, 1988|5.26|41%|4.49|63%|0.22|50%|55%|0.9
a71feb7ea7592a71|Mike Bencic|1|2|0|"6' 0"""|215 lbs.|No Stat|Orthodox|No Stat|0.00|0%|3.32|53%|0.00|0%|0%|0.0
c3f6db17cea09ca7|Danilo Belluardo|12|5|0|"6' 0"""|155 lbs.|"74"""|Southpaw|Jul 21, 1994|1.52|61%|4.79|41%|3.50|100%|50%|0.0
ec71a892fada28c7|Marco Beltran|8|6|0|"5' 8"""|125 lbs.|"69"""|Orthodox|May 18, 1986|2.07|37%|1.93|63%|0.70|50%|46%|0.2
46baf0f57edfa4df|Joey Beltran|17|14|0|"6' 1"""|185 lbs.|"75"""|Orthodox|Dec 08, 1981|4.92|36%|5.27|54%|0.48|18%|75%|0.0
80eacd4da0617c57|Joseph Benavidez|28|8|0|"5' 4"""|125 lbs.|"65"""|Southpaw|Jul 31, 1984|3.52|34%|2.67|61%|1.41|30%|62%|0.6
69898645d600abdb|Rodolfo Bellato|12|2|1|"6' 3"""|205 lbs.|"75"""|Orthodox|Feb 05, 1996|5.84|61%|6.00|45%|1.26|36%|100%|0.3
7674b836ce0698a0|Yousri Belgaroui|8|3|0|"6' 5"""|185 lbs.|"79"""|Orthodox|Jun 02, 1992|4.43|60%|2.65|57%|0.00|0%|81%|0.0
0ee783aa00e468f0|Vitor Belfort|26|14|0|"6' 0"""|185 lbs.|"74"""|Southpaw|Apr 01, 1977|1.59|46%|2.83|50%|1.02|60%|53%|0.6
4130a743d9d22163|Alan Belcher|18|8|0|"6' 2"""|185 lbs.|"75"""|Orthodox|Apr 24, 1984|2.70|41%|3.10|59%|0.44|26%|55%|0.9
d7e40dca3ae125be|Diana Belbita|15|10|0|"5' 7"""|125 lbs.|"68"""|Orthodox|Jun 26, 1996|6.45|41%|6.55|51%|0.86|62%|64%|0.0
cbd3e590a85b18c5|Mirsad Bektic|13|4|0|"5' 8"""|145 lbs.|"70"""|Orthodox|Feb 16, 1991|2.43|41%|1.80|57%|3.98|52%|92%|0.4
3bc3f60b21cddc6a|Azamat Bekoev|20|3|0|"6' 0"""|185 lbs.|"72"""|Orthodox|Dec 30, 1995|7.59|61%|4.48|46%|2.59|33%|100%|0.0
d6ed764f8b78d32a|Allan Begosso|7|2|1|"5' 5"""|135 lbs.|"66"""|Orthodox|Nov 23, 1995|1.80|40%|7.73|34%|0.00|0%|25%|2.0
babc6b5745335f18|Lyle Beerbohm|24|3|0|"5' 10"""|155 lbs.|No Stat|Southpaw|Feb 05, 1979|1.98|55%|1.61|54%|2.10|23%|64%|0.3
b16a7e6a627e9789|Chase Beebe|24|13|1|"5' 7"""|135 lbs.|"67"""|Orthodox|Mar 29, 1985|2.17|38%|1.64|69%|2.49|42%|41%|0.9
40a456a25d52ee65|Rolando Bedoya|14|4|0|"5' 11"""|155 lbs.|"74"""|Orthodox|Jan 13, 1997|7.29|49%|6.38|52%|0.00|0%|33%|0.0
ffc3e6daaa6da0b7|Johnny Bedford|21|13|1|"5' 10"""|135 lbs.|"71"""|Orthodox|Jan 06, 1983|4.53|50%|1.75|63%|1.83|62%|62%|0.0
93bf96be327fcd98|Jeff Bedard|13|3|0|"5' 6"""|145 lbs.|No Stat|Orthodox|Feb 06, 1970|0.80|51%|0.00|100%|3.43|66%|100%|2.6
ce05955c26c3c090|Eric Bedard|6|7|0|"6' 2"""|239 lbs.|No Stat|No Stat|Sep 11, 1984|6.37|35%|8.54|52%|0.00|0%|0%|0.0
b96939f2b8d88e82|Ariel Beck|4|5|0|"5' 6"""|125 lbs.|"66"""|Southpaw|Sep 16, 1990|4.44|34%|4.31|64%|0.00|0%|0%|0.0
4fd76e7ba8313457|Salvador Becerra|5|2|0|"5' 9"""|155 lbs.|No Stat|No Stat|No Stat|4.57|31%|3.83|58%|0.00|0%|66%|0.0
b5a379583673510a|Jack Becker|13|6|0|"5' 8"""|155 lbs.|"71"""|Orthodox|Dec 20, 1992|1.01|39%|5.82|26%|1.68|50%|0%|0.0
74f13066b1417ef3|Rudy Bears|16|15|0|"5' 11"""|170 lbs.|No Stat|Southpaw|No Stat|1.27|29%|2.53|50%|0.00|0%|0%|0.0
55f446032177b119|Chris Beal|10|5|0|"5' 7"""|125 lbs.|"69"""|Orthodox|Aug 06, 1985|3.45|35%|3.18|61%|1.60|58%|78%|0.2
3a6ac598320ca7f2|Donovan Beard|7|2|0|"6' 2"""|185 lbs.|"78"""|Orthodox|Nov 05, 1989|0.00|0%|5.77|28%|0.00|0%|0%|0.0
bc711b6dd95c1af6|Mario Bautista|16|2|0|"5' 9"""|135 lbs.|"69"""|Switch|Jul 01, 1993|6.13|49%|4.45|55%|1.67|33%|67%|0.8
f626118b6da0e020|Bryan Battle|13|2|0|"6' 1"""|185 lbs.|"77"""|Orthodox|Sep 21, 1994|5.12|52%|4.11|44%|0.77|17%|53%|0.4
c9a94278df042f46|Alan Baudot|8|3|0|"6' 3"""|243 lbs.|"79"""|Orthodox|Feb 01, 1988|5.36|58%|4.82|46%|0.00|0%|62%|0.0
34218661c44ed55d|Michel Batista|4|1|0|"6' 3"""|260 lbs.|No Stat|Orthodox|Apr 20, 1984|0.00|0%|4.03|40%|6.72|50%|0%|0.0
e1f8beeb6d2d871a|Namsrai Batbayar|8|1|0|"5' 4"""|125 lbs.|"68"""|Orthodox|Dec 29, 2000|3.57|37%|4.01|47%|3.25|33%|0%|0.0
8ef4a91ac694b7ce|Shayna Baszler|15|11|0|"5' 7"""|135 lbs.|No Stat|Orthodox|Aug 08, 1980|2.49|30%|6.36|51%|0.67|18%|44%|1.3
29508aff4d93cbbe|Ryan Bastianelli|6|7|0|"5' 5"""|135 lbs.|No Stat|No Stat|No Stat|0.00|0%|0.00|0%|0.00|0%|0%|0.0
2c733e059462c1dc|Sean Bassett|0|4|0|No Stat|155 lbs.|No Stat|No Stat|No Stat|0.00|0%|0.00|0%|0.00|0%|0%|0.0
a09ed60aa67a3f67|Farid Basharat|13|0|0|"5' 8"""|135 lbs.|"71"""|Orthodox|Aug 02, 1997|4.36|55%|2.57|59%|3.97|44%|80%|0.5
d3f89fa685bd8420|Austin Bashi|14|1|0|"5' 6"""|145 lbs.|"70"""|Orthodox|Sep 29, 2001|1.94|48%|2.71|46%|8.39|39%|62%|1.3
bbab3baf66128ae2|Javid Basharat|14|2|0|"5' 9"""|135 lbs.|"69"""|Orthodox|Sep 07, 1995|5.41|53%|2.96|61%|1.62|40%|83%|0.2
1cecc8fe6748a532|Stephen Bass|11|2|0|"5' 9"""|145 lbs.|No Stat|Orthodox|Nov 14, 1982|4.87|52%|5.87|55%|0.00|0%|0%|0.0
a6f3d15cb84334bb|Dean Barry|4|2|0|"5' 10"""|170 lbs.|"72"""|Orthodox|Jul 03, 1992|9.31|40%|4.66|51%|0.00|0%|100%|0.0
be0b310a12eb80b4|Enrique Barzola|17|5|2|"5' 7"""|145 lbs.|"70"""|Orthodox|Apr 28, 1989|3.91|41%|2.97|68%|4.20|45%|66%|0.3
b69f24c500d783e7|Francimar Barroso|19|7|0|"6' 1"""|205 lbs.|"75"""|Orthodox|Feb 28, 1980|2.77|52%|3.07|59%|2.22|24%|83%|0.0
658c3465581ae46b|Pat Barry|8|7|0|"5' 11"""|235 lbs.|"74"""|Orthodox|Jul 07, 1979|2.72|52%|3.54|59%|0.00|0%|76%|0.2
d26394fc0e8e880a|Ricardo Barros|2|2|0|"6' 1"""|205 lbs.|No Stat|No Stat|Mar 22, 1976|0.00|0%|8.22|31%|0.00|0%|100%|0.0
8fd1f27e86661ede|Alexandre Barros|22|11|0|"5' 9"""|170 lbs.|No Stat|Southpaw|Nov 19, 1976|0.98|40%|4.05|36%|1.84|50%|100%|0.0
d21113c9ff3788ae|Peter Barrett|11|5|0|"5' 10"""|145 lbs.|"73"""|Southpaw|Aug 10, 1986|4.18|61%|4.32|42%|1.39|22%|66%|0.0
e6015889f50075d2|David Barrios|4|8|0|"5' 6"""|145 lbs.|No Stat|No Stat|No Stat|0.00|0%|0.00|0%|0.00|0%|0%|0.0
8e9eb3fc86db0f7d|Marc-Andre Barriault|17|10|0|"6' 1"""|185 lbs.|"74"""|Orthodox|Feb 18, 1990|5.70|47%|5.63|50%|0.37|28%|68%|0.1
c32eab6c2119e989|Jose Barreto|0|1|0|No Stat|185 lbs.|No Stat|Southpaw|No Stat|0.00|0%|0.00|0%|0.00|0%|0%|0.0
a220be6d41d6f97d|Carlos Barreto|14|9|0|"6' 4"""|230 lbs.|No Stat|Orthodox|No Stat|0.00|0%|0.00|0%|0.00|0%|0%|0.0
f12f979b657ab876|Dan Barrera|3|1|0|"5' 9"""|170 lbs.|No Stat|Orthodox|Dec 23, 1980|0.80|70%|1.20|28%|1.00|8%|0%|0.0
1652f3213655b935|Phil Baroni|15|18|0|"5' 9"""|170 lbs.|"72"""|Orthodox|Apr 16, 1976|2.77|45%|3.93|40%|1.46|47%|60%|0.5
80c0bed43da0e27b|David Baron|17|4|1|"5' 6"""|155 lbs.|No Stat|Switch|Feb 15, 1973|1.17|30%|2.10|56%|0.00|0%|14%|0.7
7a5e8c94a86f9895|Chris Barnett|23|9|0|"5' 9"""|265 lbs.|"75"""|Orthodox|Jun 14, 1986|4.21|47%|6.53|39%|0.00|0%|33%|0.0
91e69a1c3c87325b|Chris Barnhizer|2|3|0|No Stat|No Stat|No Stat|No Stat|No Stat|0.00|0%|0.00|0%|0.00|0%|0%|0.0
ad3f53c454cbbead|Josh Barnett|35|8|0|"6' 3"""|250 lbs.|"78"""|Orthodox|Nov 10, 1977|3.20|50%|2.11|57%|1.26|55%|55%|1.4
78a5eea49638685d|Nick Barnes|11|2|0|"5' 11"""|170 lbs.|No Stat|No Stat|No Stat|2.86|29%|8.93|51%|5.36|100%|100%|5.4
e575b6ff678c1aca|Shonte Barnes|6|2|1|"5' 11"""|185 lbs.|"76"""|Southpaw|Feb 09, 1987|2.32|38%|1.55|67%|0.00|0%|60%|0.0
c06a5c95f1169c0b|James Barnes|14|5|0|"5' 8"""|135 lbs.|"71"""|Orthodox|May 28, 1982|0.57|34%|3.02|39%|1.08|16%|40%|0.0
172c2135e70f87b7|Luke Barnatt|13|4|0|"6' 6"""|185 lbs.|"77"""|Orthodox|Apr 13, 1988|4.43|36%|3.87|59%|0.63|42%|63%|0.4
e8fe9c15d348e778|Daniel Barez|17|7|0|"5' 6"""|125 lbs.|"66"""|Orthodox|Dec 10, 1988|3.65|49%|5.95|50%|1.93|28%|80%|0.6
b7c5eb7cdbac6a63|Danny Barlow|9|1|0|"6' 2"""|170 lbs.|"79"""|Southpaw|Aug 02, 1995|5.62|50%|3.70|51%|0.00|0%|100%|0.0
27b388f0aab49780|Dione Barbosa|8|3|0|"5' 6"""|125 lbs.|"66"""|Orthodox|May 08, 1992|2.35|50%|2.73|67%|1.93|33%|42%|2.3
d4baaa0630bf5798|Dani Barbir|7|0|0|No Stat|185 lbs.|No Stat|No Stat|No Stat|0.00|0%|0.00|0%|0.00|0%|0%|0.0
b9f28e7045fdfce7|Raoni Barcelos|20|5|0|"5' 7"""|135 lbs.|"67"""|Orthodox|May 01, 1987|4.87|52%|4.40|60%|2.33|33%|85%|0.6
c85bad793cd14e28|Marcio Barbosa|16|2|0|No Stat|145 lbs.|No Stat|No Stat|May 22, 1998|0.00|0%|0.00|0%|0.00|0%|0%|0.0
64a50dad704d1d49|Edson Barboza|24|12|0|"5' 11"""|155 lbs.|"75"""|Orthodox|Jan 21, 1986|4.11|44%|4.65|56%|0.45|50%|72%|0.1
a331233f597090a5|Bryan Barberena|18|12|0|"6' 0"""|185 lbs.|"72"""|Southpaw|May 03, 1989|5.35|48%|4.59|44%|0.13|22%|50%|0.3
6a740daf1b279661|Maycee Barber|14|2|0|"5' 5"""|125 lbs.|"65"""|Switch|May 18, 1998|4.70|53%|2.90|54%|1.44|43%|53%|0.1
06dced58ca24a6bd|Junior Barata|9|3|1|"5' 10"""|170 lbs.|No Stat|Orthodox|Jan 25, 1982|4.03|33%|8.46|34%|0.00|0%|0%|0.0
1c23ec2f1b71be40|Iwo Baraniewski|5|0|0|No Stat|205 lbs.|No Stat|No Stat|Nov 20, 1998|0.00|0%|0.00|0%|0.00|0%|0%|0.0
2c99576fefe53c7c|Renan Barao|34|9|0|"5' 6"""|145 lbs.|"70"""|Orthodox|Jan 31, 1987|3.78|36%|3.90|57%|1.49|41%|91%|0.5
9ddfb3369a3b0394|Antonio Banuelos|20|11|1|"5' 5"""|135 lbs.|"63"""|Orthodox|Sep 23, 1979|2.69|33%|3.15|58%|1.62|62%|86%|0.4
9c442aaf149ea982|Shauna Bannon|7|1|0|"5' 5"""|115 lbs.|"65"""|Switch|Oct 23, 1993|4.77|43%|3.88|44%|0.00|0%|42%|0.8
c50ea21fe9ef478d|Yohan Banks|2|1|0|No Stat|No Stat|No Stat|No Stat|No Stat|0.00|0%|0.00|0%|0.00|0%|0%|0.0
9a2d3567abc02e34|Tae Hyun Bang|18|10|0|"5' 9"""|155 lbs.|"71"""|Switch|Apr 15, 1983|2.72|38%|2.07|66%|0.49|33%|57%|0.5
5c2ce761399dc9c5|Marcin Bandel|15|7|0|"5' 10"""|155 lbs.|No Stat|Orthodox|Oct 10, 1989|0.79|50%|5.26|23%|0.00|0%|0%|0.0
2c2caf2f2bab9df5|Humberto Bandenay|14|7|0|"5' 11"""|145 lbs.|"71"""|Southpaw|Sep 04, 1994|2.22|41%|4.79|41%|2.90|46%|62%|0.5
371efa53bd0cf669|Jin Bala|23|3|0|"5' 9"""|155 lbs.|No Stat|No Stat|No Stat|0.00|0%|0.00|0%|0.00|0%|0%|0.0
4c4b44e3cf5815b3|Stephen Banaszak|5|5|0|"6' 0"""|145 lbs.|No Stat|No Stat|Dec 07, 1990|4.20|47%|1.15|66%|0.00|0%|100%|1.9
04b39f4e8eb59d7c|Oluwale Bamgbose|6|4|0|"5' 11"""|185 lbs.|"78"""|Switch|Aug 04, 1987|2.45|48%|2.70|55%|0.94|33%|37%|0.0
e626e92a8f2a9737|Balajin|23|4|0|"5' 9"""|145 lbs.|"72"""|Orthodox|Mar 31, 1992|1.40|33%|2.73|50%|2.00|20%|66%|0.0
7d5b12de1625984e|Scott Baker|1|1|0|"6' 0"""|210 lbs.|No Stat|No Stat|No Stat|0.00|0%|0.00|0%|0.00|0%|0%|0.0
898337ef520fe4d3|Bryan Baker|18|5|0|"6' 3"""|185 lbs.|No Stat|Orthodox|Oct 13, 1985|1.78|52%|2.83|45%|0.44|50%|37%|0.9
34dbcd4dbaf21a36|Jordan Bailey|6|3|0|"5' 9"""|145 lbs.|No Stat|No Stat|No Stat|1.74|40%|0.29|0%|4.35|100%|0%|4.3
e2b8186b618b00c4|Shamar Bailey|16|11|0|"5' 9"""|155 lbs.|"75"""|Southpaw|Sep 22, 1982|1.56|20%|3.91|69%|1.50|33%|37%|0.0
8f313e9c3a39c06e|Bahatebole Batebolati|10|1|1|"5' 8"""|170 lbs.|"71"""|Southpaw|Sep 12, 1997|4.02|45%|4.83|61%|1.34|66%|100%|0.0
a52bc1e62cf0b7c6|Melsik Baghdasaryan|8|3|0|"5' 9"""|145 lbs.|"70"""|Southpaw|Jan 28, 1992|5.04|59%|3.14|56%|0.00|0%|72%|0.0
e4a47b07044ddd72|Ignacio Bahamondes|17|6|0|"6' 3"""|155 lbs.|"75"""|Orthodox|Aug 27, 1997|6.55|45%|4.33|56%|0.00|0%|75%|0.4
aec185309b4843d0|Siyar Bahadurzada|24|8|1|"5' 11"""|170 lbs.|"73"""|Orthodox|Apr 17, 1984|2.91|40%|3.23|49%|1.32|61%|62%|0.3
4fcf6e0c4e0e6664|Izabela Badurek|6|3|0|"5' 5"""|115 lbs.|No Stat|Orthodox|Jul 11, 1991|3.74|71%|4.90|32%|1.75|12%|100%|0.0
3dd92ff9fb0412b3|Ali Bagautinov|15|6|0|"5' 4"""|125 lbs.|"65"""|Orthodox|Jun 10, 1985|2.85|42%|3.09|52%|2.51|36%|65%|0.3
82d4c957649faf9b|Miguel Baeza|10|4|0|"6' 2"""|170 lbs.|"74"""|Orthodox|Aug 23, 1992|4.09|49%|5.92|46%|0.36|22%|54%|2.0
e4d2564ea0e34e2b|Mehdi Baghdad|11|5|0|"6' 1"""|155 lbs.|No Stat|Orthodox|Apr 13, 1985|3.13|30%|4.56|46%|0.00|0%|33%|0.0
968764372c49eab6|Abdul Azeem Badakhshi|13|3|0|No Stat|145 lbs.|No Stat|No Stat|No Stat|0.00|0%|0.00|0%|0.00|0%|0%|0.0
c03520b5c88ed6b4|Merab Dvalishvili|20|4|0|"5' 6"""|135 lbs.|"68"""|Orthodox|Jan 10, 1991|4.31|42%|2.48|56%|5.84|35%|82%|0.3
fd5b6598a3b70c0a|Seth Baczynski|20|14|0|"6' 3"""|170 lbs.|"75"""|Orthodox|Oct 26, 1981|3.08|31%|3.14|51%|0.89|16%|48%|0.8
9ada30894bf04e19|David Dvorak|20|6|0|"5' 5"""|125 lbs.|"68"""|Orthodox|Jun 05, 1992|3.48|43%|3.29|59%|0.58|30%|70%|0.2
43db649da89fac4b|Rilley Dutro|11|4|0|"5' 8"""|125 lbs.|No Stat|Orthodox|Sep 03, 1987|4.74|54%|5.95|33%|0.00|0%|83%|0.0
7df4d3c38792b083|Bill Duvall|1|2|0|"6' 2"""|185 lbs.|No Stat|Southpaw|No Stat|0.00|0%|2.40|40%|0.00|0%|0%|0.0
4417980b3e798abf|Reuben Duran|11|7|1|"5' 7"""|135 lbs.|"71"""|Orthodox|Jul 02, 1983|3.19|49%|2.61|50%|0.98|23%|25%|0.7
2153a7f8396a46cc|Luiz Dutra|13|6|1|"5' 11"""|170 lbs.|No Stat|Orthodox|May 06, 1982|3.92|50%|4.80|41%|0.00|0%|100%|0.0
6b7c7460855dbbb9|Albert Duraev|16|5|0|"5' 11"""|185 lbs.|"75"""|Orthodox|Jan 05, 1989|2.99|40%|3.01|59%|1.97|29%|66%|0.6
c0ab242c40decc55|Ryan Bader|23|5|0|"6' 2"""|205 lbs.|"74"""|Orthodox|Jun 07, 1983|2.82|43%|1.39|71%|3.37|44%|80%|0.4
7f6ed67d3ed3c036|Cody Durden|17|8|1|"5' 7"""|125 lbs.|"67"""|Southpaw|Mar 29, 1991|3.44|44%|4.35|50%|4.13|47%|73%|0.7
31732a614e7a3d1d|Alex Dunworth|2|2|0|"5' 8"""|155 lbs.|No Stat|No Stat|No Stat|1.94|31%|8.71|35%|0.00|0%|50%|0.0
e979c76341f19b22|Tom Duquesnoy|16|2|0|"5' 7"""|135 lbs.|"68"""|Orthodox|Jun 21, 1993|3.83|45%|5.30|62%|0.42|25%|46%|0.0
e5c9de15bb58b1c6|Evan Dunham|18|9|1|"5' 10"""|155 lbs.|"70"""|Southpaw|Dec 18, 1981|5.33|39%|3.54|61%|1.82|33%|79%|1.0
a93f94c923c3a9cb|Christian Leroy Duncan|11|2|0|"6' 2"""|185 lbs.|"79"""|Switch|Jul 24, 1995|4.75|59%|3.01|51%|0.24|11%|72%|0.0
fd406a32a6fb3a29|Chris Duncan|14|2|0|"5' 10"""|155 lbs.|"71"""|Orthodox|May 10, 1993|4.20|45%|3.63|47%|4.10|43%|37%|0.6
d3f5d33d61cd00c9|Norma Dumont|12|2|0|"5' 7"""|135 lbs.|"67"""|Orthodox|Oct 01, 1990|3.86|50%|2.16|65%|1.72|56%|72%|0.0
1a225f04aa6e0739|Kelly Dullanty|4|2|0|"5' 8"""|155 lbs.|No Stat|Orthodox|Nov 04, 1977|0.00|0%|0.67|75%|0.00|0%|66%|0.0
4e6738062d469256|Sedriques Dumas|10|3|0|"6' 2"""|185 lbs.|"79"""|Orthodox|Aug 06, 1995|2.10|45%|2.50|55%|1.25|35%|40%|0.2
e803242fb2e41112|Islam Dulatov|12|1|0|"6' 3"""|170 lbs.|"75"""|Orthodox|Aug 02, 1998|8.78|54%|4.24|50%|2.20|100%|100%|0.0
a57cb948c4c70a47|Isaac Dulgarian|7|1|0|"5' 7"""|145 lbs.|"71"""|Orthodox|Jul 04, 1996|3.37|64%|1.82|41%|5.15|52%|0%|2.1
a7ddae0be8b78147|Jessamyn Duke|3|5|0|"5' 11"""|135 lbs.|"73"""|Orthodox|Jun 24, 1986|4.83|53%|4.43|57%|1.27|36%|50%|1.9
4ae4049426e0161d|Alexis Dufresne|6|3|0|"5' 9"""|135 lbs.|No Stat|Orthodox|Aug 31, 1990|1.33|27%|3.33|60%|1.50|50%|50%|0.0
cea51876d8a514a0|Jack Duffy|7|1|0|"5' 7"""|125 lbs.|"69"""|Switch|Oct 02, 1995|5.07|69%|2.13|52%|0.00|0%|62%|0.0
654ae722109a0d31|Joe Duffy|16|5|0|"5' 10"""|155 lbs.|"73"""|Orthodox|Feb 18, 1988|2.68|34%|3.78|54%|0.96|66%|64%|0.7
bda04c573563cc2e|Todd Duffee|9|3|0|"6' 3"""|260 lbs.|"78"""|Orthodox|Dec 06, 1985|5.93|37%|2.87|56%|0.72|25%|90%|0.0
cb6c45b26b0a877a|Adin Duenas|6|1|0|"5' 6"""|145 lbs.|No Stat|No Stat|Jul 02, 1988|0.00|0%|0.00|0%|0.00|0%|0%|0.0
02f8fedc18cbd26c|Emily Ducote|13|9|0|"5' 2"""|115 lbs.|"63"""|Orthodox|Jan 01, 1994|7.45|52%|7.84|57%|0.20|14%|94%|0.0
072a10e85f7d4bff|Milana Dudieva|11|6|0|"5' 3"""|135 lbs.|No Stat|Orthodox|Aug 04, 1989|0.87|31%|3.43|58%|2.34|45%|0%|0.0
6c9b66b43663f2f7|Viktoriia Dudakova|8|2|0|"5' 5"""|115 lbs.|"67"""|Orthodox|Jan 26, 1999|2.87|47%|3.40|50%|2.73|35%|33%|0.0
c3d2b9bcb4cead6b|Yuneisy Duben|6|1|0|"5' 4"""|125 lbs.|"65"""|Orthodox|Jul 08, 1996|13.53|48%|10.75|53%|0.00|0%|0%|0.0
ec322adbabbfa6e7|Matthieu Duclos|6|3|0|"6' 3"""|185 lbs.|"77"""|Orthodox|Apr 04, 1995|3.93|37%|6.81|46%|0.00|0%|100%|0.0
454c3e9d4cd4a1b3|Joe Duarte|10|4|0|No Stat|155 lbs.|No Stat|No Stat|Jan 25, 1977|2.27|38%|4.00|53%|3.00|50%|69%|1.0
0d7b51c9d2649a6e|Dricus Du Plessis|23|2|0|"6' 1"""|185 lbs.|"76"""|Switch|Jan 14, 1994|6.12|48%|4.90|54%|2.55|50%|50%|0.7
29b5d32584e02d8d|Antonio Duarte|19|7|0|"5' 7"""|135 lbs.|No Stat|No Stat|No Stat|4.55|40%|4.18|57%|0.00|0%|60%|0.0
706404da0775dcbc|Hugo Duarte|6|3|0|"6' 0"""|240 lbs.|No Stat|Orthodox|Aug 09, 1968|0.00|0%|0.00|0%|0.00|0%|0%|0.0
d2a9be6bf2de624c|Robert Drysdale|7|0|0|"6' 3"""|205 lbs.|No Stat|Orthodox|Oct 05, 1981|0.00|0%|0.00|0%|7.32|100%|0%|21.9
5fd834edd92c9e50|Chris Drumm|0|1|0|"5' 8"""|145 lbs.|No Stat|No Stat|No Stat|0.00|0%|0.00|0%|0.00|0%|0%|0.0
679a9054e2815943|Tomasz Drwal|21|5|1|"6' 1"""|205 lbs.|"76"""|Orthodox|Jan 22, 1982|3.29|38%|2.26|57%|3.55|60%|82%|0.4
e5e148d4363deff8|Kyle Driscoll|12|3|0|"5' 11"""|145 lbs.|"74"""|Orthodox|Sep 23, 1994|2.73|32%|2.60|58%|2.00|18%|0%|0.0
c2c4052f58f54988|Anthony Drilich|8|2|0|"5' 5"""|125 lbs.|"65"""|Southpaw|Mar 17, 1994|5.80|31%|5.07|40%|0.00|0%|55%|0.0
cb4bf812d9cb78b4|Jimmy Drago|7|2|0|No Stat|170 lbs.|No Stat|No Stat|Feb 18, 1995|0.00|0%|0.00|0%|0.00|0%|0%|0.0
b05086131c6f5dc5|Derek Downey|11|4|0|"6' 1"""|185 lbs.|No Stat|Orthodox|Apr 27, 1980|0.32|100%|3.36|12%|2.40|16%|0%|0.0
0509b954421bb327|John Doyle|11|22|0|"5' 11"""|205 lbs.|No Stat|Orthodox|Nov 21, 1976|3.50|44%|10.51|27%|0.00|0%|0%|0.0
f9c7fe2682af3802|Edson Drago|11|7|0|"6' 4"""|220 lbs.|No Stat|Orthodox|Aug 29, 1977|1.16|40%|2.39|36%|0.00|0%|55%|0.0
0d9312337fdce39a|Jordan Dowdy|4|3|0|No Stat|170 lbs.|No Stat|No Stat|No Stat|2.11|44%|2.63|50%|0.00|0%|0%|0.0
a66395395b5f1394|Danny Downes|8|3|0|"6' 0"""|155 lbs.|"72"""|Orthodox|Apr 08, 1986|1.66|34%|3.53|37%|0.00|0%|37%|0.5
e780ccc79a209985|John Dowdy|0|1|0|No Stat|No Stat|No Stat|No Stat|No Stat|0.00|0%|0.00|0%|0.00|0%|0%|0.0
5159e6ee100c717e|Cedric Doumbe|2|0|0|"5' 10"""|170 lbs.|No Stat|No Stat|Aug 13, 1992|0.00|0%|0.00|0%|0.00|0%|0%|0.0
ce3b669e39418414|Damion Douglas|4|1|0|No Stat|170 lbs.|No Stat|No Stat|No Stat|0.00|0%|0.00|0%|0.00|0%|0%|0.0
640a0f838f057a81|Lerryan Douglas|12|5|0|No Stat|145 lbs.|No Stat|No Stat|Apr 27, 1995|0.00|0%|0.00|0%|0.00|0%|0%|0.0
7cf0944b88966118|David Douglas|9|7|0|"5' 11"""|155 lbs.|No Stat|No Stat|Aug 16, 1981|0.00|0%|0.00|0%|0.00|0%|0%|0.0
8ce87f7e3a9baed2|Tiago dos Santos e Silva|20|7|2|"5' 9"""|145 lbs.|"70"""|Orthodox|Apr 12, 1987|3.69|35%|4.23|59%|0.63|11%|33%|0.3
86cb6f5b1ca98dc0|Oleksandr Doskalchuk|10|2|0|"5' 6"""|125 lbs.|No Stat|Southpaw|Mar 13, 1990|0.00|0%|0.00|0%|0.00|0%|0%|0.0
02bb48869eb7ac8f|Rayanne dos Santos|14|9|0|"5' 2"""|115 lbs.|"62"""|Orthodox|Jun 08, 1995|4.57|40%|6.47|59%|0.50|14%|80%|0.0
5cdf5339728f580d|Felipe dos Santos|8|3|0|"5' 7"""|125 lbs.|"70"""|Orthodox|Sep 11, 2000|3.75|39%|3.80|41%|0.00|0%|20%|0.5
bbc9ab95fa766493|Anderson Dos Santos|21|9|0|"5' 5"""|135 lbs.|"70"""|Orthodox|Jul 24, 1985|2.70|25%|5.37|49%|0.98|14%|66%|0.7
957562fdf68a725a|Acacio Dos Santos|14|5|0|"6' 4"""|205 lbs.|"79"""|Orthodox|Sep 29, 1991|1.27|41%|1.40|43%|0.00|0%|31%|0.0
81b8b3fb019dc69d|Antonio Dos Santos|6|4|0|"5' 10"""|185 lbs.|No Stat|Orthodox|Jul 21, 1988|5.40|51%|3.94|43%|0.00|0%|100%|0.0
b51f6791c794e289|Geronimo dos Santos|39|19|0|"6' 3"""|264 lbs.|No Stat|Orthodox|Aug 17, 1980|1.09|33%|8.73|41%|0.00|0%|33%|0.0
63def5a5662a6917|Junior Dos Santos|21|9|0|"6' 4"""|238 lbs.|"77"""|Orthodox|Jan 30, 1984|4.49|47%|3.33|56%|0.30|50%|81%|0.1
312f47c3d2f83ffa|Houston Dorr|1|2|0|"6' 1"""|210 lbs.|No Stat|Orthodox|No Stat|0.00|0%|0.00|0%|0.00|0%|0%|0.0
7bc96507e4b38d3b|Cody Donovan|8|5|0|"6' 3"""|205 lbs.|"74"""|Orthodox|Feb 20, 1981|5.61|59%|5.44|45%|1.67|28%|0%|1.7
bad82b681819b272|Dong Huaxiang|12|3|0|"5' 3"""|115 lbs.|"61"""|Switch|Aug 21, 1998|3.50|59%|3.13|65%|4.00|44%|100%|0.0
1c610f900f9884ab|John Donaldson|2|2|0|"5' 8"""|145 lbs.|No Stat|No Stat|Jul 09, 1992|1.21|23%|4.22|51%|0.00|0%|0%|0.0
1a50e734bb54861a|OJ Dominguez|0|1|0|No Stat|No Stat|No Stat|No Stat|No Stat|0.00|0%|0.00|0%|0.00|0%|0%|0.0
6a2f7c151031653d|Rafael Dos Anjos|32|17|0|"5' 8"""|170 lbs.|"70"""|Southpaw|Oct 26, 1984|3.48|47%|3.23|60%|1.95|35%|54%|0.6
4145caa2c999fbac|Dennis Dombrow|7|5|0|No Stat|145 lbs.|No Stat|No Stat|Mar 17, 1986|0.00|0%|0.00|0%|0.00|0%|0%|0.0
5d7bdab5e03e3216|CB Dollaway|17|9|0|"6' 2"""|185 lbs.|"76"""|Orthodox|Aug 10, 1983|2.65|47%|2.58|54%|3.55|54%|62%|1.2
3bbcd63a016d9715|Cameron Dollar|11|5|0|"5' 11"""|155 lbs.|No Stat|Orthodox|May 12, 1987|5.04|38%|2.94|61%|0.00|0%|0%|0.0
29b5791e51e7e832|Mike Dolce|5|10|0|"5' 11"""|185 lbs.|No Stat|No Stat|Apr 15, 1976|0.00|0%|0.00|0%|0.00|0%|0%|0.0
99506df1af6c8b3b|John Dodson|22|12|0|"5' 3"""|135 lbs.|"66"""|Orthodox|Sep 26, 1984|3.20|40%|3.58|61%|0.71|28%|82%|0.0
327d5f279895110d|Roman Dolidze|15|3|0|"6' 2"""|185 lbs.|"76"""|Orthodox|Jul 15, 1988|3.58|42%|3.56|49%|1.11|40%|33%|0.9
c2a7623f398d9bd7|David Dodd|4|7|0|"6' 2"""|200 lbs.|No Stat|Orthodox|Sep 22, 1973|0.00|0%|0.00|0%|0.00|0%|0%|0.0
009c4420727149ea|AJ Dobson|7|3|0|"6' 1"""|185 lbs.|"76"""|Orthodox|Jan 18, 1992|4.29|46%|5.31|46%|1.67|75%|65%|0.3
dbaaf42313af90fa|Joe Doerksen|51|16|0|"6' 0"""|185 lbs.|"75"""|Orthodox|Oct 09, 1977|1.43|42%|2.79|50%|2.02|33%|33%|2.3
122ac9b816d8b71c|Shana Dobson|4|5|0|"5' 6"""|125 lbs.|"69"""|Orthodox|Mar 30, 1989|3.34|37%|5.20|50%|0.84|50%|14%|0.0
519e4fe37ce9ff75|Drew Dober|27|15|0|"5' 8"""|155 lbs.|"70"""|Southpaw|Oct 19, 1988|4.36|40%|4.33|51%|0.66|17%|56%|0.1
ad4e9055bf8cd04d|John Dixson|15|22|0|"6' 0"""|275 lbs.|No Stat|Orthodox|No Stat|0.00|0%|0.00|0%|0.00|0%|0%|0.0
7c9aeba0c4d4bd78|Anthony Do|4|2|0|"5' 4"""|125 lbs.|No Stat|No Stat|No Stat|0.00|0%|0.00|0%|0.00|0%|0%|0.0
f50d95223751e6ca|Russell Doane|15|8|0|"5' 7"""|135 lbs.|"70"""|Orthodox|Aug 13, 1986|1.75|40%|1.68|53%|2.11|45%|52%|0.8
ec7f7263bf36579b|Rico DiSciullo|9|2|0|"5' 8"""|135 lbs.|No Stat|Orthodox|Oct 12, 1986|1.71|33%|4.41|56%|0.00|0%|0%|0.0
73eb2a552c92a821|Helio Dipp|6|3|0|"6' 5"""|185 lbs.|No Stat|Orthodox|No Stat|0.60|25%|1.80|62%|0.00|0%|50%|0.0
1db445a4468447d0|Matt Dixon|9|1|0|"5' 10"""|170 lbs.|"75"""|Switch|Oct 09, 1995|1.97|43%|4.56|37%|3.06|30%|0%|0.0
25f9a5f3e8a52618|Jhonata Diniz|9|1|0|"6' 4"""|254 lbs.|"79"""|Orthodox|Jun 23, 1991|4.58|56%|3.71|59%|0.00|0%|78%|0.0
2d2239d0f6fa83dd|Rodolfo Marques Diniz|23|9|1|"5' 6"""|135 lbs.|No Stat|No Stat|Jan 23, 1984|1.08|32%|2.36|33%|0.00|0%|50%|1.8
cc2ad11b1f9d818b|Drew Dimanlig|3|4|0|No Stat|185 lbs.|No Stat|No Stat|No Stat|3.70|73%|3.17|20%|0.00|0%|0%|0.0
e0664abaa023fd6f|Ding Meng|34|9|0|"6' 2"""|170 lbs.|"73"""|Orthodox|Sep 27, 1994|3.40|50%|3.87|48%|1.00|50%|0%|0.0
b4f7a2d8ecc5e0c3|Ralph Dillon|0|2|1|"6' 2"""|205 lbs.|No Stat|Orthodox|No Stat|0.34|14%|0.69|60%|0.00|0%|0%|0.0
c849740a3ff51931|TJ Dillashaw|18|5|0|"5' 6"""|135 lbs.|"67"""|Orthodox|Feb 07, 1986|5.09|41%|3.47|62%|1.56|30%|77%|0.8
31da66df48c0c1a0|Kyle Dietz|5|2|0|"5' 8"""|135 lbs.|No Stat|Orthodox|Apr 29, 1986|1.82|45%|2.08|62%|0.00|0%|0%|0.0
eb42d4febfafefd1|Seth Dikun|9|8|0|"5' 10"""|135 lbs.|"69"""|Orthodox|Aug 05, 1980|1.45|26%|2.18|55%|0.00|0%|45%|0.9
2482ef3331a82e75|Mark Dickman|11|3|0|"5' 9"""|145 lbs.|No Stat|No Stat|Jul 19, 1984|0.00|0%|0.00|0%|0.00|0%|0%|0.0
6967153c7edb4d87|Ozzy Diaz|10|3|0|"6' 4"""|185 lbs.|"79"""|Orthodox|Nov 22, 1990|6.44|50%|7.23|59%|0.00|0%|50%|0.0
414bddf0c80c41e1|Josh Diekmann|15|8|0|"5' 4"""|246 lbs.|No Stat|No Stat|Oct 09, 1976|0.28|5%|8.17|25%|0.00|0%|0%|0.0
ceee5dd37253199a|Ryan Diaz|13|14|0|No Stat|145 lbs.|No Stat|No Stat|No Stat|0.00|0%|0.00|0%|0.00|0%|0%|0.0
5e7a48e469770615|Michael Diaz|1|2|0|No Stat|260 lbs.|No Stat|No Stat|No Stat|0.00|0%|0.00|0%|0.00|0%|0%|0.0
bfa8f263815cfa2e|Adrian Diaz|11|4|1|"5' 10"""|145 lbs.|No Stat|Southpaw|Apr 26, 1988|0.48|42%|3.84|51%|2.40|50%|0%|0.0
8355922d564b152c|Nate Diaz|22|13|0|"6' 0"""|170 lbs.|"76"""|Southpaw|Apr 16, 1985|4.57|45%|3.77|52%|1.05|30%|41%|1.3
33a86e839ad202d8|Luis Dias de Assis|15|5|0|No Stat|170 lbs.|No Stat|No Stat|Nov 07, 1995|0.00|0%|0.00|0%|0.00|0%|0%|0.0
f7202b3130421d27|Victor Dias|11|3|0|"5' 6"""|125 lbs.|"69"""|Orthodox|Dec 26, 1990|2.87|44%|5.80|55%|5.00|41%|0%|0.0
ed209f6618c82e41|Hacran Dias|23|6|1|"5' 8"""|155 lbs.|"69"""|Orthodox|Jun 16, 1984|2.08|41%|3.31|55%|2.50|39%|76%|0.5
f57a8a52ca401ed9|Nick Diaz|26|10|0|"6' 1"""|170 lbs.|"76"""|Southpaw|Aug 02, 1983|5.71|42%|3.84|59%|1.28|32%|60%|1.0
b5abaa65f87938eb|Rafael Dias|17|12|2|"5' 9"""|145 lbs.|No Stat|Orthodox|Oct 20, 1979|1.13|27%|2.19|60%|3.17|47%|100%|1.2
ee5df903f80c6816|Eldo Xavier Dias|0|1|0|"5' 11"""|180 lbs.|No Stat|No Stat|Jul 16, 1964|0.00|0%|0.00|0%|0.00|0%|0%|0.0
f5f6419c5f00abad|Tyler Diamond|9|1|0|"5' 7"""|145 lbs.|"69"""|Orthodox|Mar 18, 1991|3.40|47%|2.53|44%|3.00|75%|70%|0.0
8567466ae167216b|Thomas Diagne|6|6|1|"6' 1"""|154 lbs.|No Stat|No Stat|Sep 03, 1983|4.53|48%|4.53|63%|2.00|100%|66%|0.0
9edf2c9082cc2cd8|Blood Diamond|3|3|0|"5' 11"""|170 lbs.|"76"""|Switch|Jul 10, 1988|3.12|55%|2.17|48%|0.00|0%|73%|0.0
43563a32c3f10e95|Cyrille Diabate|19|10|1|"6' 6"""|205 lbs.|"81"""|Southpaw|Oct 06, 1973|4.06|71%|1.78|60%|1.17|83%|53%|0.2
32c355b04fc57f3a|Marc Diakiese|17|7|0|"5' 10"""|155 lbs.|"73"""|Orthodox|Mar 16, 1993|2.54|40%|2.64|52%|3.29|43%|66%|0.0
8126e4dff0cdf69e|Micol Di Segni|7|3|0|"5' 3"""|115 lbs.|"60"""|Orthodox|Dec 29, 1987|7.47|40%|5.87|33%|0.00|0%|37%|0.0
75bbd2206a15319f|Edwin DeWees|38|17|0|"6' 1"""|185 lbs.|No Stat|Orthodox|Aug 07, 1982|1.53|33%|6.19|39%|2.18|66%|0%|3.3
77d7295d1b22c694|Alessio Di Chirico|13|7|0|"6' 0"""|185 lbs.|"74"""|Orthodox|Dec 12, 1989|3.32|39%|3.44|61%|1.46|39%|83%|0.0
2bcc39af95d6f2e8|John Devine|6|4|0|No Stat|No Stat|No Stat|No Stat|No Stat|1.52|18%|2.28|57%|0.00|0%|0%|0.0
140567899d98978a|Robelis Despaigne|5|2|0|"6' 7"""|265 lbs.|"84"""|Orthodox|Sep 09, 1988|2.11|59%|2.54|46%|0.00|0%|50%|0.0
48544433372ecfa6|Cory Devela|16|7|0|"5' 0"""|185 lbs.|No Stat|Orthodox|No Stat|4.07|41%|4.00|47%|1.07|12%|62%|0.0
6ad9058b7c7898b0|Tony DeSouza|11|4|0|"6' 0"""|170 lbs.|"70"""|Southpaw|Jul 26, 1974|1.12|52%|1.57|41%|2.25|42%|40%|1.5
fa8b9e6b0c2269f8|Jason Dent|22|13|0|"5' 10"""|155 lbs.|"71"""|Orthodox|Jun 12, 1980|2.01|39%|3.70|62%|0.00|0%|26%|1.4
f2c91b67f71bbeab|Booker DeRousse|6|5|0|"6' 2"""|205 lbs.|No Stat|No Stat|Mar 23, 1981|0.00|0%|0.00|0%|0.00|0%|0%|0.0
b72f3cafa6376e35|Robert Densley|9|10|0|"5' 9"""|155 lbs.|No Stat|No Stat|No Stat|1.81|47%|0.40|60%|0.00|0%|50%|0.0
7447e9f28508106a|Mackenzie Dern|15|5|0|"5' 4"""|115 lbs.|"63"""|Orthodox|Mar 24, 1993|3.31|40%|3.90|52%|0.89|17%|25%|1.2
e4aaaa34535e32b6|Nick Denis|11|3|0|"5' 7"""|135 lbs.|No Stat|Orthodox|Oct 11, 1983|6.54|53%|5.42|36%|2.80|100%|80%|0.0
a11a6ee8eeb03c18|Thomas Denny|27|21|1|"5' 10"""|170 lbs.|No Stat|Orthodox|Apr 19, 1971|2.36|45%|4.69|40%|1.48|17%|42%|1.5
dfae5da5676e4194|Chris Dempsey|11|5|0|"5' 10"""|185 lbs.|"72"""|Orthodox|Sep 08, 1987|2.25|32%|2.82|65%|2.64|23%|16%|0.0
985bca5a097fb3f4|Justin DeMoney|15|7|1|No Stat|170 lbs.|No Stat|No Stat|Jul 01, 1985|0.00|0%|0.00|0%|0.00|0%|0%|0.0
2c483cf443f38ece|Vanessa Demopoulos|11|8|0|"5' 2"""|125 lbs.|"59"""|Orthodox|Sep 22, 1988|3.37|39%|5.39|41%|0.32|9%|26%|0.4
6ceff86fae4f6b3b|Jason DeLucia|33|21|1|"5' 11"""|190 lbs.|No Stat|Southpaw|Jul 24, 1969|0.00|0%|0.00|0%|0.00|0%|0%|0.0
0d0351c20169a499|Jon Delos Reyes|8|5|0|"5' 6"""|125 lbs.|"67"""|Orthodox|Aug 19, 1987|2.99|38%|4.14|51%|3.20|83%|55%|1.9
6b453bc35a823c3f|Jack Della Maddalena|18|2|0|"5' 11"""|170 lbs.|"73"""|Switch|Sep 10, 1996|6.84|52%|4.53|64%|0.16|11%|69%|0.2
173acb3f920082b8|Roland Delorme|9|5|0|"5' 9"""|135 lbs.|"71"""|Orthodox|Dec 18, 1983|2.28|44%|4.32|40%|2.51|34%|42%|1.6
7d8435c56043b0ae|Ante Delija|17|3|0|"6' 4"""|245 lbs.|No Stat|Orthodox|Aug 07, 1990|0.00|0%|0.00|0%|0.00|0%|0%|0.0
7d6ceff6747f2de2|Jose Delgado|10|1|0|"5' 11"""|145 lbs.|"74"""|Switch|Apr 21, 1998|7.13|49%|3.67|55%|4.58|60%|71%|0.0
01f4bcd26ac08ad5|Israel Delgado|0|2|0|"5' 10"""|155 lbs.|No Stat|No Stat|No Stat|0.00|0%|0.00|0%|0.00|0%|0%|0.0
37b1696e6d115957|Rolando Delgado|11|6|1|"6' 3"""|155 lbs.|"77"""|Orthodox|Nov 22, 1981|1.56|40%|1.83|62%|1.17|22%|0%|3.5
bfaf4c87936b4fae|Humberto DeLeon|7|7|0|No Stat|135 lbs.|No Stat|No Stat|Nov 12, 1989|0.00|0%|0.00|0%|0.00|0%|0%|0.0
d7c4956d61ae76a9|Jose Delano|15|3|0|No Stat|145 lbs.|No Stat|No Stat|Sep 11, 1996|0.00|0%|0.00|0%|0.00|0%|0%|0.0
70380ccdc81915b8|Yadier del Valle|9|0|0|"5' 9"""|145 lbs.|"69"""|Southpaw|Jul 29, 1996|7.49|67%|3.46|52%|2.51|42%|66%|1.7
a62f85f6a6c19a4c|Wallen Del Rosario|8|2|0|"5' 4"""|125 lbs.|"67"""|Orthodox|Mar 18, 1993|1.40|32%|4.73|40%|1.00|16%|100%|0.0
0e2c2daf11b5d8f2|Issac DeJesus|12|7|1|No Stat|145 lbs.|No Stat|No Stat|No Stat|0.00|0%|0.00|0%|0.00|0%|0%|0.0
e82b2adcaeff71ec|Rafael Del Real|6|20|0|"5' 11"""|225 lbs.|No Stat|No Stat|No Stat|5.58|40%|0.00|0%|20.93|100%|100%|0.0
85980f5da429c0a6|Shane del Rosario|11|2|0|"6' 4"""|250 lbs.|No Stat|Southpaw|Sep 23, 1983|3.93|60%|2.97|54%|1.20|40%|16%|2.4
914a897455693650|Carl Deaton|17|7|0|"5' 7"""|155 lbs.|"69"""|Orthodox|Nov 24, 1989|1.53|31%|1.85|61%|0.00|0%|50%|0.0
0bcfe2513cb3bc39|Tom DeBlass|9|2|0|"6' 0"""|185 lbs.|No Stat|Orthodox|May 14, 1982|1.50|35%|4.43|37%|1.00|50%|28%|0.5
3746e21bb508391a|Crezio de Souza|1|2|0|No Stat|170 lbs.|No Stat|Orthodox|No Stat|0.00|0%|0.00|0%|0.00|0%|0%|0.0
d549cefc7c54ab78|Reinier de Ridder|21|2|0|"6' 4"""|185 lbs.|"78"""|Southpaw|Sep 07, 1990|2.95|52%|2.44|50%|2.86|27%|66%|0.6
1d239d571e342453|Germaine de Randamie|10|5|0|"5' 9"""|135 lbs.|"71"""|Orthodox|Apr 24, 1984|2.57|46%|2.00|65%|0.00|0%|65%|0.4
5dd180c8b3196786|Gloria de Paula|6|5|0|"5' 5"""|115 lbs.|"67"""|Orthodox|Jun 10, 1995|4.89|53%|3.77|66%|0.74|37%|65%|0.5
e0f959f65d0406b4|Isabela de Padua|5|2|0|"5' 3"""|125 lbs.|"64"""|Orthodox|Sep 04, 1991|1.00|35%|2.07|50%|2.00|66%|0%|1.0
f14fbb2e55da044c|Jair De Oliveira|6|0|0|No Stat|265 lbs.|No Stat|No Stat|May 09, 1996|0.00|0%|0.00|0%|0.00|0%|0%|0.0
ddf3e0ea10ea6d8c|Jorge de Oliveira|9|2|0|"5' 8"""|155 lbs.|No Stat|Orthodox|Jan 22, 1980|1.26|31%|4.84|48%|0.00|0%|22%|0.0
f9aa6376ae16bfb4|Johil de Oliveira|17|15|1|"5' 6"""|170 lbs.|No Stat|Orthodox|No Stat|0.51|34%|0.73|58%|1.10|50%|44%|0.6
afdb76fbd86f6d11|Edilberto de Oliveira|29|15|2|"6' 0"""|170 lbs.|No Stat|Orthodox|Nov 22, 1982|4.12|32%|6.79|61%|0.00|0%|0%|0.0
a4dc47001f202bcd|Rodrigo de Lima|8|3|1|"5' 7"""|155 lbs.|No Stat|Orthodox|Mar 12, 1991|1.29|33%|5.50|32%|2.66|36%|0%|1.3
1971869b7e054261|Mike de la Torre|14|7|0|"5' 11"""|145 lbs.|"71"""|Orthodox|Sep 22, 1986|3.21|39%|4.75|51%|0.36|16%|83%|0.0
80d8aed0ca9b00f3|Montana De La Rosa|13|9|1|"5' 7"""|125 lbs.|"68"""|Orthodox|Feb 14, 1995|2.90|37%|3.39|45%|1.85|33%|68%|0.8
f57dd0bfa8c17813|Mark De La Rosa|11|5|0|"5' 6"""|135 lbs.|"65"""|Orthodox|Aug 31, 1994|3.13|35%|5.00|48%|0.54|13%|40%|0.2
e51ee8ded927fc51|Chris de la Rocha|5|3|0|"6' 3"""|250 lbs.|"80"""|Orthodox|May 15, 1979|4.08|45%|6.37|43%|2.02|30%|33%|1.0
9cfbfae5fa1fdd93|Geraldo de Freitas|12|6|0|"5' 7"""|135 lbs.|"72"""|Orthodox|Sep 30, 1991|3.67|52%|2.62|50%|3.00|45%|59%|0.0
1eff7bc0f815b270|Yorgan De Castro|6|3|0|"6' 0"""|250 lbs.|"74"""|Orthodox|Dec 19, 1986|2.46|43%|3.85|53%|0.00|0%|77%|0.0
ea3dcc417c322064|Martin Day|8|6|0|"5' 10"""|145 lbs.|"73"""|Orthodox|Nov 10, 1988|3.97|45%|3.79|53%|0.72|60%|65%|0.5
4b450aa602611baa|Angel De Anda|18|6|0|"5' 9"""|225 lbs.|No Stat|Orthodox|May 28, 1985|5.68|46%|6.32|47%|0.00|0%|0%|0.0
6ef65b6a152e49d5|Philip De Fries|12|6|0|"6' 5"""|250 lbs.|"79"""|Orthodox|Apr 21, 1986|2.30|47%|3.00|37%|3.29|42%|100%|0.6
2c9d00968f818270|Hakeem Dawodu|13|4|1|"5' 8"""|145 lbs.|"73"""|Orthodox|Jul 02, 1991|5.45|50%|3.37|56%|0.00|0%|65%|0.0
a6fd2173d5e2d7f0|Jason Day|19|12|0|"6' 0"""|185 lbs.|"72"""|Orthodox|May 19, 1981|3.61|54%|3.46|47%|1.13|100%|0%|0.0
99bd51917728c25d|Grant Dawson|23|2|1|"5' 10"""|155 lbs.|"72"""|Switch|Feb 20, 1994|3.20|52%|2.11|44%|3.87|40%|57%|1.1
fb3e61720be4690c|Mike Davis|12|3|0|"6' 0"""|155 lbs.|"72"""|Orthodox|Oct 07, 1992|4.73|53%|5.23|54%|2.40|44%|60%|0.8
cc351e408bbb7d43|Brandon Davis|14|10|0|"5' 10"""|135 lbs.|"72"""|Orthodox|May 08, 1990|4.68|35%|4.62|58%|0.74|42%|57%|0.1
570d40f993171b19|Danny Davis|13|11|1|"6' 2"""|170 lbs.|No Stat|No Stat|Jul 28, 1982|0.00|0%|0.00|0%|0.00|0%|0%|0.0
20697b334f6c0a45|Justin Davis|13|16|0|"5' 11"""|205 lbs.|No Stat|No Stat|Apr 01, 1983|0.00|0%|0.00|0%|0.00|0%|0%|0.0
c8661e204c66f325|Mike Davis|2|0|0|No Stat|No Stat|No Stat|No Stat|No Stat|0.00|0%|0.00|0%|0.00|0%|0%|0.0
4c2d90e335e6df19|Alexis Davis|21|11|0|"5' 6"""|135 lbs.|"68"""|Orthodox|Oct 04, 1984|4.63|49%|4.45|54%|0.95|44%|34%|0.7
a993ef2dd36cea5f|Lemont Davis|2|6|0|"5' 8"""|170 lbs.|No Stat|Orthodox|No Stat|0.87|54%|1.27|55%|1.00|50%|0%|1.0
902ab9197b83d0db|Phil Davis|17|4|0|"6' 2"""|205 lbs.|"79"""|Orthodox|Sep 25, 1984|2.85|34%|1.33|72%|2.99|38%|72%|0.6
6dab8ce5e4bffe77|LC Davis|23|8|0|"5' 8"""|135 lbs.|"69"""|Southpaw|Oct 28, 1980|2.04|30%|2.10|59%|2.27|46%|66%|0.2
b7d524c77c27389b|Marcus Davis|22|11|0|"5' 10"""|170 lbs.|"70"""|Southpaw|Aug 24, 1973|2.72|39%|2.79|65%|1.60|48%|47%|1.4
2549d63da9c456cb|Rick Davis|3|1|1|"5' 9"""|155 lbs.|No Stat|Orthodox|No Stat|3.09|50%|6.19|64%|0.00|0%|0%|0.0
42775dc893603154|Brian Davidson|13|4|0|"5' 6"""|145 lbs.|No Stat|No Stat|No Stat|0.00|0%|0.00|0%|0.00|0%|0%|0.0
a683f9ddb70aa4bd|Sean Daugherty|0|2|0|"6' 0"""|175 lbs.|No Stat|No Stat|Dec 04, 1975|0.00|0%|0.00|0%|0.00|0%|0%|0.0
d6c0cdd7e467c440|Kyle Daukaus|11|4|0|"6' 3"""|185 lbs.|"76"""|Southpaw|Feb 27, 1993|3.22|52%|2.94|42%|2.12|25%|82%|1.9
d2fa318f34d0aadc|Karen Darabedyan|13|6|0|"5' 7"""|155 lbs.|"68"""|Orthodox|Dec 18, 1986|3.43|51%|2.62|67%|2.14|75%|0%|0.0
86f582852a5b240a|Mac Danzig|21|12|1|"5' 8"""|155 lbs.|"70"""|Orthodox|Jan 02, 1980|3.39|48%|3.44|57%|1.20|37%|46%|0.6
676a2e5ec4d7338c|Eduardo Dantas|20|4|0|"5' 10"""|135 lbs.|No Stat|No Stat|Feb 03, 1989|3.33|60%|3.00|60%|4.00|23%|100%|0.0
859e0dafd04fe1ca|Anvarbek Daniyalbekov|8|0|0|No Stat|185 lbs.|No Stat|No Stat|May 27, 1995|0.00|0%|0.00|0%|0.00|0%|0%|0.0
fccb0fee256b7b4d|Raymond Daniels|0|1|0|"6' 2"""|185 lbs.|No Stat|Southpaw|No Stat|0.00|0%|2.61|38%|0.00|0%|33%|3.0
08af939f41b5a57b|Beneil Dariush|23|6|1|"5' 10"""|155 lbs.|"72"""|Southpaw|May 06, 1989|3.78|49%|2.61|57%|2.12|38%|82%|0.8
55a80a9365bc107d|Marques Daniels|5|5|0|No Stat|155 lbs.|No Stat|No Stat|No Stat|0.00|0%|0.00|0%|0.00|0%|0%|0.0
8dc46e9a7895ce1a|Alexandre Dantas|0|3|0|"6' 2"""|238 lbs.|No Stat|Orthodox|Mar 01, 1979|0.21|25%|1.87|60%|0.00|0%|0%|3.1
8614b7134913f5d5|Jarjis Danho|7|1|1|"6' 3"""|265 lbs.|"74"""|Orthodox|Oct 15, 1983|3.38|50%|5.25|49%|0.51|16%|100%|0.0
5f119b24c0f9679c|Peter Danesoe|8|4|0|"5' 6"""|135 lbs.|"68"""|Orthodox|Sep 01, 2000|4.99|52%|6.73|38%|0.00|0%|62%|0.0
9eef6584fab21fbb|Cindy Dandois|8|3|0|"5' 7"""|135 lbs.|No Stat|Orthodox|Oct 26, 1984|3.13|32%|3.40|58%|5.00|55%|0%|0.0
3b0a516d2921e0d6|Batgerel Danaa|12|5|0|"5' 7"""|135 lbs.|"70"""|Orthodox|Jul 04, 1989|5.38|36%|4.21|47%|0.52|50%|62%|0.0
acd870570949d8a2|Leonardo Damiani|10|3|1|"5' 10"""|170 lbs.|"69"""|Orthodox|Aug 30, 1990|1.67|23%|4.17|37%|0.00|0%|50%|0.0
033343da4c0cff8a|Carina Damm|2|13|0|"5' 4"""|135 lbs.|No Stat|No Stat|No Stat|0.00|0%|0.00|0%|0.00|0%|0%|0.0
a20d7dfaba74c067|Rodrigo Damm|13|9|0|"5' 7"""|155 lbs.|"71"""|Orthodox|Feb 03, 1980|3.50|36%|5.61|57%|0.44|16%|80%|0.3
6e9b5c74c0860deb|Marko Damiani|0|2|0|"6' 0"""|170 lbs.|No Stat|No Stat|No Stat|0.00|0%|0.00|0%|0.00|0%|0%|0.0
ddbd0d6259ce57cc|Dave Dalgliesh|30|19|2|"6' 2"""|205 lbs.|No Stat|Orthodox|Apr 05, 1978|0.00|0%|1.85|50%|0.00|0%|0%|0.0
e50cd77732d39967|Aisling Daly|16|6|0|"5' 2"""|115 lbs.|"64"""|Orthodox|Dec 24, 1987|2.92|52%|1.40|55%|2.15|41%|33%|0.9
6cd3dfc54f01287f|Richard Dalton|4|3|1|"6' 1"""|205 lbs.|No Stat|Orthodox|No Stat|1.20|69%|3.27|25%|1.00|11%|0%|0.0
23725c826c481e7f|Paul Daley|39|15|2|"5' 9"""|170 lbs.|"76"""|Orthodox|Feb 21, 1983|3.14|47%|2.37|60%|0.91|40%|64%|0.0
9d19d9e4aa2662e8|Nicolas Dalby|23|6|1|"5' 11"""|170 lbs.|"74"""|Orthodox|Nov 16, 1984|4.05|43%|3.69|52%|0.98|27%|58%|0.1
1f8cd7634e8286ff|Henrique Da Silva Lopes|5|2|0|"6' 3"""|240 lbs.|No Stat|No Stat|Mar 08, 1985|0.00|0%|0.00|0%|0.00|0%|0%|0.0
d28bef63e7d8d536|Deni Daffa|6|2|0|"6' 0"""|155 lbs.|"74"""|Orthodox|Sep 08, 1999|3.47|38%|6.45|38%|0.00|0%|0%|0.0
3fe8ad7e1594537a|Paulo Da Silva|11|1|0|No Stat|125 lbs.|No Stat|No Stat|Jul 03, 2002|0.00|0%|0.00|0%|0.00|0%|0%|0.0
0d68c7bfdff1dc34|Radley Da Silva|7|1|0|No Stat|145 lbs.|No Stat|No Stat|Jun 20, 1995|0.00|0%|0.00|0%|0.00|0%|0%|0.0
6551c64fbcd1a467|Ariane da Silva|17|11|0|"5' 6"""|125 lbs.|"67"""|Orthodox|Jan 26, 1994|4.05|41%|4.40|50%|0.47|38%|68%|0.3
c3ded6f7155f9ea4|Alex Da Silva|21|4|0|"5' 8"""|155 lbs.|"73"""|Orthodox|Feb 04, 1996|2.14|46%|2.52|56%|1.97|43%|76%|0.3
3b6d84343579fd33|Marcos da Matta|11|3|0|"5' 4"""|145 lbs.|No Stat|No Stat|Mar 18, 1973|0.00|0%|0.00|0%|0.00|0%|0%|0.0
b0bd0c5425668b8f|Henrique da Silva|14|5|0|"6' 3"""|205 lbs.|"76"""|Orthodox|Sep 01, 1989|3.89|60%|5.28|40%|0.25|14%|22%|0.2
155bfc7ed36622df|Solomon Hutcherson|11|7|0|"5' 11"""|185 lbs.|No Stat|Southpaw|Aug 31, 1972|2.59|39%|2.59|64%|3.53|100%|0%|0.0
21b54430c8eeb9cc|Joe Hurley|12|5|0|"5' 8"""|155 lbs.|No Stat|No Stat|Jun 24, 1978|1.12|45%|3.35|56%|0.00|0%|20%|0.0
edc9eb3051f444fa|Adam Hunter|7|1|0|"6' 1"""|185 lbs.|No Stat|Orthodox|Oct 16, 1983|0.00|0%|0.00|0%|0.00|0%|0%|0.0
baa5358456803df8|Alex Hunter|2|0|0|"5' 9"""|226 lbs.|No Stat|Orthodox|No Stat|0.00|0%|0.00|0%|0.00|0%|0%|0.0
f703250471acaf96|Harry Hunsucker|7|6|0|"6' 2"""|205 lbs.|"75"""|Orthodox|Jan 03, 1989|3.54|52%|6.53|42%|0.00|0%|0%|2.0
cb1b4d237b0079e6|Abongo Humphrey|7|3|0|"5' 11"""|205 lbs.|No Stat|Orthodox|No Stat|1.45|40%|3.83|46%|1.41|37%|33%|3.8
eef9b891edbd4604|Mark Hunt|13|14|1|"5' 10"""|265 lbs.|"72"""|Orthodox|Mar 23, 1974|2.81|43%|2.90|51%|0.51|55%|64%|0.2
b9c75e7fc910f587|Bryan Humes|6|2|0|No Stat|265 lbs.|No Stat|No Stat|No Stat|0.00|0%|0.00|0%|0.00|0%|0%|0.0
b0718335e9868cfd|David Hulett|22|10|0|"5' 10"""|170 lbs.|No Stat|No Stat|Sep 07, 1980|0.00|0%|0.00|0%|0.00|0%|0%|0.0
e4cbc82c36e47299|Dominik Humburger|8|1|0|No Stat|185 lbs.|No Stat|No Stat|Jan 03, 1996|0.00|0%|0.00|0%|0.00|0%|0%|0.0
e94085e821bd81de|Sam Hughes|10|6|0|"5' 5"""|115 lbs.|"64"""|Orthodox|Jun 28, 1992|4.41|46%|4.57|58%|1.08|32%|60%|0.1
f264ba50b007f39e|Victor Hugo|25|5|0|"5' 7"""|135 lbs.|"71"""|Orthodox|Nov 22, 1992|3.27|44%|2.95|56%|0.81|33%|73%|1.2
6a11e325aa60ad02|Jeff Hughes|10|4|0|"6' 2"""|250 lbs.|"77"""|Orthodox|May 17, 1988|3.95|51%|3.67|60%|0.71|50%|45%|0.0
d62bb4d84a7267ba|Mark Hughes|6|2|0|"5' 9"""|205 lbs.|No Stat|Southpaw|Oct 13, 1973|0.90|47%|0.40|42%|3.00|50%|0%|4.5
8b9197746bd3e005|Alex Huddleston|6|2|0|"6' 7"""|254 lbs.|No Stat|No Stat|Aug 11, 1986|2.47|42%|2.59|67%|0.00|0%|0%|0.9
621a6c59f88a44fe|Matt Hughes|45|9|0|"5' 9"""|170 lbs.|"73"""|Switch|Oct 13, 1973|2.14|53%|1.36|53%|2.95|50%|35%|1.2
737d93a42b8c2e94|Casey Huffman|3|1|0|"6' 3"""|185 lbs.|No Stat|No Stat|No Stat|0.00|0%|0.00|0%|0.00|0%|0%|0.0
f372a848d250e006|Collin Huckbody|8|2|0|"6' 3"""|185 lbs.|"76"""|Orthodox|Sep 29, 1994|2.05|60%|2.73|42%|10.23|100%|0%|20.4
daf1b84aebd6602b|Roger Huerta|23|9|1|"5' 9"""|155 lbs.|"70"""|Orthodox|May 20, 1983|3.64|36%|2.33|56%|2.13|46%|52%|0.5
d2cd7a69cc55e7ed|Austin Hubbard|17|9|0|"5' 10"""|155 lbs.|"71"""|Orthodox|Dec 22, 1991|3.87|43%|3.82|56%|1.59|31%|68%|0.1
e71c75f533a30daa|Huang Feier|14|8|0|"5' 5"""|115 lbs.|"65"""|Orthodox|Mar 12, 1994|0.00|0%|0.00|0%|0.00|0%|0%|0.0
ac45450f75d14f16|Sarah D'alelio|11|7|0|"5' 7"""|145 lbs.|No Stat|No Stat|Dec 13, 1980|2.40|33%|0.00|100%|0.00|0%|100%|0.0
1c8b9f4d89b92e1b|Yuele Huang|13|0|0|No Stat|145 lbs.|No Stat|No Stat|Jul 04, 2000|0.00|0%|0.00|0%|0.00|0%|0%|0.0
eaea0fc7b76525a8|Mike Guymon|15|6|1|"6' 0"""|170 lbs.|"74"""|Orthodox|Sep 17, 1974|2.75|65%|0.79|66%|1.87|37%|54%|1.2
cd85b48dc880fabd|Horacio Gutierrez|4|3|0|"5' 10"""|145 lbs.|No Stat|No Stat|Sep 15, 1990|0.86|26%|2.91|46%|0.00|0%|50%|0.0
a789defa9086da46|Justin Guthrie|18|9|0|"6' 1"""|170 lbs.|No Stat|No Stat|Jan 19, 1981|0.16|33%|3.74|14%|2.44|25%|0%|4.9
5f33ae0620e050c5|Mando Gutierrez|7|2|0|"5' 6"""|135 lbs.|"70"""|Southpaw|Feb 24, 1997|0.80|75%|1.33|50%|1.00|100%|40%|1.0
45f0cc9d18f35137|Chris Gutierrez|22|6|2|"5' 9"""|135 lbs.|"67"""|Orthodox|Apr 22, 1991|4.59|58%|2.65|63%|0.24|25%|70%|0.1
2caf993f53541fa1|Andreas Gustafsson|12|2|0|"6' 1"""|170 lbs.|"73"""|Orthodox|Feb 20, 1991|5.83|76%|2.79|45%|6.43|58%|100%|0.0
e34e3b1fffa13a6a|Gugun Gusman|8|4|0|"5' 7"""|135 lbs.|"68"""|Orthodox|Mar 03, 1990|0.88|27%|6.18|41%|0.00|0%|33%|0.0
cc300e9aa3063431|Andre Gusmao|6|3|0|"6' 0"""|205 lbs.|No Stat|Orthodox|May 19, 1977|2.79|43%|3.28|60%|0.00|0%|60%|0.0
3c6976f8182d9527|Alexander Gustafsson|18|8|0|"6' 5"""|205 lbs.|"79"""|Orthodox|Jan 15, 1987|4.03|40%|3.53|51%|1.53|39%|83%|0.4
29162be25ebef5f0|Luis Gurule|10|1|0|"5' 5"""|125 lbs.|"64"""|Orthodox|Nov 16, 1993|5.34|48%|3.74|58%|0.68|16%|50%|0.0
8377c5572cb356f3|Fabio Gurgel|3|2|0|"6' 0"""|205 lbs.|No Stat|Orthodox|No Stat|0.00|0%|0.00|0%|0.00|0%|0%|0.0
ef5dcb10d2bd4b0f|Bogdan Guskov|18|3|0|"6' 3"""|205 lbs.|"76"""|Orthodox|Sep 12, 1992|4.17|55%|3.30|45%|0.00|0%|57%|1.1
04d5718ed2661e8c|Jorge Gurgel|14|10|0|"5' 7"""|155 lbs.|"69"""|Orthodox|Jan 25, 1977|3.37|32%|3.62|62%|0.81|23%|60%|0.5
3956bdc8ab2e54b3|John Gunther|5|1|0|"5' 9"""|155 lbs.|"72"""|Orthodox|Nov 24, 1985|1.65|37%|3.72|46%|7.08|42%|0%|0.0
4d74641fac830182|Brad Gumm|10|6|1|"5' 11"""|170 lbs.|No Stat|Orthodox|No Stat|0.00|0%|0.00|0%|0.00|0%|0%|0.0
cc98d857b148e33a|Leonardo Guimaraes|11|5|0|"6' 0"""|185 lbs.|No Stat|Orthodox|Apr 15, 1982|2.35|56%|2.99|44%|0.00|0%|52%|1.0
a0c139b34f11421a|John Gunderson|35|16|2|"5' 9"""|155 lbs.|"69"""|Orthodox|Jan 05, 1979|1.04|27%|1.71|58%|1.67|33%|11%|2.0
0c9c0a43d3f3f49d|Marcelo Guimaraes|9|2|1|"6' 0"""|185 lbs.|"73"""|Orthodox|Jun 25, 1983|4.67|51%|4.41|62%|1.99|13%|0%|0.0
da0f33e4255f99eb|Chris Guillen|13|16|0|"6' 0"""|240 lbs.|No Stat|Orthodox|Dec 09, 1972|0.82|27%|1.91|36%|0.00|0%|0%|0.0
ce25b4ed82b1811b|Jason Guida|19|28|0|"5' 10"""|214 lbs.|No Stat|No Stat|Aug 04, 1977|1.87|40%|3.33|52%|1.00|14%|50%|1.0
ccd1299e0345e0ce|Melvin Guillard|32|18|2|"5' 9"""|155 lbs.|"71"""|Orthodox|Mar 30, 1983|2.96|40%|1.85|66%|1.30|63%|61%|0.2
2963369e327e1979|Fabricio Guerreiro|21|5|0|"5' 10"""|145 lbs.|No Stat|No Stat|Jul 24, 1990|1.87|31%|2.20|67%|2.00|50%|0%|0.0
9f1641c08cf8fbe2|Shannon Gugerty|15|7|0|"5' 10"""|155 lbs.|"71"""|Orthodox|Dec 30, 1981|1.25|39%|1.88|58%|2.13|27%|50%|3.4
c47df9303d318c67|Clay Guida|38|22|0|"5' 7"""|155 lbs.|"70"""|Orthodox|Dec 08, 1981|2.63|33%|3.00|61%|3.10|35%|66%|0.6
8300a47f6fd6fe4f|Rainn Guerrero|5|2|0|"5' 6"""|125 lbs.|"65"""|Orthodox|May 13, 1992|0.65|33%|0.87|50%|3.27|100%|0%|0.0
1abfb658cd4f8533|Nandor Guelmino|11|5|1|"6' 3"""|230 lbs.|No Stat|No Stat|Dec 20, 1975|3.62|56%|3.16|33%|0.00|0%|42%|0.0
dc052ab64be66e1d|Anthony Guarascio|4|0|0|No Stat|265 lbs.|No Stat|No Stat|Feb 26, 1994|0.00|0%|0.00|0%|0.00|0%|0%|0.0
a7de976620f2ed13|Shane Howell|13|10|0|"5' 8"""|125 lbs.|No Stat|Orthodox|Nov 28, 1983|1.27|32%|2.55|42%|0.00|0%|20%|0.0
225def29ecfe0fc1|Carlos Huachin|10|5|1|"5' 4"""|135 lbs.|"67"""|Southpaw|Jun 04, 1996|2.10|21%|4.80|50%|0.00|0%|66%|0.0
1ec1b6a7a29ffc71|Brady Huang|11|2|0|"5' 9"""|135 lbs.|"69"""|Orthodox|Dec 16, 1992|4.62|37%|10.77|30%|0.00|0%|0%|0.0
f1175ea3aafbf351|Hu Yaozong|3|3|0|"6' 3"""|185 lbs.|"72"""|Orthodox|Apr 07, 1995|3.35|48%|5.09|35%|0.00|0%|33%|0.4
a2b06ca02bca14c0|Harold Howard|1|3|0|"6' 2"""|240 lbs.|No Stat|Orthodox|No Stat|0.00|0%|0.00|0%|0.00|0%|0%|0.0
fc31f896cde2bc2e|John Howard|24|13|0|"5' 7"""|170 lbs.|"72"""|Orthodox|Mar 01, 1983|2.15|50%|3.08|51%|2.70|49%|53%|0.4
36fbaa49a09ff997|Brian Houston|4|6|0|"6' 2"""|185 lbs.|No Stat|Orthodox|Apr 26, 1981|1.90|35%|3.67|53%|0.95|100%|87%|0.0
c6668eeb261588d3|Trey Houston|11|4|0|"5' 11"""|185 lbs.|No Stat|No Stat|No Stat|0.00|0%|0.00|0%|0.00|0%|0%|0.0
4b1896310a907656|Jamie Houston|3|0|0|No Stat|185 lbs.|No Stat|No Stat|No Stat|0.00|0%|0.00|0%|0.00|0%|0%|0.0
21f2974fd08085e3|Saeed Hosseini|0|1|0|No Stat|No Stat|No Stat|No Stat|No Stat|0.00|0%|0.00|0%|0.00|0%|0%|0.0
57591bbf1623574e|John Hosman|18|8|1|"5' 10"""|135 lbs.|No Stat|Southpaw|Nov 13, 1980|1.11|38%|1.52|45%|0.00|0%|46%|0.0
97a8f39186f489db|Jeff Hougland|10|6|0|"5' 7"""|135 lbs.|"68"""|Orthodox|Aug 02, 1978|1.86|48%|3.46|47%|0.86|18%|0%|1.1
049d698d773eb3e1|Matt Horwich|30|25|1|"6' 1"""|185 lbs.|No Stat|Orthodox|Oct 02, 1978|1.11|62%|2.16|38%|0.33|9%|28%|2.7
5c637af9472ae7cc|Jamey-Lyn Horth|8|2|0|"5' 7"""|125 lbs.|"66"""|Orthodox|Mar 30, 1990|3.52|54%|2.55|62%|1.20|42%|76%|0.2
e29cf523ebd155c5|Chris Horodecki|21|7|1|"5' 9"""|155 lbs.|"69"""|Orthodox|Sep 24, 1987|4.59|41%|3.16|65%|1.52|55%|37%|0.9
8d26912cd2aeb366|Jeremy Horn|91|22|5|"6' 1"""|185 lbs.|"74"""|Orthodox|Aug 25, 1975|1.19|39%|1.99|55%|1.83|38%|29%|1.1
3fa7688bfe48a493|Yoshinori Horie|8|2|0|"5' 8"""|145 lbs.|"70"""|Orthodox|May 10, 1995|2.76|49%|5.65|48%|0.00|0%|0%|0.0
98aa60cf58071fd6|Kyoji Horiguchi|19|2|0|"5' 5"""|125 lbs.|"66"""|Orthodox|Oct 12, 1990|3.60|45%|2.45|62%|2.00|44%|55%|0.0
21632ba272c0785a|Matt Horning|20|25|0|"5' 4"""|125 lbs.|No Stat|No Stat|No Stat|0.00|0%|0.00|0%|0.00|0%|0%|0.0
f6c1ce7cfd600662|Yuma Horiuchi|9|5|0|"5' 6"""|125 lbs.|"67"""|Switch|Sep 22, 1997|3.73|30%|5.00|35%|2.00|16%|0%|2.0
18e8b7070228e728|Darrell Horcher|13|4|0|"5' 10"""|155 lbs.|"70"""|Southpaw|Jul 28, 1987|2.05|44%|4.21|39%|0.35|50%|47%|0.7
baf942f4bcb09894|Moti Horenstein|1|6|0|"6' 4"""|230 lbs.|No Stat|Orthodox|No Stat|0.00|0%|0.00|0%|0.00|0%|0%|0.0
193b9d1858bc4df3|Dan Hooker|24|12|0|"6' 0"""|155 lbs.|"75"""|Switch|Feb 13, 1990|5.03|48%|4.72|51%|0.73|34%|78%|0.3
971246648e162f0d|Chase Hooper|16|3|1|"6' 1"""|155 lbs.|"74"""|Southpaw|Sep 13, 1999|4.53|51%|2.96|38%|2.59|34%|55%|2.2
d2b1c1317a39f6c6|Satoshi Honma|4|6|3|"6' 1"""|205 lbs.|No Stat|Orthodox|May 19, 1968|0.00|0%|0.00|0%|0.00|0%|0%|0.0
4d2e3320d815f687|Chris Honeycutt|9|1|0|"5' 10"""|170 lbs.|"73"""|No Stat|Jul 25, 1988|2.99|44%|1.41|66%|3.40|45%|75%|0.0
10d4575f497face4|SeongChan Hong|9|2|0|"5' 7"""|155 lbs.|"69"""|Orthodox|Nov 28, 1989|6.57|55%|8.76|47%|0.00|0%|0%|0.0
7f9abc4db2d05764|Lorenzo Hood|14|5|0|"6' 3"""|265 lbs.|"80"""|Southpaw|Mar 02, 1989|2.64|61%|4.66|11%|0.00|0%|100%|0.0
5af480a3b2e1726b|David Hood|1|3|0|"6' 0"""|200 lbs.|No Stat|No Stat|No Stat|0.00|0%|0.00|0%|0.00|0%|0%|0.0
b24666e26bd750a3|JunYoung Hong|13|8|1|"5' 9"""|145 lbs.|"69"""|Orthodox|Dec 18, 1990|2.10|39%|2.30|48%|0.00|0%|35%|0.0
472f6f6e6d962f40|Barb Honchak|10|4|0|"5' 4"""|125 lbs.|"65"""|Orthodox|Aug 30, 1979|4.04|30%|4.67|66%|0.00|0%|0%|1.3
0a97691039c4bbfb|Mark Hominick|20|12|0|"5' 8"""|145 lbs.|"68"""|Orthodox|Jul 22, 1982|4.08|42%|4.18|69%|0.25|66%|71%|0.9
6070f16bcfd89fcf|Ben Holscher|4|0|0|"5' 11"""|155 lbs.|No Stat|No Stat|No Stat|0.00|0%|0.00|0%|0.00|0%|0%|0.0
c11f50e9c1513ce9|Mark Holst|12|6|0|"6' 0"""|155 lbs.|No Stat|Orthodox|Aug 14, 1985|0.25|19%|1.67|47%|0.76|100%|60%|2.3
df1eb4354d18a906|Scott Holtzman|14|6|0|"5' 9"""|155 lbs.|"69"""|Orthodox|Sep 30, 1983|4.32|47%|3.66|55%|1.88|56%|67%|0.2
71f048adbfed5b49|Sabah Homasi|11|8|0|"6' 0"""|170 lbs.|"72"""|Orthodox|Oct 19, 1988|4.98|48%|6.91|47%|2.80|50%|66%|0.0
1e7483dbff40b84b|Vik Grujic|6|6|0|"5' 11"""|170 lbs.|"73"""|Orthodox|Feb 06, 1977|2.24|48%|3.39|41%|1.18|33%|26%|0.4
6e7c758f5cdec01a|Paddy Holohan|12|2|1|"5' 10"""|125 lbs.|"69"""|Orthodox|May 03, 1988|2.13|46%|2.81|46%|2.88|47%|71%|1.3
56fcb2c4d99f9d1b|Mike Grundy|12|4|0|"5' 7"""|145 lbs.|"72"""|Orthodox|Jan 03, 1987|2.09|45%|4.45|56%|4.06|28%|50%|0.4
6741218640534d8b|Garrett Gross|11|7|0|"5' 9"""|155 lbs.|No Stat|Orthodox|Aug 08, 1988|2.39|45%|1.67|46%|0.00|0%|52%|0.0
234f3767ff0e5701|Kendall Grove|23|17|0|"6' 6"""|185 lbs.|"79"""|Orthodox|Nov 12, 1982|2.31|41%|2.40|54%|0.49|45%|56%|1.7
36a432f22144843e|Neil Grove|12|8|1|"6' 6"""|265 lbs.|No Stat|Orthodox|Jan 18, 1971|0.00|0%|0.00|0%|0.00|0%|100%|14.3
feaf00f3373435d6|Chris Gruetzemacher|15|5|0|"5' 8"""|155 lbs.|"68"""|Orthodox|Jun 16, 1986|6.18|57%|4.96|52%|0.21|50%|65%|0.0
dd12382f28296f7b|Wang Guan|20|1|1|"5' 9"""|145 lbs.|"71"""|Orthodox|Mar 14, 1986|4.73|43%|3.27|60%|0.00|0%|0%|0.0
60ba33c3f555a7a3|Josh Grispi|14|5|0|"5' 11"""|145 lbs.|"74"""|Orthodox|Oct 14, 1988|1.44|41%|3.71|50%|1.97|36%|16%|2.2
950d0ef5c17157c5|Maxim Grishin|32|10|2|"6' 3"""|205 lbs.|"78"""|Orthodox|May 02, 1984|3.26|52%|2.27|58%|0.21|16%|66%|0.0
fdf18227faa596dd|Chad Griggs|11|3|0|"6' 1"""|205 lbs.|"73"""|Orthodox|May 15, 1978|2.67|50%|2.22|46%|1.51|66%|41%|0.0
ebef46976554f975|Jordan Griffin|18|9|0|"5' 10"""|145 lbs.|"73"""|Southpaw|Feb 28, 1990|2.52|46%|3.02|50%|1.45|35%|42%|1.9
dde70a112e053a6c|Rodrigo Gripp de Sousa|7|9|0|"5' 11"""|205 lbs.|No Stat|Orthodox|No Stat|0.48|23%|4.81|52%|0.00|0%|0%|9.6
b0d6a1d8ac3d563d|Max Griffin|20|12|0|"5' 11"""|170 lbs.|"76"""|Orthodox|Nov 29, 1985|3.76|47%|3.70|58%|1.28|40%|70%|0.3
7fb4234670271505|Chuck Grigsby|23|10|0|"6' 6"""|205 lbs.|No Stat|Orthodox|No Stat|0.71|16%|3.29|46%|0.00|0%|66%|0.0
68b8ebdfce9dbb61|Charalampos Grigoriou|8|5|0|"5' 7"""|135 lbs.|"67"""|Orthodox|Mar 31, 1992|2.62|48%|3.97|46%|2.62|80%|90%|0.0
fcffee71cff5530e|Forrest Griffin|19|7|0|"6' 3"""|205 lbs.|"77"""|Orthodox|Mar 16, 1979|4.38|36%|2.81|61%|1.05|48%|57%|0.7
5eb50529a8418b77|Gabe Green|12|5|0|"5' 10"""|155 lbs.|"73"""|Switch|May 02, 1993|5.60|45%|6.19|47%|0.71|50%|50%|0.5
20205040232ed0f3|Tyson Griffin|16|8|0|"5' 6"""|145 lbs.|"68"""|Orthodox|Apr 20, 1984|3.71|41%|2.30|65%|1.87|46%|59%|0.9
bfc2fc38a0e20211|Matt Grice|15|5|0|"5' 8"""|145 lbs.|"70"""|Orthodox|Jul 29, 1981|4.09|53%|2.69|56%|2.19|37%|82%|0.5
068f8a189a47fea6|Maurice Greene|9|7|0|"6' 7"""|258 lbs.|"80"""|Orthodox|Jul 05, 1986|3.28|45%|3.61|45%|0.00|0%|27%|0.4
f046d724d2a84ac5|Desmond Green|23|8|0|"5' 10"""|155 lbs.|"73"""|Southpaw|Oct 11, 1989|3.70|46%|2.51|69%|1.62|50%|75%|0.0
6d12031661db8ac8|Sam Greco|3|1|1|"6' 2"""|205 lbs.|No Stat|Orthodox|May 03, 1967|2.40|75%|1.33|53%|0.00|0%|25%|1.0
bb0d290026d7681d|Kevin Gray|9|4|0|"5' 4"""|125 lbs.|"67"""|Orthodox|May 03, 1985|3.45|62%|4.48|66%|0.00|0%|0%|0.0
887961364be5ceb3|King Green|32|17|1|"5' 10"""|155 lbs.|"71"""|Orthodox|Sep 09, 1986|6.40|52%|3.72|62%|1.22|39%|74%|0.3
642862d6d63605cd|Shelton Graves|7|3|0|"6' 2"""|255 lbs.|"76"""|Southpaw|Oct 23, 1985|2.19|69%|0.81|33%|4.86|57%|0%|0.0
3f1d23b01c552a13|Michael Graves|6|0|1|"5' 10"""|170 lbs.|"71"""|Orthodox|Jan 08, 1991|1.25|54%|1.47|58%|4.80|52%|66%|0.4
601964f9654f911a|Tony Gravely|23|9|0|"5' 5"""|135 lbs.|"69"""|Orthodox|Sep 28, 1991|3.82|48%|4.47|44%|5.40|41%|52%|0.3
2db65fc038c0018e|James Gray|4|1|0|"5' 9"""|135 lbs.|No Stat|Orthodox|Oct 25, 1987|2.61|50%|18.26|44%|0.00|0%|0%|0.0
e8b731feff72294b|Alexa Grasso|16|5|1|"5' 5"""|125 lbs.|"66"""|Orthodox|Aug 09, 1993|4.11|41%|3.73|58%|0.41|35%|54%|0.6
113df4fde64735c6|Davey Grant|17|7|0|"5' 8"""|135 lbs.|"69"""|Orthodox|Dec 18, 1985|5.18|44%|3.74|55%|1.04|40%|63%|0.2
8be158ca1e5ea6a0|Dwight Grant|11|6|0|"6' 1"""|185 lbs.|"76"""|Switch|Sep 14, 1984|3.29|36%|2.66|60%|0.61|100%|66%|0.0
a26198ba5093147e|TJ Grant|21|5|0|"5' 10"""|155 lbs.|"72"""|Orthodox|Feb 26, 1984|3.95|54%|3.21|56%|1.63|43%|36%|0.6
3e514f437c51ce0a|Steven Graham|2|1|0|"6' 1"""|290 lbs.|No Stat|Orthodox|No Stat|0.00|0%|0.00|0%|0.00|0%|0%|0.0
fb37795db81f93f3|Bogdan Grad|15|3|0|"5' 8"""|145 lbs.|"70"""|Orthodox|Sep 28, 1995|4.44|51%|5.40|49%|3.31|36%|75%|0.0
7559395ad833c074|Miranda Granger|7|3|0|"5' 7"""|115 lbs.|"68"""|Orthodox|Apr 13, 1992|2.79|47%|2.57|57%|0.00|0%|33%|0.0
242d36d241b43c12|Kron Gracie|5|3|0|"5' 9"""|145 lbs.|"70"""|Southpaw|Jul 11, 1988|2.95|42%|5.73|51%|0.35|25%|0%|0.7
12d855d12a624da2|Neiman Gracie|6|0|0|"6' 0"""|170 lbs.|No Stat|No Stat|No Stat|0.77|100%|0.38|75%|5.77|100%|0%|5.8
722b870449243083|Igor Gracie|5|4|0|"5' 11"""|170 lbs.|No Stat|No Stat|Feb 04, 1980|1.86|60%|0.99|50%|3.72|50%|0%|3.7
079488710f012779|Cesar Gracie|0|1|0|"5' 10"""|181 lbs.|No Stat|Orthodox|No Stat|0.00|0%|17.14|50%|0.00|0%|0%|0.0
a6bbd3df469c6bea|Roger Gracie|8|2|0|"6' 4"""|185 lbs.|"79"""|Orthodox|Sep 26, 1981|1.78|35%|1.79|61%|1.87|53%|60%|1.9
a7151778b3381036|Kurt Holobaugh|22|10|0|"5' 11"""|155 lbs.|"70"""|Orthodox|Sep 08, 1986|4.58|44%|4.24|49%|0.65|33%|38%|0.8
6e4acc2c115215b5|Scott Graham|3|1|0|"6' 4"""|185 lbs.|No Stat|Orthodox|No Stat|0.91|42%|2.27|28%|0.00|0%|0%|0.0
8d20d76af3f213ce|Joseph Holmes|8|4|0|"6' 4"""|185 lbs.|"80"""|Orthodox|Jul 04, 1995|2.88|53%|3.08|54%|1.49|40%|50%|0.8
b5ea750025697880|Rex Holman|4|2|0|"6' 3"""|205 lbs.|No Stat|Southpaw|No Stat|2.75|34%|7.25|40%|0.00|0%|100%|0.0
ee28aa7f1043756c|Jeremie Holloway|8|3|0|"6' 0"""|170 lbs.|No Stat|No Stat|Sep 29, 1984|0.81|50%|0.51|79%|0.00|0%|0%|0.0
634e2fb70bde3fd5|Holly Holm|15|7|0|"5' 8"""|135 lbs.|"69"""|Southpaw|Oct 17, 1981|3.13|40%|2.92|55%|0.87|30%|76%|0.1
e30715382f42b772|Gabrielle Holloway|6|5|0|"5' 3"""|145 lbs.|No Stat|No Stat|Apr 15, 1990|0.70|42%|3.07|34%|3.00|35%|16%|1.0
fc60ecf0671b9489|Chris Holdsworth|6|0|0|"5' 11"""|135 lbs.|No Stat|No Stat|Oct 24, 1987|1.85|29%|1.94|58%|3.38|62%|100%|2.0
acbb9c76f5894e36|Sean Holden|5|2|0|"5' 10"""|170 lbs.|No Stat|No Stat|Sep 17, 1984|2.40|59%|0.60|59%|5.00|83%|0%|2.0
27d65e9d0fba61ea|Roger Hollett|13|5|0|"5' 11"""|205 lbs.|No Stat|Orthodox|Oct 08, 1978|1.83|47%|6.47|34%|1.00|28%|30%|0.0
150ff4cc642270b9|Max Holloway|27|8|0|"5' 11"""|145 lbs.|"69"""|Orthodox|Dec 04, 1991|7.20|48%|4.74|59%|0.24|53%|83%|0.3
955da1675ad58a50|Josh Hokit|5|0|0|No Stat|238 lbs.|No Stat|No Stat|Nov 12, 1997|0.00|0%|0.00|0%|0.00|0%|0%|0.0
66ab58d0b3783607|Andrew Holbrook|12|3|0|"5' 11"""|155 lbs.|"70"""|Southpaw|Feb 06, 1986|2.20|49%|3.00|54%|0.85|18%|10%|2.1
3a46b268013afede|Kevin Holland|28|14|0|"6' 3"""|170 lbs.|"81"""|Orthodox|Nov 05, 1992|4.30|50%|3.22|50%|0.82|38%|55%|0.6
84a067c46306a737|Sam Hoger|10|4|0|"6' 2"""|205 lbs.|No Stat|Orthodox|Jun 28, 1980|1.07|25%|2.25|57%|1.12|38%|29%|1.3
33fb306278dbb3e5|Chris Hofmann|9|2|0|"6' 0"""|170 lbs.|"72"""|Orthodox|Nov 18, 1989|4.78|45%|4.63|35%|3.42|42%|0%|0.0
b57edace7b647f07|Matt Hobar|9|3|0|"5' 10"""|135 lbs.|"70"""|Southpaw|Jan 07, 1987|3.23|42%|4.27|52%|3.66|44%|50%|0.0
afaad7d6a581e307|Bobby Hoffman|36|10|1|"6' 2"""|245 lbs.|No Stat|Orthodox|Oct 28, 1968|2.02|70%|1.32|19%|1.17|50%|0%|1.2
c13042265355a290|Kwan Ho Kwak|9|2|0|"5' 5"""|135 lbs.|No Stat|Switch|Jun 18, 1989|3.29|41%|3.45|47%|0.78|100%|26%|0.0
8332a607df696345|Yuji Hisamatsu|16|22|6|"5' 10"""|185 lbs.|No Stat|No Stat|Sep 18, 1971|0.00|0%|0.00|0%|0.00|0%|0%|0.0
6c9384138c82962f|An Tuan Ho|6|1|0|"5' 6"""|125 lbs.|"66"""|Switch|Sep 27, 2000|4.14|37%|4.97|33%|0.00|0%|0%|0.0
483b3170b3c05cf0|Alan Hiro|14|5|4|"5' 5"""|135 lbs.|No Stat|Orthodox|Apr 04, 1986|0.00|0%|0.00|0%|0.00|0%|0%|0.0
35faad160d346839|Mizuto Hirota|18|10|2|"5' 7"""|155 lbs.|"67"""|Orthodox|May 05, 1981|3.36|40%|3.50|54%|1.36|50%|58%|0.1
9d4522df6fc49a47|Kuniyoshi Hironaka|23|9|0|"5' 10"""|168 lbs.|"70"""|Orthodox|Jun 17, 1976|1.98|40%|3.01|54%|1.91|30%|25%|0.6
06f0ffa6446c5b6d|Branden Lee Hinkle|17|11|0|"6' 3"""|235 lbs.|No Stat|Orthodox|Jul 29, 1973|2.61|69%|3.91|26%|4.34|57%|66%|4.3
5444c5a201d3ee5a|Jamahal Hill|12|4|0|"6' 4"""|205 lbs.|"79"""|Southpaw|May 19, 1991|6.19|51%|4.03|44%|0.00|0%|73%|0.0
ef7fa30364cbe7f2|Hatsu Hioki|29|10|2|"5' 11"""|145 lbs.|"73"""|Orthodox|Jul 18, 1983|2.42|42%|2.12|65%|2.55|56%|54%|0.6
bc7efc037c5f6550|Kailan Hill|4|1|0|"6' 1"""|185 lbs.|"77"""|Southpaw|Dec 01, 1994|2.60|53%|4.80|37%|3.00|42%|0%|0.0
ab2a4b5e04dc5fe9|Alvin Hines|7|1|0|"6' 2"""|265 lbs.|"74"""|Orthodox|Oct 20, 1991|5.47|31%|7.47|38%|1.00|10%|0%|0.0
86b30a86664cb6e4|Isaiah Hill|5|7|1|"5' 10"""|155 lbs.|No Stat|No Stat|No Stat|4.84|50%|0.97|80%|0.00|0%|66%|14.5
abbc737317f66b81|Corey Hill|6|9|0|"6' 4"""|155 lbs.|"80"""|Orthodox|Oct 03, 1978|3.57|46%|1.61|70%|3.02|80%|100%|0.0
318e629d1eb7aa49|Richie Hightower|8|4|0|"5' 8"""|170 lbs.|No Stat|Orthodox|Nov 26, 1974|4.62|35%|6.92|21%|3.46|100%|100%|0.0
006efbb0c1621fd7|Tyler Hill|8|2|0|"6' 3"""|170 lbs.|No Stat|Switch|Aug 10, 1991|3.64|39%|5.33|47%|0.00|0%|0%|0.0
f0feeb2192937424|Angela Hill|18|14|0|"5' 3"""|115 lbs.|"64"""|Orthodox|Jan 12, 1985|5.47|50%|4.92|61%|0.81|32%|75%|0.1
e4a9dbade7c7e1a7|Rolles Gracie|8|4|0|"6' 4"""|242 lbs.|No Stat|Orthodox|Jul 14, 1978|2.30|32%|3.38|55%|2.30|10%|0%|0.0
2af2d675f7d847e3|Alex Higley|4|3|0|"5' 10"""|145 lbs.|No Stat|No Stat|No Stat|0.29|100%|1.74|60%|0.00|0%|0%|0.0
84283233ec42be5f|Ralek Gracie|3|1|0|"6' 2"""|210 lbs.|No Stat|Orthodox|Oct 04, 1985|1.61|46%|1.05|55%|2.50|75%|0%|1.7
0c3838c8f7c620c2|Ryan Gracie|5|2|0|"5' 9"""|200 lbs.|No Stat|Orthodox|Aug 14, 1974|0.82|61%|0.50|40%|2.83|75%|25%|0.9
b807814d977682eb|Royler Gracie|5|5|1|"5' 8"""|150 lbs.|No Stat|Southpaw|Dec 06, 1965|0.00|0%|0.00|0%|0.00|0%|0%|0.0
194fc025f9355db6|Rickson Gracie|11|0|0|"5' 10"""|185 lbs.|No Stat|Switch|Nov 20, 1958|0.00|0%|0.00|0%|0.00|0%|0%|0.0
36877f0e62b25b96|Rodrigo Gracie|6|2|1|"6' 0"""|183 lbs.|No Stat|Orthodox|Apr 11, 1975|1.34|51%|0.86|46%|1.49|50%|75%|0.4
52d92050a046bc17|Crosley Gracie|2|2|0|"5' 9"""|190 lbs.|No Stat|Orthodox|Jul 18, 1979|1.69|37%|1.54|60%|3.46|85%|50%|0.6
a9c45a8b21eabadc|Ralph Gracie|6|1|0|"5' 9"""|183 lbs.|No Stat|Orthodox|No Stat|0.86|37%|1.72|31%|0.00|0%|25%|4.0
82d6a9ae41aac3f7|Daniel Gracie|5|4|1|"6' 2"""|225 lbs.|No Stat|Orthodox|No Stat|1.90|38%|1.33|59%|0.36|100%|80%|2.1
aae0897825336b1a|Renzo Gracie|13|7|1|"5' 10"""|185 lbs.|No Stat|Orthodox|Mar 11, 1967|1.71|41%|1.67|55%|1.13|20%|40%|0.8
4e163b53d1de1fbc|Patryk Grabowski|5|1|0|No Stat|205 lbs.|No Stat|No Stat|Nov 12, 1995|0.00|0%|0.00|0%|0.00|0%|0%|0.0
429e7d3725852ce9|Royce Gracie|15|2|3|"6' 1"""|175 lbs.|No Stat|Southpaw|Dec 12, 1966|0.88|41%|1.13|37%|0.00|0%|66%|0.8
3f11b5d4bd76a6d9|Damian Grabowski|20|5|0|"6' 1"""|241 lbs.|"75"""|Orthodox|May 12, 1980|4.00|36%|7.65|51%|0.00|0%|0%|0.0
ae954fd497025462|Justin Governale|5|5|0|No Stat|145 lbs.|No Stat|No Stat|No Stat|0.00|0%|0.00|0%|0.00|0%|0%|0.0
2391a73686200c5d|Hugo Govea|0|1|0|No Stat|No Stat|No Stat|No Stat|No Stat|0.00|0%|0.00|0%|0.00|0%|0%|0.0
c44acf87e376c62b|Todd Gouwenberg|9|5|0|"6' 1"""|205 lbs.|No Stat|Orthodox|Sep 25, 1974|0.52|23%|2.93|42%|1.57|33%|50%|0.0
af5b208e97f5d382|Wilson Gouveia|14|8|0|"6' 1"""|185 lbs.|"76"""|Orthodox|Oct 03, 1978|3.02|39%|4.06|56%|0.90|66%|57%|2.2
51e86de150ee8be6|Thibault Gouti|12|5|0|"5' 10"""|155 lbs.|"72"""|Orthodox|Feb 27, 1987|3.68|34%|5.64|50%|1.23|80%|83%|0.3
c10eb2f12c489f6d|Tim Gorman|9|4|0|"5' 5"""|135 lbs.|No Stat|Southpaw|Apr 29, 1983|2.73|31%|5.57|46%|1.00|9%|33%|0.0
40f3cb27fc7305a1|Themba Gorimbo|14|5|0|"6' 1"""|170 lbs.|"77"""|Orthodox|Jan 23, 1991|3.15|61%|1.09|56%|4.81|65%|82%|0.6
fb1538b46877a695|Jonathan Goulet|23|12|0|"6' 0"""|170 lbs.|"73"""|Orthodox|Jul 13, 1979|1.61|41%|2.01|46%|4.17|70%|45%|0.6
803bebcfb6d6f506|Alex Gorgees|6|1|0|"6' 2"""|155 lbs.|"74"""|Switch|Aug 11, 1995|0.67|32%|2.27|38%|0.00|0%|54%|0.0
052ceb8976695342|Chase Gormley|14|6|0|"6' 3"""|265 lbs.|No Stat|Orthodox|No Stat|3.60|42%|6.03|44%|3.12|42%|0%|1.0
147e70aa6cc48cfc|Tresean Gore|6|4|0|"6' 0"""|185 lbs.|"75"""|Switch|Jun 21, 1994|2.77|46%|8.16|39%|2.62|75%|83%|1.3
dee294e9717012c2|Malcolm Gordon|14|8|0|"5' 7"""|125 lbs.|"71"""|Switch|May 19, 1990|2.50|45%|2.00|43%|1.72|35%|26%|1.0
68c4ca70067bf282|Tebaris Gordon|3|1|0|"6' 1"""|265 lbs.|No Stat|Orthodox|Jul 19, 1988|3.53|16%|49.41|22%|0.00|0%|0%|0.0
7026eca45f65377b|Jared Gordon|21|7|0|"5' 9"""|155 lbs.|"68"""|Orthodox|Sep 06, 1988|5.67|55%|3.91|56%|1.83|32%|62%|0.0
8cad40a75e5c97f5|Eddie Gordon|8|4|0|"6' 0"""|185 lbs.|"76"""|Orthodox|Jul 22, 1983|2.03|32%|2.57|60%|1.93|83%|63%|0.0
7f98d9d5a10fa25c|Jordan Goodwin|0|0|0|No Stat|155 lbs.|No Stat|No Stat|No Stat|0.00|0%|0.00|0%|0.00|0%|0%|0.0
279093302a6f44b3|Gerard Gordeau|2|2|0|"6' 5"""|216 lbs.|No Stat|Orthodox|Mar 30, 1959|0.00|0%|0.00|0%|0.00|0%|0%|0.0
1bda4867f1baceac|Kier Gooch|2|7|0|No Stat|155 lbs.|No Stat|No Stat|Apr 21, 1986|0.00|0%|0.00|0%|0.00|0%|0%|0.0
fbbde91f7bc2d3c5|Gary Goodridge|23|22|1|"6' 3"""|249 lbs.|No Stat|Orthodox|Jan 17, 1966|1.84|56%|2.14|48%|0.40|100%|53%|0.8
4e0692ad070976e4|Lyman Good|21|6|0|"6' 0"""|170 lbs.|"74"""|Orthodox|May 26, 1985|5.34|48%|4.01|63%|0.27|100%|75%|0.0
c730a0be691dc081|Jared Gooden|23|10|0|"6' 0"""|170 lbs.|"77"""|Orthodox|Dec 05, 1993|4.40|48%|6.74|45%|0.91|45%|65%|0.4
a2ccf35a88346a91|Erick Gonzalez|14|8|0|"5' 11"""|155 lbs.|"75"""|Orthodox|Jan 20, 1992|2.40|36%|8.08|40%|6.00|55%|50%|0.0
4f1a48f4e6ffb007|Jennifer Gonzalez|13|5|0|"5' 2"""|125 lbs.|No Stat|No Stat|Mar 22, 1986|0.00|0%|0.00|0%|0.00|0%|0%|0.0
de47c33e48b0ce38|Mikey Gonzalez|7|2|0|"5' 11"""|155 lbs.|"74"""|Orthodox|Aug 13, 1985|0.91|16%|14.55|11%|0.00|0%|0%|0.0
ff175a137b395e2b|Jorge Gonzalez|16|4|0|"6' 2"""|205 lbs.|"76"""|Orthodox|Feb 29, 1984|0.00|0%|0.00|0%|0.00|0%|0%|0.0
1ebdcb7488d0ebee|Pearl Gonzalez|6|3|0|"5' 4"""|115 lbs.|No Stat|Orthodox|Aug 12, 1986|2.23|37%|4.07|57%|1.04|11%|0%|0.5
e5d03e4d966126bd|Jason High|21|6|0|"5' 8"""|155 lbs.|"73"""|Southpaw|Oct 12, 1981|1.28|42%|1.56|48%|2.36|63%|37%|2.8
e45cfa47f504033a|Jason Gonzalez|11|5|0|"6' 2"""|155 lbs.|"74"""|Southpaw|Feb 28, 1990|3.06|39%|3.13|58%|0.00|0%|30%|1.0
88432fe79d5091d9|Lee Higgins|2|1|0|No Stat|155 lbs.|No Stat|No Stat|Jul 14, 1980|1.02|26%|3.68|40%|0.00|0%|0%|0.0
e69c5ce12f4e762b|Marcus Hicks|10|4|0|"5' 6"""|155 lbs.|"64"""|Southpaw|Nov 25, 1975|1.42|43%|3.06|61%|2.70|53%|25%|4.0
5bb0a618ad03ac64|Jay Hieron|23|7|0|"6' 0"""|170 lbs.|"75"""|Orthodox|Jul 29, 1976|1.66|32%|1.89|61%|4.05|60%|66%|1.0
fdb02029556ff4ed|Conor Heun|9|5|0|"5' 10"""|155 lbs.|No Stat|Orthodox|Feb 11, 1979|2.92|36%|3.66|54%|2.45|31%|33%|0.3
13150cf89a5b81e0|Brandon Hester|3|0|0|"6' 1"""|205 lbs.|No Stat|No Stat|No Stat|3.53|53%|0.40|68%|4.00|80%|0%|0.0
893d51aaf024eddd|Jimy Hettes|11|3|0|"5' 9"""|145 lbs.|"71"""|Southpaw|Jun 09, 1987|3.47|57%|3.50|57%|5.20|44%|61%|1.4
7af33fc4435017f1|Brady Hiestand|9|2|0|"5' 8"""|135 lbs.|"71"""|Orthodox|Apr 30, 1999|2.70|50%|3.75|51%|4.80|46%|42%|1.1
c169545ab0825f44|Geane Herrera|9|3|0|"5' 5"""|125 lbs.|"66"""|Orthodox|May 27, 1990|1.51|31%|5.07|52%|0.83|37%|38%|0.6
92b62174c175ce19|Clint Hester|11|6|0|"6' 2"""|205 lbs.|"77"""|Orthodox|Nov 21, 1986|3.36|42%|3.44|56%|1.02|35%|60%|0.0
b6850671a008bf9a|Felice Herrig|14|10|0|"5' 4"""|115 lbs.|"65"""|Orthodox|Sep 18, 1984|3.84|37%|5.19|48%|1.08|28%|75%|0.8
32a3025d5db456ae|Jon Hess|1|1|0|"6' 7"""|295 lbs.|No Stat|No Stat|No Stat|0.00|0%|0.00|0%|0.00|0%|0%|0.0
7450525c7ba032a0|Heath Herring|28|16|0|"6' 4"""|250 lbs.|"78"""|Orthodox|Mar 02, 1978|2.37|50%|1.77|54%|1.22|50%|32%|0.7
74d35fbc9c6a61bd|Alvaro Herrera Mendoza|9|6|0|"6' 0"""|155 lbs.|"74"""|Orthodox|May 14, 1990|1.89|38%|3.40|55%|0.00|0%|33%|1.1
f71028a6e5128856|Chris Herrera|3|2|1|"5' 10"""|185 lbs.|No Stat|No Stat|No Stat|2.04|37%|3.35|48%|1.80|100%|100%|0.0
440c9dbab63528fb|Paul Herrera|1|1|0|"5' 10"""|185 lbs.|No Stat|Orthodox|No Stat|0.00|0%|0.00|0%|0.00|0%|0%|0.0
f97c5433c77522d3|Nohelin Hernandez|9|4|0|"5' 10"""|135 lbs.|"71"""|Orthodox|Mar 01, 1994|1.32|34%|2.63|52%|0.71|50%|37%|0.0
fc8610cc15674ae2|Leslie Hernandez|4|2|0|"5' 3"""|115 lbs.|"64"""|Orthodox|Dec 29, 1997|3.60|58%|2.53|55%|0.00|0%|54%|0.0
093e1f5bb73850be|Anthony Hernandez|14|2|0|"6' 0"""|185 lbs.|"75"""|Orthodox|Oct 18, 1993|4.50|63%|2.61|46%|6.27|45%|66%|1.9
798e48f9e7f6ba22|Carlos Hernandez|10|5|0|"5' 8"""|125 lbs.|"67"""|Orthodox|Oct 25, 1993|3.83|45%|3.50|50%|1.56|21%|65%|0.2
4a76daef28549957|Joe Hernandez|0|1|0|No Stat|No Stat|No Stat|No Stat|No Stat|0.00|0%|0.00|0%|0.00|0%|0%|0.0
915c8d39d4a0e7d1|Ramiro Hernandez|19|9|0|"5' 9"""|135 lbs.|No Stat|Orthodox|Jul 22, 1986|2.72|28%|5.51|64%|0.00|0%|0%|0.0
262a7d06203657e6|Alexander Hernandez|16|8|0|"5' 9"""|155 lbs.|"72"""|Orthodox|Oct 01, 1992|4.38|40%|4.62|57%|1.24|36%|71%|0.1
cbd6f1abf955e628|Dave Herman|22|6|0|"6' 4"""|242 lbs.|"77"""|Orthodox|Oct 03, 1984|4.98|60%|3.78|48%|1.49|100%|58%|0.0
4c88a1db5a46c6a4|Jai Herbert|13|6|1|"6' 1"""|155 lbs.|"77"""|Orthodox|May 13, 1988|3.07|40%|3.26|53%|0.43|21%|66%|0.0
06f36cf4bd97ec77|Ed Herman|27|16|0|"6' 1"""|205 lbs.|"77"""|Orthodox|Oct 02, 1980|3.31|48%|3.71|42%|1.96|47%|59%|1.0
e1acbb6352ca3551|TJ Hepburn|4|2|0|"5' 7"""|155 lbs.|No Stat|No Stat|No Stat|0.73|37%|0.13|81%|2.00|40%|60%|0.0
f7d73e452b064bf2|Danny Henry|12|4|0|"6' 0"""|145 lbs.|"73"""|Orthodox|Jul 17, 1988|5.20|51%|4.16|45%|0.74|33%|50%|2.2
df2cf66d8c0123db|Noe Hernandez|5|5|0|No Stat|No Stat|No Stat|Orthodox|No Stat|0.00|0%|0.00|0%|0.00|0%|0%|0.0
1649770c649db6a5|Diego Henrique da Silva|8|4|0|"6' 2"""|185 lbs.|No Stat|Orthodox|Aug 22, 1986|2.53|57%|3.27|30%|0.00|0%|63%|0.0
20a0e4cc5227c117|Jose Henrique|5|1|0|"6' 3"""|170 lbs.|"79"""|Orthodox|May 23, 2002|3.45|43%|5.79|38%|0.00|0%|0%|0.0
0a1942069c9ad6b6|Jack Hermansson|24|9|0|"6' 1"""|185 lbs.|"77"""|Orthodox|Jun 10, 1988|5.13|45%|3.70|57%|1.50|29%|80%|0.4
eb8d8c2a95cfccb8|Victor Henry|25|7|0|"5' 7"""|135 lbs.|"68"""|Switch|May 04, 1987|7.17|53%|5.19|48%|1.04|42%|81%|0.3
e5bda12faabfc850|Luis Henrique|10|5|0|"6' 2"""|243 lbs.|"74"""|Orthodox|Aug 21, 1993|1.81|43%|2.22|47%|3.09|36%|50%|1.0
9ab9912e0f8fa6d6|Cory Hendricks|3|1|0|"6' 3"""|205 lbs.|No Stat|Switch|May 10, 1988|3.13|39%|4.07|42%|0.00|0%|100%|0.0
0941df56f6ac954b|Johny Hendricks|18|8|0|"5' 9"""|185 lbs.|"69"""|Southpaw|Sep 12, 1983|3.49|45%|3.99|53%|3.83|46%|63%|0.3
498f0d066396ec59|Ron Henderson|4|3|0|"5' 10"""|125 lbs.|No Stat|No Stat|No Stat|2.53|25%|3.60|48%|1.00|20%|0%|0.0
7649c4c95b824488|Josh Hendricks|19|11|0|"6' 2"""|235 lbs.|No Stat|Southpaw|Aug 28, 1976|0.98|20%|11.80|29%|0.00|0%|0%|0.0
2ff2e6e5abea3e53|Lewis Gonzalez|11|3|0|"5' 10"""|170 lbs.|No Stat|Orthodox|Sep 19, 1987|1.40|37%|1.87|41%|2.00|33%|62%|0.0
2676b28836a5a836|Benson Henderson|24|7|0|"5' 9"""|170 lbs.|"70"""|Southpaw|Nov 16, 1983|2.93|45%|1.79|63%|2.40|45%|63%|0.8
69c071bc2621e8b0|Fabian Gonzalez|2|1|0|"5' 10"""|135 lbs.|No Stat|No Stat|No Stat|3.90|48%|4.39|51%|0.00|0%|66%|0.0
28d8638ea0a71908|Nick Gonzalez|17|12|0|"5' 6"""|155 lbs.|No Stat|Orthodox|Mar 03, 1981|0.59|20%|2.35|33%|0.00|0%|50%|0.0
1ccf4e7caff270df|Dan Henderson|32|15|0|"5' 11"""|185 lbs.|"74"""|Orthodox|Aug 24, 1970|2.44|47%|2.70|51%|1.52|52%|57%|0.3
be5aab761c40ef35|Fernando Gonzalez|26|14|0|"5' 9"""|170 lbs.|"68"""|Southpaw|Sep 15, 1983|4.47|47%|4.03|65%|0.86|33%|43%|1.4
94535f76f43b466a|Justin Gonzales|6|0|0|"5' 9"""|145 lbs.|"72"""|Orthodox|Apr 28, 1991|6.67|80%|0.87|43%|14.00|73%|100%|0.0
b2acebbef8da14ea|Akihiro Gono|35|21|8|"5' 7"""|170 lbs.|"68"""|Switch|Oct 07, 1974|2.18|48%|2.67|63%|1.01|84%|46%|0.5
270b89c00ef0c55c|Gabriel Gonzaga|17|11|0|"6' 2"""|242 lbs.|"76"""|Orthodox|May 18, 1979|2.12|45%|2.94|57%|2.80|39%|66%|1.1
3be081c29bf734d9|Takanori Gomi|35|14|0|"5' 7"""|155 lbs.|"70"""|Southpaw|Sep 22, 1978|3.81|41%|3.52|60%|1.23|65%|63%|0.8
e1d40e8782d80bc2|William Gomis|14|3|0|"6' 0"""|145 lbs.|"73"""|Southpaw|Jun 13, 1997|3.53|51%|2.86|60%|0.62|27%|73%|0.4
513e84bfe65ff509|Luis Gomez|4|1|0|"5' 7"""|145 lbs.|"68"""|Orthodox|Jan 28, 1995|1.57|33%|4.03|55%|4.48|50%|33%|0.0
e90f4291f93708e6|Edson Gomez|6|2|0|"5' 8"""|170 lbs.|"69"""|Switch|Feb 23, 1991|2.66|32%|8.78|45%|0.00|0%|0%|0.0
0778f94eb5d588a5|Joey Gomez|6|2|0|"5' 10"""|135 lbs.|"73"""|Orthodox|Jul 21, 1986|2.44|28%|4.46|55%|0.62|100%|50%|0.0
b4880ef2f838d4e1|Silvana Gomez Juarez|11|5|0|"5' 3"""|115 lbs.|"65"""|Orthodox|Dec 06, 1984|4.26|32%|4.04|61%|0.00|0%|30%|0.0
3a28e1e641366308|Joey Gomez|7|1|0|"5' 10"""|155 lbs.|"71"""|Orthodox|Aug 29, 1989|3.73|49%|3.33|50%|2.00|28%|0%|0.0
489413d3be819647|David Gomez|1|2|0|No Stat|155 lbs.|No Stat|No Stat|Aug 08, 1983|0.00|0%|0.00|0%|0.00|0%|0%|0.0
0a66de3a797cf73a|Alan Gomez|2|0|0|No Stat|155 lbs.|No Stat|No Stat|No Stat|0.00|0%|0.00|0%|0.00|0%|0%|0.0
1e35aa8955794580|Ulysses Gomez|9|5|0|"5' 6"""|125 lbs.|No Stat|Orthodox|May 25, 1983|2.72|25%|3.57|68%|0.00|0%|0%|0.0
a0a680fe2f6cc8e6|Frank Gomez|10|6|0|"5' 10"""|135 lbs.|"67"""|Orthodox|Mar 31, 1986|1.52|48%|0.79|66%|1.14|60%|70%|0.8
af1e5c64b8663aa0|Sergio Gomez|10|3|0|"5' 6"""|155 lbs.|No Stat|Orthodox|Apr 29, 1982|1.50|42%|1.16|56%|2.57|66%|31%|0.0
ac29d508d78384c9|Marcelo Golm|6|3|0|"6' 3"""|249 lbs.|"75"""|Orthodox|Sep 15, 1992|4.27|58%|4.30|45%|0.45|50%|87%|0.5
cffb87059e645bd1|Denise Gomes|11|3|0|"5' 2"""|115 lbs.|"63"""|Orthodox|Dec 30, 1999|4.59|50%|3.04|51%|1.19|36%|67%|0.8
26e3f3928b1891d9|Hannah Goldy|6|4|0|"5' 4"""|115 lbs.|"61"""|Orthodox|May 18, 1992|5.19|47%|4.67|50%|0.66|12%|54%|0.2
e86af30738a5452a|Jonny Goh|3|4|0|"5' 11"""|155 lbs.|No Stat|No Stat|No Stat|0.00|0%|0.00|0%|0.00|0%|0%|0.0
5d1636b6c1688502|Amiran Gogoladze|14|3|0|"6' 1"""|170 lbs.|"74"""|Switch|Dec 09, 1997|1.64|66%|0.82|0%|0.00|0%|0%|0.0
fa07345cc9db5cc9|Billy Ray Goff|9|4|0|"5' 10"""|170 lbs.|"72"""|Switch|Jun 18, 1998|7.51|46%|5.02|59%|1.75|16%|66%|0.0
5ca158b1cc9cb242|Jason Godsey|16|16|0|"6' 2"""|230 lbs.|No Stat|Orthodox|No Stat|0.00|0%|0.00|0%|0.00|0%|0%|0.0
bd85ca0bb4f26cfc|Clint Godfrey|13|3|0|"5' 6"""|135 lbs.|No Stat|Southpaw|Oct 21, 1982|0.57|31%|0.96|65%|0.85|25%|50%|0.0
e62b36885ecdac27|Allan Goes|10|5|2|"6' 0"""|205 lbs.|No Stat|Orthodox|Apr 20, 1971|0.64|52%|1.35|41%|1.75|40%|0%|2.6
8e5d953bdb9ae5e7|Loopy Godinez|13|5|0|"5' 2"""|115 lbs.|"61"""|Orthodox|Sep 06, 1993|4.28|48%|3.87|61%|3.12|47%|81%|0.9
057a241e4ba90c4d|Ivan Gnizditskiy|5|0|0|No Stat|205 lbs.|No Stat|No Stat|May 10, 1996|0.00|0%|0.00|0%|0.00|0%|0%|0.0
ad56b3f00ca38dfd|Mark Godbeer|13|4|0|"6' 4"""|240 lbs.|"77"""|Orthodox|Nov 22, 1983|3.97|53%|3.30|54%|0.00|0%|28%|0.0
814ff3018127e8fc|Ricky Glenn|22|9|2|"6' 0"""|170 lbs.|"70"""|Southpaw|Apr 12, 1989|3.79|42%|4.30|51%|0.72|13%|69%|0.4
fda067e842b07466|Jason Glaza|3|2|0|"6' 0"""|230 lbs.|No Stat|No Stat|No Stat|4.34|54%|0.43|40%|4.34|100%|0%|4.3
ed133185689088b3|Mike Glenn|5|6|0|No Stat|205 lbs.|No Stat|No Stat|Oct 09, 1977|0.00|0%|0.00|0%|0.00|0%|0%|0.0
81f1810f72df8f25|Brandon Girtz|14|7|0|"5' 7"""|155 lbs.|No Stat|No Stat|Mar 06, 1985|2.50|60%|1.92|47%|5.76|100%|100%|0.0
4b4f6abdce986be6|Israel Giron|19|5|0|"5' 8"""|155 lbs.|No Stat|No Stat|Jan 16, 1974|0.00|0%|0.00|0%|0.00|0%|0%|0.0
3e03cec9767d37e6|He-Man Gipson|1|2|0|No Stat|No Stat|No Stat|No Stat|No Stat|0.00|0%|0.00|0%|0.00|0%|0%|0.0
c3e2eca94b2320bc|Katsuaki Furuki|1|1|0|"6' 0"""|168 lbs.|No Stat|No Stat|Nov 10, 1980|0.27|10%|2.67|39%|0.00|0%|0%|3.0
1f5f75658551f2d3|Sam Fulton|0|2|0|No Stat|No Stat|No Stat|No Stat|No Stat|0.00|0%|0.00|0%|0.00|0%|0%|0.0
e9e1acc96536bb4f|Ricardo Funch|9|6|0|"5' 10"""|170 lbs.|"74"""|Southpaw|Aug 14, 1980|2.61|65%|3.57|40%|1.24|18%|60%|0.0
aa3153a9941b4d44|Masakatsu Funaki|39|13|2|"6' 0"""|185 lbs.|No Stat|Southpaw|Mar 13, 1969|1.82|68%|2.92|35%|0.00|0%|0%|5.5
911fb265462f0d94|Travis Fulton|253|53|10|"6' 0"""|240 lbs.|No Stat|Orthodox|May 29, 1977|0.00|0%|0.00|0%|0.00|0%|0%|0.0
4638cc6479cc0afe|Masio Fullen|11|7|0|"5' 10"""|145 lbs.|"70"""|Orthodox|Oct 06, 1986|2.46|32%|3.50|54%|0.47|33%|69%|0.0
ccd58ff71e260ed5|Keisuke Fujiwara|17|12|5|"5' 6"""|139 lbs.|No Stat|Switch|No Stat|0.73|44%|1.20|47%|0.00|0%|23%|2.5
7c35f869033901ae|Riki Fukuda|24|9|0|"6' 0"""|185 lbs.|"73"""|Southpaw|Jan 06, 1981|4.24|43%|3.71|64%|2.17|43%|70%|0.0
fb6c531726447ff3|Megumi Fujii|26|3|0|"5' 3"""|113 lbs.|No Stat|No Stat|Apr 26, 1974|2.40|42%|0.00|100%|0.00|0%|0%|12.0
b1605ea39fba6af6|Kazuyuki Fujita|15|12|0|"6' 0"""|235 lbs.|No Stat|Orthodox|Oct 16, 1970|1.05|49%|1.99|52%|2.78|36%|85%|0.6
c3c38c86f5ab9b5c|Jesse Fujarczyk|2|2|0|"6' 4"""|225 lbs.|No Stat|Southpaw|Jan 28, 1983|1.03|33%|4.91|38%|0.00|0%|25%|0.0
a01a62132460a98d|Adam Fugitt|10|5|0|"6' 1"""|170 lbs.|"77"""|Southpaw|Jan 12, 1989|4.59|46%|4.54|51%|1.83|25%|50%|0.0
d71d968dc6ecfdaf|Katsuhisa Fujii|9|18|1|"6' 0"""|205 lbs.|No Stat|Orthodox|Aug 15, 1972|4.00|50%|4.43|64%|2.14|25%|50%|2.1
253de74457bd6374|Tony Fryklund|14|9|1|"6' 0"""|185 lbs.|No Stat|Orthodox|Mar 26, 1971|3.49|39%|6.50|43%|0.00|0%|66%|0.5
271fe91f4ba9d2c5|Don Frye|20|9|1|"6' 1"""|219 lbs.|No Stat|Orthodox|Nov 23, 1965|2.87|64%|3.57|37%|0.91|57%|45%|0.7
ee704df0afd74558|Artem Frolov|11|0|0|"5' 10"""|185 lbs.|No Stat|No Stat|Sep 07, 1991|0.00|0%|0.00|0%|0.00|0%|0%|0.0
1641ef250e9de19b|Sarah Frota|9|2|0|"5' 6"""|125 lbs.|"69"""|Southpaw|Apr 14, 1987|4.52|52%|2.57|55%|0.00|0%|53%|0.0
dccb63727f2f5f74|Matt Frevola|11|5|1|"5' 9"""|155 lbs.|"71"""|Orthodox|Jun 11, 1990|3.37|40%|3.69|57%|2.39|39%|36%|1.0
756f45905fb20cb5|Mike French|9|10|0|"5' 10"""|145 lbs.|No Stat|No Stat|May 29, 1975|0.23|23%|2.17|42%|0.00|0%|22%|1.0
d05cb1e8d1b885d8|Jinh Yu Frey|11|10|0|"5' 3"""|115 lbs.|"65"""|Southpaw|May 20, 1985|2.97|43%|4.23|52%|1.02|36%|90%|0.3
73321668ff977f1b|Clay French|19|7|0|"5' 7"""|161 lbs.|No Stat|Southpaw|Oct 07, 1980|1.52|50%|1.27|16%|0.00|0%|100%|0.0
7cec3c4a5e7b6d68|Daniel Frunza|9|3|0|"6' 1"""|170 lbs.|"73"""|Orthodox|Apr 13, 1994|6.30|40%|6.67|56%|0.00|0%|60%|0.0
ca43de99b07b6b40|Josh Fremd|11|6|0|"6' 4"""|185 lbs.|"76"""|Orthodox|Jan 15, 1994|2.52|44%|2.23|47%|0.66|25%|30%|1.1
9aa56f004b2bca07|Donavon Frelow|6|3|0|"5' 7"""|135 lbs.|No Stat|Orthodox|Jan 20, 1985|2.40|27%|3.20|52%|1.00|100%|26%|0.0
f1f37d667bcd0d27|Willamy Freire|26|6|0|"5' 8"""|155 lbs.|No Stat|Orthodox|Jul 28, 1987|1.53|37%|0.93|62%|0.50|100%|73%|0.0
98a58c26c5b1ed17|Patricio Freire|37|8|0|"5' 6"""|145 lbs.|"67"""|Orthodox|Jul 07, 1987|2.68|43%|4.23|57%|1.49|33%|88%|0.6
a47e9ec288c91067|Jeremy Freitag|6|10|0|"6' 1"""|205 lbs.|No Stat|No Stat|No Stat|0.00|0%|8.37|19%|0.00|0%|33%|1.9
14b9e0f2679a2205|Rafael Freitas|3|6|0|No Stat|205 lbs.|No Stat|Orthodox|No Stat|2.00|29%|8.00|51%|11.25|50%|0%|0.0
90e6dde9113830bd|Patricky Freire|17|8|0|"5' 7"""|155 lbs.|"71"""|No Stat|Jun 01, 1986|3.06|44%|3.34|69%|1.26|33%|100%|0.0
63d071997c75e3fd|Kennedy Freeman|6|0|0|No Stat|125 lbs.|No Stat|No Stat|Nov 26, 1996|0.00|0%|0.00|0%|0.00|0%|0%|0.0
5870bd1eadf4f322|Jason Freeman|6|4|0|"6' 2"""|225 lbs.|No Stat|No Stat|Sep 02, 1976|0.00|0%|0.00|0%|0.00|0%|0%|0.0
0971be7d94e109e1|Elisha Helsper|0|4|0|"5' 6"""|135 lbs.|No Stat|Orthodox|Feb 06, 1983|0.00|0%|0.00|0%|0.00|0%|0%|0.0
b4bc2e3353a770b5|Ian Freeman|20|7|1|"5' 11"""|225 lbs.|No Stat|Orthodox|Nov 10, 1966|2.54|48%|3.11|44%|1.44|40%|80%|0.7
cacfd51b8e97ace0|Matt Helm|1|1|0|No Stat|155 lbs.|No Stat|No Stat|No Stat|0.00|0%|0.00|0%|0.00|0%|0%|0.0
970beed85bc46b63|Delson Heleno|29|10|0|"5' 11"""|185 lbs.|No Stat|Orthodox|Nov 16, 1977|0.69|75%|4.83|19%|0.00|0%|0%|0.0
bf43fed8f29e1671|Marcin Held|23|7|0|"5' 9"""|155 lbs.|"71"""|Orthodox|Jan 18, 1992|1.41|34%|2.02|47%|2.46|46%|37%|1.3
2e585c701f72fe55|Ian Heinisch|14|5|0|"5' 11"""|185 lbs.|"72"""|Orthodox|Aug 05, 1988|3.25|50%|2.98|59%|1.02|17%|59%|0.7
2816ced060a21be3|Nick Hein|14|5|0|"5' 6"""|155 lbs.|"66"""|Southpaw|Apr 24, 1984|2.65|35%|3.61|59%|0.86|33%|83%|0.0
e57fdbea1b828202|Jake Hecht|11|4|0|"6' 0"""|170 lbs.|"73"""|Orthodox|Feb 09, 1984|3.26|47%|2.76|56%|2.04|37%|40%|0.0
bad8be5827ea1bf1|Chris Heatherly|9|4|0|"5' 9"""|155 lbs.|No Stat|Orthodox|Nov 24, 1987|1.08|45%|2.67|52%|3.39|50%|100%|0.7
4f95f74620a6b7a4|David Heath|18|7|0|"5' 11"""|205 lbs.|"72"""|Orthodox|Feb 10, 1976|1.48|30%|5.16|49%|0.33|50%|57%|1.0
f3eb664db7fb1df3|Ryan Healy|25|14|1|"6' 1"""|155 lbs.|No Stat|Orthodox|Jul 20, 1983|1.67|35%|3.00|38%|3.00|50%|40%|1.0
d85cf12439945941|Spencer Hearns|1|0|0|"5' 11"""|185 lbs.|No Stat|No Stat|No Stat|0.00|0%|0.00|0%|0.00|0%|0%|0.0
50d2f0018bcf9eef|Pat Healy|34|23|0|"6' 0"""|155 lbs.|"72"""|Orthodox|Jul 20, 1983|2.57|36%|2.57|50%|3.08|37%|55%|1.1
7d6a3546c988cdc0|Gerric Hayes|8|11|0|"5' 10"""|No Stat|No Stat|No Stat|No Stat|0.00|0%|0.00|0%|0.00|0%|0%|0.0
19a8cce18a1cef9e|James Head|9|4|0|"6' 1"""|170 lbs.|"73"""|Orthodox|Feb 09, 1984|2.75|48%|3.11|49%|0.41|100%|66%|0.8
6ef58dabef8beb15|Josh Haynes|14|11|0|"5' 9"""|170 lbs.|No Stat|Orthodox|Jul 30, 1977|1.25|22%|4.03|52%|0.94|18%|42%|0.0
a149d6bc670cdb60|Dustin Hazelett|12|7|0|"6' 1"""|170 lbs.|"76"""|Orthodox|Apr 29, 1986|2.24|40%|3.51|46%|0.55|50%|25%|4.1
a620638435de0628|Ryan Hayes|7|6|0|No Stat|No Stat|No Stat|No Stat|No Stat|0.00|0%|0.00|0%|0.00|0%|0%|0.0
0cfbbfa0ba6d9855|Mike Hayes|20|12|2|"6' 4"""|230 lbs.|No Stat|Orthodox|No Stat|4.87|55%|1.47|77%|0.00|0%|75%|4.0
0871254cd790c250|Tommy Hayden|11|3|0|"5' 9"""|145 lbs.|No Stat|Southpaw|Mar 11, 1986|1.48|27%|2.05|55%|3.42|33%|66%|0.0
885e7f70dcac0007|Del Hawkins|22|17|0|"5' 5"""|135 lbs.|No Stat|Orthodox|No Stat|1.15|27%|2.01|46%|0.00|0%|0%|0.0
9460c867aae1987e|Chris Hawk|5|10|0|"6' 1"""|205 lbs.|No Stat|No Stat|No Stat|0.00|0%|0.00|0%|0.00|0%|0%|0.0
c76ceda100ac0fad|Daiki Hata|17|11|7|"5' 6"""|139 lbs.|No Stat|Orthodox|Aug 24, 1982|1.44|39%|1.42|55%|0.67|100%|35%|0.7
28f3c2258a1d8874|John Hathaway|17|2|0|"6' 1"""|170 lbs.|"75"""|Orthodox|Jul 23, 1987|3.40|40%|1.80|62%|2.61|43%|60%|0.9
547afe1017e72dbe|Phil Hawes|12|6|0|"6' 0"""|185 lbs.|"77"""|Orthodox|Jan 08, 1989|5.33|59%|3.72|55%|2.11|34%|90%|0.2
5c7fc58e782b6842|Justin Hawes|6|9|0|"5' 11"""|205 lbs.|No Stat|No Stat|Jan 13, 1979|0.00|0%|3.41|37%|0.00|0%|0%|0.0
bf7a64d9ae343e86|Ahmad Hassanzada|11|3|0|"6' 1"""|155 lbs.|"75"""|Orthodox|Nov 20, 1996|3.16|39%|4.42|38%|2.43|19%|0%|1.2
77940e45bc86208e|Justin Haskins|7|6|0|"5' 10"""|170 lbs.|No Stat|Orthodox|Aug 30, 1979|1.51|33%|2.65|54%|1.62|40%|52%|0.8
cf615eb4b7862c76|Hayder Hassan|6|3|0|"5' 10"""|170 lbs.|No Stat|No Stat|Oct 20, 1982|2.11|46%|3.16|48%|0.00|0%|25%|0.0
a890f9a791ed615d|Tomohiko Hashimoto|1|4|0|"6' 0"""|250 lbs.|No Stat|Orthodox|No Stat|0.00|0%|11.67|30%|0.00|0%|0%|0.0
ae4343d29c68e9d0|Takayo Hashi|15|6|1|"5' 4"""|135 lbs.|No Stat|Orthodox|Oct 02, 1977|2.84|26%|6.56|61%|0.00|0%|0%|0.0
5bd533d50c8e7b8a|Chris Haseman|20|17|0|"5' 11"""|205 lbs.|No Stat|Orthodox|Jun 02, 1969|0.93|70%|4.67|28%|0.00|0%|40%|2.0
2a2eeee20ef049cf|Hidehiko Hasegawa|19|20|6|"5' 9"""|170 lbs.|No Stat|No Stat|Jul 13, 1978|0.00|0%|0.00|0%|0.00|0%|0%|0.0
34f3869747bf8fa9|Luke Hartwig|0|1|0|No Stat|No Stat|No Stat|No Stat|No Stat|0.00|0%|0.00|0%|0.00|0%|0%|0.0
83a477a7dba1ca58|Clay Harvison|13|6|0|"6' 1"""|170 lbs.|"74"""|Orthodox|Sep 25, 1980|3.29|48%|3.91|58%|0.66|100%|68%|1.3
6412da484125716b|Joey Hart|6|2|0|"6' 3"""|170 lbs.|"79"""|Orthodox|Jun 24, 1997|4.53|34%|4.53|45%|0.00|0%|40%|0.0
1af1170ed937cba7|Kayla Harrison|19|1|0|"5' 8"""|135 lbs.|"66"""|Southpaw|Jul 02, 1990|4.29|62%|1.10|66%|2.84|37%|100%|0.9
058e4e08a1ad8aba|Dale Hartt|6|3|0|"5' 10"""|155 lbs.|"69"""|Orthodox|Apr 04, 1979|1.14|35%|1.55|66%|1.22|100%|25%|2.5
16bf6a73bdd302cd|Collin Hart|6|3|1|"6' 1"""|185 lbs.|No Stat|Orthodox|Oct 12, 1989|6.33|44%|7.53|51%|2.00|16%|50%|0.0
a53d30163304aa6e|Carlston Harris|19|7|0|"6' 0"""|170 lbs.|"76"""|Orthodox|Jul 09, 1987|3.79|43%|3.46|54%|1.46|22%|55%|0.6
0e96af5220d27ed4|Dhafir Harris|2|0|0|No Stat|257 lbs.|No Stat|No Stat|Aug 04, 1977|0.00|0%|0.00|0%|0.00|0%|0%|0.0
0e98b05d3cf6d271|Trevor Harris|2|2|0|"5' 6"""|145 lbs.|No Stat|No Stat|No Stat|1.73|50%|0.43|75%|0.00|0%|50%|6.5
03f982ca3735070c|Walt Harris|13|10|0|"6' 5"""|250 lbs.|"77"""|Southpaw|Jun 10, 1983|3.05|39%|3.33|54%|0.29|28%|70%|0.1
c1ea31a904fe08a9|Billy Giovanella|9|5|0|"5' 8"""|125 lbs.|No Stat|No Stat|Aug 20, 1985|1.27|40%|2.02|52%|0.87|12%|100%|1.7
a58114c6dd0add64|Demetrius Gioulacos|0|1|0|"5' 11"""|185 lbs.|No Stat|No Stat|No Stat|0.00|0%|0.00|0%|0.00|0%|0%|0.0
bad8ed7d714f1493|Eperaim Ginting|6|1|0|"5' 4"""|135 lbs.|"64"""|Orthodox|Nov 30, 1995|0.00|0%|0.00|100%|15.52|100%|0%|0.0
ba043b03eb799063|Phil Harris|22|12|0|"5' 4"""|125 lbs.|"65"""|Orthodox|Sep 04, 1983|2.34|26%|3.16|68%|1.76|21%|60%|0.0
762c69860eef65d8|Alex Gilpin|11|1|0|"5' 7"""|145 lbs.|No Stat|Orthodox|Mar 26, 1992|6.80|54%|12.29|42%|2.17|25%|0%|2.2
10ccdcd14c3dfcf1|Krishaun Gilmore|0|1|0|No Stat|No Stat|No Stat|No Stat|No Stat|0.00|0%|0.00|0%|0.00|0%|0%|0.0
c96518b7f6881004|Bob Gilstrap|5|7|0|"6' 3"""|200 lbs.|No Stat|Orthodox|No Stat|0.00|0%|0.00|0%|0.00|0%|0%|0.0
160b931119c1bf91|Jesse Gillespie|3|2|0|No Stat|185 lbs.|No Stat|No Stat|No Stat|0.00|0%|0.00|0%|0.00|0%|0%|0.0
ce175eaafe867d1f|Micheal Gillmore|6|5|0|"5' 11"""|170 lbs.|"72"""|Orthodox|Mar 28, 1987|2.04|57%|3.02|43%|0.00|0%|50%|0.0
91720876db0ee468|Jason Gilliam|14|9|0|"6' 0"""|170 lbs.|No Stat|Orthodox|No Stat|0.79|33%|3.14|42%|0.00|0%|0%|0.0
42c96a9c4802e2e1|Kultar Gill|12|8|0|"6' 0"""|154 lbs.|No Stat|Orthodox|Mar 24, 1979|1.14|50%|0.40|41%|1.71|66%|38%|0.0
84ff027394f7e470|Gregor Gillespie|14|1|0|"5' 7"""|155 lbs.|"71"""|Orthodox|Nov 13, 1986|3.74|52%|2.30|57%|6.86|48%|100%|0.8
b27a1fcb56a3035a|Trevin Giles|16|7|0|"6' 0"""|170 lbs.|"74"""|Orthodox|Aug 06, 1992|3.17|54%|2.39|58%|1.07|50%|72%|0.3
6bb1d2b714d4b3bc|Joey Gilbert|2|3|0|"5' 11"""|155 lbs.|No Stat|Orthodox|Jun 05, 1976|0.61|42%|4.44|31%|0.00|0%|0%|0.0
e7f51d9f9e9259e7|Thomas Gifford|14|9|0|"6' 1"""|155 lbs.|"75"""|Orthodox|Jul 26, 1992|3.97|37%|6.45|37%|0.50|33%|33%|0.0
83825fad27ab3581|Joseph Gigliotti|7|2|0|"5' 11"""|185 lbs.|No Stat|Orthodox|Aug 13, 1993|1.04|39%|2.92|45%|1.56|100%|50%|0.8
09439946214993bc|Chase Gibson|9|5|0|"5' 10"""|155 lbs.|"72"""|Orthodox|Feb 07, 1990|3.13|54%|6.40|52%|0.00|0%|0%|0.0
69db199087a1a792|Lee Gibson|12|4|0|"5' 7"""|155 lbs.|No Stat|No Stat|No Stat|0.00|0%|0.00|0%|0.00|0%|0%|0.0
db8b800176d26f6e|Kenny Giddens|12|7|0|"5' 11"""|155 lbs.|No Stat|No Stat|No Stat|0.00|0%|0.00|0%|0.00|0%|0%|0.0
700a674c042b7a96|Cody Gibson|22|11|0|"5' 10"""|135 lbs.|"71"""|Orthodox|Sep 11, 1987|3.61|45%|3.18|57%|2.13|37%|69%|0.6
96a221341035b701|Nick Gibbons|2|1|0|"5' 10"""|155 lbs.|No Stat|No Stat|No Stat|0.00|0%|0.00|0%|0.00|0%|0%|0.0
63eedfcc73071d41|Lance Gibson|4|5|0|"5' 9"""|185 lbs.|No Stat|Orthodox|Nov 20, 1970|1.21|75%|6.44|20%|0.00|0%|0%|0.0
f74e037b97917027|James Giboo|13|5|0|"5' 11"""|170 lbs.|No Stat|Orthodox|Jan 06, 1978|1.20|27%|7.08|39%|0.00|0%|0%|0.0
946db8a378903cc3|Joe Giannetti|6|1|0|"6' 0"""|155 lbs.|"74"""|Southpaw|Jul 05, 1995|1.93|38%|2.80|40%|1.00|16%|0%|0.0
de45aaae23dfa392|Christos Giagos|20|12|0|"5' 10"""|155 lbs.|"71"""|Orthodox|Jan 23, 1990|3.03|41%|3.21|50%|2.84|36%|52%|0.4
eb70e786bbdf1d16|Yanis Ghemmouri|12|3|0|"5' 9"""|135 lbs.|"69"""|Orthodox|Jan 24, 1995|2.29|38%|5.14|35%|0.00|0%|0%|0.0
cb6783c39c01d896|Tiki Ghosn|10|7|1|"5' 10"""|170 lbs.|No Stat|Orthodox|Feb 09, 1977|2.78|46%|2.94|58%|0.41|50%|61%|0.0
a24e080000fa7a35|Darrel Gholar|5|6|0|"5' 8"""|194 lbs.|No Stat|Orthodox|No Stat|0.00|0%|0.00|0%|0.00|0%|0%|0.0
42883268854b78be|Derek Getzel|8|5|0|"6' 0"""|155 lbs.|No Stat|No Stat|No Stat|0.00|0%|0.00|0%|0.00|0%|0%|0.0
2db0c114414d4f06|Karine Gevorgyan|3|3|0|"5' 4"""|125 lbs.|"63"""|No Stat|Mar 09, 1989|1.20|20%|1.80|76%|0.00|0%|0%|0.0
2f1700b3a4a09bc7|Paul Georgieff|6|2|0|"6' 2"""|170 lbs.|No Stat|Orthodox|Sep 22, 1982|2.55|40%|2.34|35%|0.00|0%|0%|0.0
15edcf67ccf5be84|Brian Geraghty|26|18|1|"5' 7"""|155 lbs.|No Stat|Orthodox|Nov 04, 1980|0.47|25%|9.77|36%|0.00|0%|50%|0.0
14e797332ea32cdb|Chad George|16|8|0|"5' 6"""|135 lbs.|"68"""|Southpaw|Apr 30, 1982|1.26|50%|1.11|65%|3.08|46%|0%|1.3
618643d0d5c0631d|Manuel Gaxhja|7|0|0|"5' 8"""|155 lbs.|No Stat|Switch|Jul 23, 1997|0.00|0%|0.00|0%|0.00|0%|0%|0.0
6747ccd6d1acd266|Shamil Gaziev|14|1|0|"6' 4"""|265 lbs.|"78"""|Orthodox|Feb 10, 1990|2.57|48%|3.87|44%|0.96|30%|83%|0.3
effd0b70e6749ab2|Charlene Gellner|0|4|0|"5' 2"""|125 lbs.|No Stat|No Stat|No Stat|2.01|42%|3.24|43%|0.00|0%|0%|1.7
6ded9184b2284645|Willie Gates|12|7|0|"5' 8"""|125 lbs.|"72"""|Orthodox|Jan 21, 1987|1.80|38%|4.28|38%|0.00|0%|67%|0.4
2f815ed5f8278ba6|Ateba Gautier|8|1|0|"6' 4"""|185 lbs.|"81"""|Switch|Apr 10, 2002|6.93|61%|2.19|52%|0.00|0%|90%|0.0
d758f272d94f5866|Sean Gauci|10|1|0|"5' 5"""|125 lbs.|"64"""|Switch|Oct 07, 1996|5.07|59%|5.80|68%|4.00|44%|100%|0.0
b72a60a0cadff408|Louis Gaudinot|8|4|0|"5' 3"""|125 lbs.|"63"""|Orthodox|Aug 28, 1984|2.34|37%|6.42|48%|0.57|40%|31%|1.1
a1b0715c4fd2dbd3|Azamat Gashimov|8|3|0|"5' 6"""|125 lbs.|No Stat|Orthodox|Apr 07, 1990|1.24|21%|4.75|53%|1.69|25%|0%|0.0
8c0580d4fff106c1|Kelvin Gastelum|20|10|0|"5' 9"""|185 lbs.|"71"""|Southpaw|Oct 24, 1991|3.67|42%|3.49|57%|1.05|34%|58%|0.1
a4a80dd7336ffd59|Melissa Gatto|9|2|2|"5' 5"""|135 lbs.|"69"""|Orthodox|May 02, 1996|3.78|49%|2.84|54%|1.47|28%|63%|0.5
e4770d5ed44a3970|Brian Gassaway|29|20|2|"6' 1"""|170 lbs.|No Stat|Orthodox|Aug 07, 1972|0.34|26%|3.65|44%|0.00|0%|42%|0.0
78863e4a28204a6b|Justin Frazier|10|3|0|"6' 0"""|265 lbs.|"75"""|Southpaw|Jun 15, 1989|1.11|66%|6.11|4%|0.00|0%|0%|0.0
d3711d3784b76255|Zane Frazier|4|11|0|"6' 5"""|250 lbs.|No Stat|Orthodox|No Stat|0.00|0%|0.00|0%|0.00|0%|0%|0.0
3beeeafcbc8b4cbc|Gary Frazier|3|3|0|"6' 0"""|245 lbs.|No Stat|Orthodox|No Stat|1.50|39%|2.77|46%|0.00|0%|100%|0.0
fee02819a271c050|Stephanie Frausto|8|7|0|"5' 2"""|115 lbs.|"61"""|Orthodox|Sep 20, 1990|1.43|21%|3.57|60%|0.00|0%|0%|0.0
040d3b4c735541aa|Zoila Frausto|13|5|0|"5' 4"""|135 lbs.|No Stat|Orthodox|No Stat|0.77|31%|1.64|53%|0.00|0%|57%|0.0
90957a918e26bf9c|Xavier Franklin|5|1|0|"5' 6"""|135 lbs.|"66"""|Southpaw|Oct 15, 1996|3.07|33%|5.27|50%|0.00|0%|100%|0.0
ecfdbf38681a59ba|Francisco France|13|5|1|"6' 0"""|205 lbs.|No Stat|No Stat|Jan 21, 1983|0.54|33%|3.51|27%|0.00|0%|0%|6.1
e564146b9cf6dbef|Felipe Franco|8|0|0|No Stat|205 lbs.|No Stat|No Stat|Jan 22, 2001|0.00|0%|0.00|0%|0.00|0%|0%|0.0
d897897060f10a3a|Rich Franklin|29|7|0|"6' 1"""|185 lbs.|"76"""|Southpaw|Oct 05, 1974|4.10|44%|2.07|62%|1.31|66%|63%|0.7
e0ec3c3b6b611f7e|Hermes Franca|24|17|0|"5' 6"""|155 lbs.|"71"""|Orthodox|Aug 26, 1974|1.78|39%|2.85|55%|1.53|36%|37%|2.4
b9532d815060de7f|John Franchi|6|2|0|"5' 6"""|145 lbs.|"67"""|Orthodox|Jul 16, 1982|1.83|48%|2.59|48%|2.68|80%|40%|0.3
00a3ff40c4b2cf21|Glaico Franca Moreira|15|5|0|"6' 0"""|155 lbs.|"77"""|Orthodox|Feb 28, 1991|2.35|42%|3.46|47%|2.68|42%|76%|0.3
d745d4146be48679|Mason Fowler|2|0|0|"5' 11"""|170 lbs.|No Stat|No Stat|No Stat|0.00|0%|0.00|0%|0.00|0%|0%|0.0
f65a0eb902f9476b|Brandon Foxworth|18|4|0|"5' 11"""|145 lbs.|No Stat|Orthodox|Apr 28, 1979|1.33|32%|4.59|50%|0.00|0%|0%|0.0
3dc3022232b79c7a|Brian Foster|27|10|0|"5' 9"""|170 lbs.|"71"""|Orthodox|Apr 03, 1984|3.30|39%|1.63|65%|3.67|60%|37%|1.8
ec33146e43e58933|Xavier Foupa-Pokam|32|22|0|"6' 1"""|185 lbs.|No Stat|Open Stance|Jul 03, 1982|1.47|43%|2.50|49%|0.00|0%|16%|0.0
d761b3766e38c5db|Marcel Fortuna|9|3|0|"6' 1"""|205 lbs.|"74"""|Orthodox|Oct 22, 1985|3.83|46%|4.52|64%|0.45|8%|75%|0.5
b53c46f613f6f248|Brianna Fortino|9|3|0|"5' 0"""|115 lbs.|"62"""|Southpaw|Aug 04, 1993|3.53|41%|3.23|57%|2.50|45%|66%|0.0
77ba5b2939c4018b|Carol Foro|8|1|0|No Stat|125 lbs.|No Stat|No Stat|No Stat|0.00|0%|0.00|0%|0.00|0%|0%|0.0
44bc27bfa76dcd9e|Renee Forte|8|4|0|"5' 7"""|155 lbs.|"71"""|Orthodox|Mar 27, 1987|2.08|32%|2.12|63%|2.32|58%|66%|0.0
90390dd1b0791e7f|Raheam Forest|7|2|0|"5' 11"""|170 lbs.|"73"""|Switch|Jul 11, 1997|5.32|38%|12.15|42%|0.00|0%|0%|0.0
b102c26727306ab6|Jussier Formiga|23|8|0|"5' 5"""|125 lbs.|"67"""|Orthodox|Apr 14, 1985|1.42|39%|2.34|64%|1.82|35%|87%|0.6
5340123d826ceadb|Codale Ford|11|9|0|"5' 9"""|170 lbs.|No Stat|No Stat|May 13, 1979|0.00|0%|0.00|0%|0.00|0%|0%|0.0
a71ce6ff0b4a9dbb|Sterling Ford|15|7|0|"5' 10"""|155 lbs.|No Stat|No Stat|Mar 12, 1986|0.00|0%|0.00|0%|0.00|0%|0%|0.0
7a82635ffa9b59fe|Claudionor Fontinelle|10|15|1|"5' 5"""|185 lbs.|No Stat|Orthodox|No Stat|2.62|42%|10.25|28%|0.00|0%|0%|0.0
947eccadb72f4f6f|Jesse Forbes|15|5|0|"6' 2"""|185 lbs.|"75"""|Southpaw|Oct 24, 1984|2.11|24%|4.06|53%|1.79|75%|66%|1.2
fa534853eb195270|Mal Foki|5|5|0|"5' 7"""|220 lbs.|No Stat|Orthodox|No Stat|2.86|14%|14.29|54%|0.00|0%|0%|0.0
5de61b03868035ff|Matt Foki|5|4|0|"5' 7"""|220 lbs.|No Stat|Orthodox|No Stat|0.00|0%|3.37|56%|0.00|0%|0%|0.0
0adf1aacda5e26ac|AJ Fonseca|5|4|0|"5' 4"""|145 lbs.|No Stat|No Stat|No Stat|0.00|0%|0.00|0%|0.00|0%|0%|0.0
05339613bf8e9808|Rob Font|22|8|0|"5' 8"""|135 lbs.|"71"""|Orthodox|Jun 25, 1987|5.49|46%|3.67|57%|0.79|34%|42%|0.4
c97fc5fbf7d32b8a|Bobby Flynn|6|4|0|No Stat|170 lbs.|No Stat|No Stat|No Stat|0.38|25%|0.77|0%|0.00|0%|0%|0.0
8164250600b7c91b|Cody Floyd|2|0|0|No Stat|No Stat|No Stat|No Stat|Jul 18, 1988|0.00|0%|0.00|0%|0.00|0%|0%|0.0
65db4065e2bc107d|Darrius Flowers|12|8|1|"5' 9"""|155 lbs.|"71"""|Orthodox|Aug 25, 1994|3.07|49%|5.49|44%|0.98|28%|63%|0.0
4bb0f74d5e26f89a|Ty Flores|7|3|0|"6' 3"""|205 lbs.|"73"""|Switch|Dec 22, 1993|2.00|37%|7.80|25%|1.00|9%|0%|0.0
b5f44dcb863f595b|Luke Flores|9|2|0|"6' 0"""|155 lbs.|"73"""|Southpaw|Mar 17, 1988|1.56|44%|1.88|60%|0.00|0%|40%|1.2
cb139171ed1b69fe|Kenny Florian|14|6|0|"5' 10"""|145 lbs.|"74"""|Southpaw|May 26, 1976|2.41|40%|1.85|63%|2.22|33%|60%|1.3
d23d5960ac5e117c|Alejandro Flores|17|3|0|"5' 10"""|145 lbs.|"73"""|Orthodox|Aug 06, 1991|3.66|40%|2.02|54%|0.00|0%|0%|0.0
01d2ed8c502e3828|Caros Fodor|11|6|0|"5' 9"""|155 lbs.|"74"""|Orthodox|Jan 07, 1984|2.76|54%|2.83|54%|2.10|25%|50%|0.0
e5864a42c80294f6|Josiah Harrell|7|0|0|"5' 7"""|170 lbs.|"68"""|Southpaw|Nov 13, 1998|0.00|0%|0.00|0%|0.00|0%|0%|0.0
848809f3986b4977|Baru Harn|1|2|0|No Stat|265 lbs.|No Stat|No Stat|No Stat|0.00|0%|0.00|0%|0.00|0%|0%|0.0
14a433bccba87016|Scott Harper|12|7|0|"6' 0"""|185 lbs.|No Stat|Orthodox|Apr 14, 1972|1.30|54%|4.98|47%|3.25|100%|0%|0.0
4d1e92b61bcef308|Tobias Harila|12|3|0|No Stat|No Stat|No Stat|No Stat|Jan 13, 1994|0.00|0%|0.00|0%|0.00|0%|0%|0.0
85073dbd1be65ed9|Greg Hardy|7|5|0|"6' 5"""|265 lbs.|"80"""|Orthodox|Jul 28, 1988|4.79|50%|3.31|55%|0.20|33%|64%|0.0
4798e823ada58fe9|Veronica Hardy|9|5|1|"5' 4"""|125 lbs.|"64"""|Southpaw|Oct 30, 1995|3.12|45%|3.48|49%|0.93|41%|55%|0.3
473ce3aa581251a2|Dan Hardy|25|10|0|"6' 0"""|170 lbs.|"74"""|Orthodox|May 17, 1982|2.46|35%|3.44|51%|0.73|35%|35%|0.4
69b69c0178c4004d|Antoni Hardonk|8|6|0|"6' 4"""|245 lbs.|"78"""|Orthodox|Feb 05, 1976|3.40|61%|3.07|46%|0.00|0%|40%|0.9
f55a6807b6bb853d|George Hardwick|12|2|0|"5' 10"""|155 lbs.|"72"""|Orthodox|Dec 06, 1996|3.60|38%|4.60|71%|0.00|0%|83%|0.0
b9c3ee342eb72100|Janay Harding|2|3|0|No Stat|135 lbs.|No Stat|No Stat|No Stat|0.00|0%|0.00|0%|0.00|0%|0%|0.0
05b17ae24e6bba81|Shin Haraguchi|8|2|0|"5' 5"""|145 lbs.|"68"""|Switch|Nov 27, 1998|2.02|63%|1.84|43%|12.32|51%|0%|0.0
98533a2738124a0d|Chad Hanekom|9|3|0|"6' 4"""|185 lbs.|"74"""|Orthodox|Apr 20, 1990|0.73|47%|1.47|33%|0.00|0%|71%|1.0
4100c7a09497ad41|Kay Hansen|7|6|0|"5' 2"""|115 lbs.|"63"""|Orthodox|Aug 14, 1999|3.01|50%|3.19|51%|1.83|22%|37%|0.8
b7b84ccd221be298|Nasrat Haqparast|18|5|0|"5' 10"""|155 lbs.|"72"""|Southpaw|Aug 22, 1995|6.40|45%|6.01|63%|0.35|20%|84%|0.0
24e9d6b0a24cff9d|Dean Hancock|2|1|0|No Stat|155 lbs.|No Stat|No Stat|No Stat|7.97|63%|1.94|67%|1.71|33%|75%|1.7
7da5839b223f3728|CJ Hamilton|11|4|0|"5' 7"""|125 lbs.|"68"""|Switch|Oct 07, 1986|2.47|31%|3.93|58%|0.00|0%|62%|0.0
1f77fce698e80488|James Hammortree|6|3|0|"6' 3"""|185 lbs.|No Stat|Orthodox|Nov 29, 1983|1.93|30%|4.13|44%|2.00|50%|100%|1.0
86e388ed20761ad9|Joachim Hansen|23|14|1|"5' 7"""|150 lbs.|No Stat|Southpaw|May 26, 1979|2.01|43%|2.04|58%|2.21|58%|34%|1.9
23459ee7e373b98f|Jared Hamman|14|6|0|"6' 3"""|185 lbs.|"75"""|Orthodox|Mar 07, 1982|5.15|42%|3.93|55%|1.57|46%|30%|0.0
7ada6ea792a34424|Jeremy Hamilton|9|2|0|No Stat|185 lbs.|No Stat|No Stat|Nov 14, 1984|0.00|0%|0.00|0%|0.00|0%|0%|0.0
c727c7d31c50c4cf|Anthony Hamilton|15|9|0|"6' 5"""|260 lbs.|"76"""|Orthodox|Apr 14, 1980|3.91|65%|3.02|45%|2.62|42%|78%|0.0
98b80a717b9bda17|Matt Hamill|12|8|0|"6' 1"""|205 lbs.|"76"""|Orthodox|Oct 05, 1976|3.69|42%|3.80|61%|3.00|34%|91%|0.0
a59017211b775b5d|Rami Hamed|13|3|0|"6' 1"""|170 lbs.|"71"""|Orthodox|Apr 25, 1991|3.87|51%|3.40|50%|0.00|0%|50%|0.0
1b4d6971bb18b82c|Kazuhiro Hamanaka|5|7|1|"6' 0"""|185 lbs.|No Stat|Southpaw|Oct 24, 1978|1.70|37%|0.91|60%|0.00|0%|50%|0.0
165c244bcca3ed26|Seo Hee Ham|17|8|0|"5' 2"""|115 lbs.|"62"""|Southpaw|Mar 08, 1987|4.20|39%|5.15|61%|0.00|0%|66%|0.2
c3c23c99477c041b|Frank Hamaker|1|0|0|No Stat|No Stat|No Stat|No Stat|No Stat|0.00|0%|0.00|0%|0.00|0%|0%|0.0
88c8f47241d90040|John Halverson|16|8|0|"5' 9"""|155 lbs.|No Stat|Southpaw|Sep 08, 1972|2.94|43%|5.29|47%|0.00|0%|66%|2.0
bad28b7b34f334de|Tony Halme|0|4|0|"6' 3"""|300 lbs.|No Stat|Orthodox|Jan 06, 1963|0.00|0%|0.00|0%|0.00|0%|0%|0.0
e763679f15326ae1|Brandon Halsey|9|3|0|"6' 0"""|185 lbs.|No Stat|No Stat|Sep 16, 1986|1.74|47%|0.87|65%|4.98|53%|100%|1.2
8a8a84b743ae7699|Dennis Hallman|53|20|2|"5' 9"""|155 lbs.|"72"""|Orthodox|Dec 02, 1975|1.12|44%|1.96|43%|1.79|30%|25%|2.1
a3be148af5c7b088|Piotr Hallmann|18|6|0|"5' 9"""|155 lbs.|"71"""|Orthodox|Aug 25, 1987|3.98|45%|3.17|58%|2.55|44%|70%|0.4
8866c6f509c19089|Ryan Hall|9|2|0|"5' 10"""|145 lbs.|"70"""|Southpaw|Feb 22, 1985|2.38|50%|1.33|65%|0.22|9%|0%|2.2
65578a75fa7900e3|Uriah Hall|18|11|0|"6' 0"""|185 lbs.|"79"""|Orthodox|Jul 31, 1984|3.23|48%|3.85|54%|0.54|38%|64%|0.1
18524b46c570730b|Mark Hall|5|6|0|"6' 0"""|190 lbs.|No Stat|Orthodox|No Stat|0.00|0%|0.00|0%|0.00|0%|0%|0.0
439d4bbefd4e6940|Kevin Haley|6|4|0|"6' 2"""|205 lbs.|No Stat|No Stat|No Stat|0.87|59%|0.87|64%|3.00|100%|0%|2.0
206a7d47eb62170e|Stoney Hale|5|3|0|"6' 0"""|No Stat|No Stat|No Stat|Oct 18, 1979|0.00|0%|0.00|0%|0.00|0%|0%|0.0
8a213af406eb2dd4|Theodore Haig|6|0|0|No Stat|185 lbs.|No Stat|No Stat|Aug 23, 1996|0.00|0%|0.00|0%|0.00|0%|0%|0.0
4955c524c2a71469|Yazan Hajeh|6|1|0|"5' 9"""|145 lbs.|No Stat|Orthodox|Sep 04, 1992|1.54|25%|17.44|44%|0.00|0%|100%|0.0
f4d92416da98804b|Bassil Hafez|9|4|1|"5' 11"""|170 lbs.|"72"""|Orthodox|Jan 31, 1992|3.71|38%|5.68|41%|2.21|24%|50%|0.0
219a254e15d60135|Tim Hague|21|13|0|"6' 4"""|260 lbs.|"76"""|Orthodox|May 09, 1983|2.79|47%|4.14|46%|1.72|33%|85%|0.9
99793cf88c5adeee|Steve Hadsel|3|0|0|"5' 8"""|170 lbs.|No Stat|No Stat|No Stat|0.00|0%|0.00|0%|0.00|0%|0%|0.0
60a42bf82447c919|Jake Hadley|11|4|0|"5' 7"""|135 lbs.|"70"""|Southpaw|Aug 03, 1996|3.80|43%|4.16|61%|0.33|11%|54%|1.1
38c626ca912c7bac|Damir Hadzovic|14|8|0|"5' 9"""|155 lbs.|"70"""|Orthodox|Aug 08, 1986|3.34|47%|3.74|59%|0.91|54%|34%|0.1
8e6654e9f0461b8f|Cody Haddon|8|1|0|"5' 7"""|135 lbs.|"69"""|Orthodox|Sep 08, 1998|9.20|51%|3.47|64%|2.48|37%|83%|0.8
bf12aca029bfcc47|Keith Hackney|2|2|0|"5' 11"""|200 lbs.|No Stat|Sideways|No Stat|0.00|0%|0.00|0%|0.00|0%|0%|0.0
4f7e290e71d60f87|Rulon Gardner|1|0|0|"6' 3"""|265 lbs.|No Stat|Orthodox|Aug 16, 1971|2.05|25%|1.45|60%|0.75|100%|100%|0.0
97cf1a2c7c5e7889|Steve Garcia|18|5|0|"6' 0"""|145 lbs.|"75"""|Southpaw|May 22, 1992|5.18|48%|2.20|57%|0.90|40%|88%|0.5
8e5bfd4e82352340|Pablo Garza|12|4|0|"6' 1"""|145 lbs.|"73"""|Orthodox|Sep 16, 1983|3.37|44%|2.70|50%|0.94|25%|15%|1.3
ac5a7400da3a9a41|Elias Garcia|6|2|0|"5' 5"""|125 lbs.|"67"""|Southpaw|Sep 13, 1992|1.59|27%|5.05|50%|0.68|14%|33%|1.4
70167689d6a01793|David Gardner|18|21|0|"5' 11"""|155 lbs.|No Stat|Orthodox|May 17, 1977|0.17|100%|0.34|0%|0.00|0%|66%|0.0
9e92e1ca498d7244|Fernie Garcia|10|5|0|"5' 7"""|135 lbs.|"67"""|Orthodox|Apr 12, 1992|2.04|34%|3.79|48%|0.28|50%|50%|0.6
e132d47bd9efbbe0|Rafa Garcia|17|4|0|"5' 7"""|155 lbs.|"70"""|Orthodox|Aug 05, 1994|4.01|43%|4.47|60%|3.21|43%|77%|0.2
8a04d94dfcfab159|Nick Garcia|8|3|0|"5' 4"""|125 lbs.|No Stat|No Stat|No Stat|0.67|25%|3.03|50%|0.00|0%|83%|5.1
e5dc36e0aba7e9da|Alejandro Garcia|14|10|0|"5' 7"""|145 lbs.|No Stat|No Stat|No Stat|1.22|62%|1.14|65%|8.55|87%|66%|0.0
a2b12c3f3d60ff69|Alex Garcia|15|6|0|"5' 9"""|170 lbs.|"72"""|Orthodox|Jul 14, 1987|1.81|31%|3.03|59%|3.72|52%|66%|0.1
8d49545dadf9b919|Edgar Garcia|14|5|0|"5' 10"""|170 lbs.|"71"""|Orthodox|Feb 22, 1984|3.16|29%|4.23|60%|2.21|57%|50%|0.6
d8c7c61b176e3994|Cody Garbrandt|14|7|0|"5' 8"""|135 lbs.|"65"""|Orthodox|Jul 07, 1991|2.88|39%|3.64|59%|0.93|27%|83%|0.0
917e53fa0adea0d3|Leonard Garcia|18|13|1|"5' 10"""|145 lbs.|"68"""|Orthodox|Jul 14, 1979|2.77|24%|4.79|52%|0.30|26%|42%|0.5
7bde387d50829adf|Eduardo Garagorri|13|2|0|"5' 9"""|145 lbs.|"70"""|Orthodox|May 28, 1989|3.42|51%|2.36|58%|0.48|100%|61%|0.0
8b27d25ce0221d60|Junye Gao|19|12|0|No Stat|125 lbs.|No Stat|No Stat|No Stat|0.00|0%|0.00|0%|0.00|0%|0%|0.0
de83f920fd302871|Thomas Gantt|10|0|0|No Stat|185 lbs.|No Stat|No Stat|Jan 09, 1993|0.00|0%|0.00|0%|0.00|0%|0%|0.0
6d7886b094b471ac|Sean Gannon|2|1|0|"6' 3"""|265 lbs.|No Stat|Southpaw|No Stat|0.00|0%|6.38|28%|0.00|0%|50%|0.0
787bb1f087ccff8a|Ciryl Gane|13|2|0|"6' 4"""|245 lbs.|"81"""|Orthodox|Apr 12, 1990|5.26|61%|2.23|61%|0.70|25%|43%|0.6
41904fc4d3f5bffc|Ariel Gandulla|7|9|0|"5' 11"""|205 lbs.|No Stat|Orthodox|May 07, 1968|1.95|23%|2.07|72%|1.88|66%|0%|0.0
e463ce0a2ca474f4|Ryan Gandra|7|1|0|No Stat|185 lbs.|No Stat|No Stat|May 08, 1995|0.00|0%|0.00|0%|0.00|0%|0%|0.0
0d980975001ae3d8|Shamil Gamzatov|14|1|0|"6' 2"""|205 lbs.|"76"""|Orthodox|Aug 09, 1990|5.35|48%|3.46|51%|0.00|0%|50%|0.0
72db2a14ffa73ece|Mateusz Gamrot|25|3|0|"5' 10"""|155 lbs.|"70"""|Southpaw|Dec 11, 1990|3.35|51%|3.04|59%|5.33|36%|90%|0.1
10559c53de0b950e|Joey Gambino|9|2|0|"5' 7"""|145 lbs.|No Stat|Orthodox|Oct 26, 1988|2.47|35%|2.53|51%|0.00|0%|42%|0.8
cc6f9d1e89f3449a|Manvel Gamburyan|15|10|0|"5' 5"""|135 lbs.|"67"""|Orthodox|May 08, 1981|2.13|41%|2.83|55%|3.26|34%|69%|0.7
e15d0a2519d6a0b5|Marcos Galvao|18|8|1|"5' 7"""|135 lbs.|No Stat|Orthodox|Jun 23, 1981|1.97|32%|3.86|61%|2.27|28%|88%|1.1
289a3b69b85da7cd|Lucas Gamaza|8|4|0|No Stat|170 lbs.|No Stat|No Stat|No Stat|7.57|31%|6.99|45%|0.00|0%|0%|0.0
45fe6765c56d8018|Andre Galvao|5|2|0|"5' 7"""|168 lbs.|No Stat|Orthodox|Sep 29, 1982|2.34|52%|1.56|58%|2.02|27%|0%|2.8
ad3fdba28a7540cf|Eric Galvan|0|0|0|No Stat|155 lbs.|No Stat|No Stat|No Stat|0.00|0%|0.00|0%|0.00|0%|0%|0.0
7e654edcddd71550|Turrell Galloway|8|6|0|"5' 3"""|145 lbs.|No Stat|No Stat|No Stat|0.00|0%|0.00|0%|0.00|0%|0%|0.0
cc81c92fe2254935|Tom Gallicchio|19|10|0|"5' 10"""|170 lbs.|No Stat|Southpaw|Sep 23, 1986|3.53|26%|7.07|43%|1.00|11%|0%|0.0
96706c75a2b14164|Daniel Gallemore|7|3|0|"6' 5"""|265 lbs.|No Stat|No Stat|No Stat|3.10|41%|6.00|52%|0.00|0%|0%|0.0
9e50097a89442158|Mickey Gall|7|7|0|"6' 2"""|170 lbs.|"74"""|Switch|Jan 22, 1992|3.50|49%|4.72|49%|1.15|32%|37%|1.6
06dc1a58663579d2|Travis Galbraith|18|7|0|"6' 0"""|170 lbs.|No Stat|Orthodox|May 18, 1981|2.21|40%|3.45|48%|1.33|25%|0%|1.3
0876d21328cf4a45|Dave Galera|5|1|0|"5' 11"""|135 lbs.|No Stat|Orthodox|Jan 12, 1978|1.67|69%|0.53|33%|0.00|0%|14%|2.0
8e6cfbd455f0f9c2|Brandon Gaines|5|21|0|"6' 3"""|185 lbs.|No Stat|No Stat|No Stat|0.00|0%|0.00|0%|0.00|0%|0%|0.0
8a1b4330c7957961|Zelg Galesic|11|9|0|"6' 2"""|185 lbs.|No Stat|Orthodox|Feb 16, 1979|4.86|62%|0.61|66%|1.30|100%|20%|1.3
837d30395faca41e|Sheila Gaff|9|7|0|"5' 5"""|135 lbs.|No Stat|Orthodox|Dec 29, 1989|1.60|50%|2.89|28%|0.00|0%|20%|0.0
a54660deb6a8489c|Muin Gafurov|20|6|0|"5' 7"""|135 lbs.|"68"""|Orthodox|May 17, 1996|2.89|45%|2.21|52%|1.47|26%|70%|0.0
b8592b4a383696cd|Mitch Gagnon|12|5|0|"5' 5"""|135 lbs.|"65"""|Southpaw|Oct 10, 1984|2.76|46%|2.21|61%|1.16|25%|65%|1.9
9e8f6c728eb01124|Justin Gaethje|26|5|0|"5' 11"""|155 lbs.|"70"""|Orthodox|Nov 14, 1988|6.59|58%|7.18|51%|0.10|14%|68%|0.0
a7a79b8efbceaaac|Alavutdin Gadjiev|18|13|1|"6' 2"""|185 lbs.|No Stat|Orthodox|Jun 23, 1982|0.99|27%|0.99|57%|0.00|0%|50%|0.0
6e344b71421103da|Magomed Gadzhiyasulov|9|1|0|"6' 2"""|205 lbs.|"75"""|Orthodox|Nov 04, 1993|2.89|49%|1.64|62%|3.67|73%|61%|0.0
a2d342ffc83913ed|Nathan Fletcher|9|3|0|"5' 7"""|135 lbs.|"70"""|Orthodox|Jan 03, 1998|3.44|60%|1.70|61%|3.53|38%|50%|0.7
ec34349e7dffcde7|Claudia Gadelha|18|5|0|"5' 4"""|115 lbs.|"63"""|Orthodox|Dec 07, 1988|3.31|41%|4.57|57%|3.03|42%|58%|0.7
fe98f86284a6eeb3|Gustavo Gabriel|13|1|0|"5' 6"""|125 lbs.|No Stat|Orthodox|Apr 01, 1994|4.06|65%|4.26|46%|0.00|0%|50%|0.0
09e62c450e754913|Jimmy Flick|17|9|0|"5' 7"""|125 lbs.|"68"""|Orthodox|Sep 07, 1990|1.67|50%|4.70|43%|2.36|33%|0%|3.5
725b1abc9a39d873|AJ Fletcher|10|3|0|"5' 10"""|170 lbs.|"67"""|Switch|Feb 18, 1997|3.36|49%|4.61|46%|1.54|35%|33%|0.9
b8dc5fbf8338adc5|Isi Fitikefu|6|0|0|"5' 10"""|205 lbs.|No Stat|No Stat|No Stat|0.00|0%|0.00|0%|0.00|0%|0%|0.0
7d09200f6a77b20e|Colin Fletcher|14|8|0|"6' 2"""|155 lbs.|No Stat|Orthodox|Jan 08, 1983|3.10|34%|2.97|62%|0.00|0%|27%|0.0
c814b4c899793af6|Rafael Fiziev|13|4|0|"5' 8"""|155 lbs.|"71"""|Switch|Mar 05, 1993|4.77|52%|4.77|50%|0.89|72%|90%|0.0
5517bd590dbbe1f8|Bryanna Fissori|2|4|0|"5' 4"""|145 lbs.|No Stat|No Stat|No Stat|1.40|46%|1.20|57%|2.00|25%|50%|0.0
6f018c039b4d5d80|Jon Fitch|30|7|1|"6' 0"""|170 lbs.|"74"""|Orthodox|Feb 24, 1978|2.61|50%|1.65|54%|3.60|51%|56%|0.8
bebb4ae55ac2bf6f|Chris Fishgold|18|4|1|"5' 8"""|145 lbs.|"68"""|Orthodox|Jun 06, 1992|2.01|32%|2.70|46%|2.59|46%|44%|1.3
f34312c2ccfa0e00|Spencer Fisher|24|9|0|"5' 7"""|155 lbs.|"68"""|Southpaw|May 09, 1976|3.17|43%|3.03|64%|0.67|30%|60%|0.8
16d09e800ad7ec79|Luiz Firmino|19|8|0|"5' 6"""|154 lbs.|No Stat|Orthodox|Mar 18, 1982|1.23|50%|1.22|51%|3.86|45%|20%|0.9
036e96c1c12b8a59|Nick Fiore|6|2|0|"5' 10"""|155 lbs.|"72"""|Orthodox|Dec 10, 1997|2.83|46%|7.93|42%|2.50|45%|71%|0.0
34ff304266360297|Manon Fiorot|12|2|0|"5' 7"""|125 lbs.|"65"""|Orthodox|Feb 17, 1990|5.58|41%|3.59|66%|1.06|29%|87%|0.0
9583662df31d943f|Luigi Fioravanti|26|15|0|"5' 8"""|170 lbs.|"70"""|Orthodox|Jan 22, 1981|2.23|42%|2.21|69%|3.76|63%|67%|0.9
0496cdac0bc9edd8|Jesse Finney|5|1|0|"6' 0"""|170 lbs.|No Stat|No Stat|Jul 11, 1974|0.00|0%|0.00|0%|0.00|0%|0%|0.0
fbb60f24af5d5a02|Torrez Finney|11|0|0|"5' 8"""|185 lbs.|"75"""|Orthodox|Oct 24, 1998|1.77|68%|1.74|48%|9.31|60%|0%|1.1
3317823959d32a05|Jan Finney|11|12|0|"5' 8"""|135 lbs.|No Stat|Orthodox|No Stat|2.16|28%|8.75|42%|0.77|11%|25%|0.0
8fd808923cffff82|Andre Fili|24|12|0|"5' 11"""|145 lbs.|"74"""|Orthodox|Jun 25, 1990|3.84|37%|4.15|51%|2.17|44%|70%|0.2
997b4f52f76a0b53|Brady Fink|2|3|0|"6' 0"""|183 lbs.|No Stat|Orthodox|No Stat|1.69|41%|1.69|61%|3.63|25%|0%|3.6
65adf3856c4d9256|Jafel Filho|16|4|0|"5' 7"""|125 lbs.|"68"""|Orthodox|May 05, 1993|1.92|41%|1.63|47%|2.45|42%|66%|2.1
c32fb8c0f6471a4d|Mirko Filipovic|35|11|2|"6' 2"""|230 lbs.|"73"""|Southpaw|Sep 10, 1974|2.11|50%|1.89|63%|0.19|40%|78%|0.3
2226445c4a196dc8|Jonathan Figueroa|12|1|0|No Stat|185 lbs.|No Stat|No Stat|Feb 05, 1995|0.00|0%|0.00|0%|0.00|0%|0%|0.0
bbfca6d5c27d9cd8|Edwin Figueroa|9|5|0|"5' 7"""|135 lbs.|"69"""|Orthodox|Jul 31, 1984|2.57|39%|3.06|51%|0.20|100%|37%|0.6
daff32bc96d1eabf|Anthony Figueroa|11|8|1|"5' 4"""|135 lbs.|No Stat|Orthodox|No Stat|2.37|48%|3.77|49%|0.00|0%|58%|0.0
2abdead94ce73552|Paulo Filho|23|6|3|"5' 8"""|185 lbs.|No Stat|Southpaw|May 24, 1978|1.86|48%|1.67|66%|2.40|32%|42%|1.6
cdadae5363b66eef|Francisco Figueiredo|13|5|1|"5' 6"""|125 lbs.|"68"""|Southpaw|Oct 23, 1989|2.04|61%|2.59|61%|2.51|75%|76%|0.4
6e380a4d73ab4f0e|Ron Fields|28|32|1|"6' 2"""|200 lbs.|No Stat|Orthodox|Nov 18, 1974|0.33|33%|2.64|11%|0.00|0%|0%|0.0
b4c57a8c2b773e82|Michal Figlak|8|2|0|"5' 10"""|155 lbs.|"70"""|Orthodox|Aug 15, 1996|4.00|39%|4.93|52%|0.50|12%|57%|0.0
0ec821423baa26bd|Scott Fiedler|0|1|0|"6' 4"""|235 lbs.|No Stat|Orthodox|No Stat|0.00|0%|0.00|0%|0.00|0%|0%|0.0
8c21eb9fd7c4c203|Timo Feucht|8|1|0|"6' 3"""|205 lbs.|"79"""|Orthodox|Jan 18, 1996|0.00|0%|0.00|0%|0.00|0%|0%|0.0
d814f5192e58fb2f|Drew Fickett|42|21|0|"5' 10"""|155 lbs.|"70"""|Orthodox|Dec 14, 1979|2.33|41%|2.29|57%|1.30|35%|30%|2.2
33efaf2d0941cfcf|Andre Fialho|16|8|0|"6' 0"""|170 lbs.|"74"""|Orthodox|Apr 07, 1994|3.30|41%|6.26|45%|0.25|100%|66%|0.0
aa72b0f831d0bfe5|Deiveson Figueiredo|24|5|1|"5' 5"""|135 lbs.|"68"""|Orthodox|Dec 18, 1987|2.82|54%|3.64|49%|1.69|35%|58%|1.4
977081bc01197656|Scott Ferrozzo|4|2|0|"5' 11"""|323 lbs.|No Stat|Orthodox|Apr 26, 1965|0.00|0%|0.00|0%|0.00|0%|0%|0.0
1e719d4b676dc19a|Brunno Ferreira|14|2|0|"5' 10"""|185 lbs.|"72"""|Orthodox|Nov 04, 1992|3.41|50%|3.34|51%|1.39|28%|57%|1.0
1c2a8915f8431507|Erisson Ferreira|12|2|0|"5' 6"""|125 lbs.|"70"""|Orthodox|May 03, 1991|1.75|32%|2.75|56%|1.11|100%|66%|1.7
f53d4f21d1b5f2dc|Diego Ferreira|19|6|0|"5' 9"""|155 lbs.|"74"""|Orthodox|Jan 18, 1985|4.82|40%|3.46|55%|0.86|30%|57%|0.6
3df223aeaacecf3f|Lucas Fernando|9|2|0|"6' 3"""|185 lbs.|"80"""|No Stat|Jan 10, 1997|1.87|51%|4.73|38%|3.00|30%|0%|1.0
28ba5f27e473420c|Alexandre Ferreira|18|6|0|"5' 7"""|205 lbs.|No Stat|Orthodox|Apr 25, 1979|2.57|60%|8.14|42%|0.00|0%|0%|0.0
fcd8b623892b9a10|James Gabert|6|4|0|No Stat|178 lbs.|No Stat|No Stat|No Stat|0.00|0%|0.00|0%|0.00|0%|0%|0.0
184b7a36d50dcc5e|Chelsea Hackett|3|1|1|"5' 4"""|125 lbs.|"66"""|Switch|Aug 16, 1998|2.58|51%|4.85|46%|0.00|0%|57%|0.0
dbc17725b887860a|Cezar Ferreira|13|8|0|"6' 1"""|185 lbs.|"78"""|Southpaw|Feb 15, 1985|1.90|42%|2.44|53%|2.69|53%|84%|0.5
d62e280d0f7b6d6f|Luke Fernandez|5|0|0|No Stat|205 lbs.|No Stat|No Stat|Jun 29, 1995|0.00|0%|0.00|0%|0.00|0%|0%|0.0
7ee1babb99f30115|Emily Fernandez|0|0|0|No Stat|No Stat|No Stat|No Stat|No Stat|0.00|0%|0.00|0%|0.00|0%|0%|0.0
ec13c393d029297d|Kaue Fernandes|10|2|0|"5' 9"""|155 lbs.|"73"""|Orthodox|Mar 17, 1995|4.00|54%|1.32|61%|1.30|100%|76%|0.0
a6eb54ae17a551be|Gabriella Fernandes|10|3|0|"5' 6"""|125 lbs.|"66"""|Southpaw|Aug 13, 1993|3.46|46%|5.50|49%|0.56|18%|60%|0.3
cbc071cb20ea59c7|Bibiano Fernandes|20|3|0|"5' 7"""|139 lbs.|No Stat|Orthodox|Mar 30, 1980|2.91|40%|2.02|72%|3.97|53%|77%|0.6
979f7edbb6980b0d|CJ Fernandes|14|8|3|"6' 2"""|170 lbs.|No Stat|No Stat|Nov 13, 1977|0.00|0%|0.00|0%|0.00|0%|0%|0.0
15f4550e017f6c7d|Rhadi Ferguson|3|0|0|"5' 7"""|205 lbs.|No Stat|No Stat|No Stat|0.00|0%|0.00|0%|0.00|0%|0%|0.0
b0f316c60f8d3b47|Josh Ferguson|10|5|0|"5' 5"""|125 lbs.|No Stat|Orthodox|May 13, 1988|2.13|43%|4.18|32%|0.59|11%|54%|0.0
27541033b97c076d|Kevin Ferguson|5|2|0|"6' 2"""|235 lbs.|"77"""|Orthodox|Feb 08, 1974|2.30|50%|3.41|38%|3.10|72%|36%|1.2
c940b42df95bbd28|Feng Xiaocan|10|4|0|"5' 7"""|115 lbs.|"67"""|Southpaw|Dec 27, 2001|4.18|49%|1.49|68%|0.70|100%|63%|0.0
22a92d7f62195791|Tony Ferguson|26|11|0|"5' 11"""|170 lbs.|"76"""|Orthodox|Feb 12, 1984|4.91|45%|4.37|55%|0.39|35%|66%|0.9
954e3f4e2b0e6510|JP Felty|4|5|0|No Stat|170 lbs.|No Stat|No Stat|Apr 28, 1979|0.00|0%|0.00|0%|0.00|0%|0%|0.0
a2ea77e974c5889f|Carlos Felipe|11|2|0|"6' 0"""|245 lbs.|"75"""|Orthodox|Jan 12, 1995|4.88|45%|5.60|50%|0.00|0%|72%|0.0
5af26b3201690d29|Rodney Faverus|25|20|3|"6' 0"""|215 lbs.|No Stat|Southpaw|No Stat|2.30|53%|1.60|54%|4.50|100%|25%|0.0
9c42a0de8e012870|Kelly Faszholz|4|2|0|"5' 8"""|135 lbs.|No Stat|Orthodox|Apr 09, 1985|4.01|48%|3.61|52%|0.00|0%|44%|0.0
e5010b1b94ca5755|Paul Felder|17|6|0|"5' 11"""|155 lbs.|"70"""|Orthodox|Apr 25, 1984|3.70|44%|3.44|48%|0.29|28%|64%|0.2
86597694317e5e1b|Feng Pengchao|15|9|1|No Stat|135 lbs.|No Stat|No Stat|No Stat|0.00|0%|0.00|0%|0.00|0%|0%|0.0
f89e6e66b9b112de|Rico Farrington|7|3|0|"6' 4"""|170 lbs.|"79"""|Southpaw|Jun 19, 1989|6.33|41%|7.20|51%|0.00|0%|20%|0.0
27b164b0d1833df0|Kalindra Faria|18|8|1|"5' 7"""|125 lbs.|No Stat|Switch|Jul 23, 1986|2.23|56%|1.44|45%|1.31|66%|20%|0.7
49c7236c737d7e59|Chance Farrar|8|3|0|"5' 9"""|145 lbs.|No Stat|Southpaw|Sep 11, 1975|0.81|22%|2.21|67%|3.02|100%|0%|0.0
431262bbc69215dc|Jair Farias|10|1|0|"6' 1"""|145 lbs.|"76"""|Orthodox|Mar 16, 1993|3.80|39%|5.33|51%|0.00|0%|41%|0.0
04e9955f33e0c267|Joao Paulo Faria|1|1|0|"5' 9"""|155 lbs.|No Stat|No Stat|No Stat|6.69|64%|2.09|85%|1.25|50%|0%|1.2
d58478ded5534695|Maiquel Falcao|37|10|0|"5' 11"""|185 lbs.|No Stat|Orthodox|Mar 08, 1981|1.67|55%|0.53|86%|1.00|100%|71%|3.0
91d73ee59347ac16|Brodie Farber|16|7|0|"6' 1"""|170 lbs.|No Stat|Orthodox|Jul 05, 1980|1.69|45%|2.17|53%|0.90|50%|20%|0.9
8f765fd5775a8873|Rinat Fakhretdinov|23|1|1|"6' 0"""|170 lbs.|"74"""|Orthodox|Sep 28, 1991|4.78|52%|3.58|53%|3.95|34%|91%|0.2
f7be1db194e03d7e|Pedro Falcao|16|5|0|"5' 6"""|135 lbs.|"66"""|Orthodox|Jul 30, 1992|3.21|48%|3.39|50%|2.73|25%|66%|0.0
adea9f0090aa8e14|Jason Fairn|4|5|0|"6' 1"""|230 lbs.|No Stat|No Stat|No Stat|0.00|0%|0.00|0%|0.00|0%|0%|0.0
453ee00c3e1ae9dd|Ron Faircloth|33|20|0|"5' 9"""|205 lbs.|No Stat|Orthodox|Aug 16, 1979|0.39|40%|8.90|42%|0.00|0%|0%|0.0
862b0b3375aa4b6e|Zarah Fairn|6|6|0|"5' 8"""|135 lbs.|"72"""|Orthodox|Dec 10, 1983|4.55|31%|7.40|45%|0.00|0%|60%|0.0
e17ac6410c8377f4|Bartosz Fabinski|15|5|0|"6' 0"""|170 lbs.|"75"""|Orthodox|Apr 26, 1986|2.23|68%|1.46|51%|7.10|70%|80%|0.0
6224e8d0a34264eb|Edward Faaloloto|2|5|0|No Stat|155 lbs.|"70"""|Orthodox|Jul 15, 1984|2.28|32%|6.25|44%|1.01|25%|33%|0.0
8c020156779f7888|Melinda Fabian|4|4|2|"5' 6"""|125 lbs.|"66"""|Orthodox|Jun 25, 1987|4.03|41%|4.00|62%|0.00|0%|100%|0.0
40389d39a92f5bfa|Wagnney Fabiano|16|4|0|"5' 6"""|145 lbs.|"69"""|Southpaw|Jul 14, 1975|1.19|38%|0.66|70%|3.44|64%|100%|0.4
a1cb266d7f44f35f|Manuel Exposito|13|2|0|No Stat|145 lbs.|No Stat|No Stat|May 09, 2000|0.00|0%|0.00|0%|0.00|0%|0%|0.0
78114b7199cef90c|Urijah Faber|35|11|0|"5' 6"""|135 lbs.|"67"""|Orthodox|May 14, 1979|2.65|40%|2.59|64%|1.54|30%|58%|0.8
76e2870ffafbe38f|Movsar Evloev|19|0|0|"5' 7"""|145 lbs.|"72"""|Orthodox|Feb 11, 1994|3.99|48%|2.66|60%|4.67|48%|61%|0.2
0798f558681d0eb5|Neal Ewing|6|0|0|No Stat|185 lbs.|No Stat|No Stat|Sep 30, 1985|2.27|60%|1.93|48%|5.00|62%|0%|0.0
f72465a784c1b084|Jessica Eye|15|11|0|"5' 6"""|125 lbs.|"66"""|Orthodox|Jul 27, 1986|3.86|37%|4.19|55%|0.58|40%|57%|0.5
54c2576b7f2f1f57|Chris Ewert|7|0|0|"6' 0"""|185 lbs.|"75"""|Orthodox|Sep 06, 1993|0.00|0%|0.00|0%|0.00|0%|0%|0.0
5f6f049d54728e88|Andre Ewell|17|9|0|"5' 8"""|145 lbs.|"75"""|Southpaw|Jan 21, 1988|4.28|40%|4.87|51%|0.36|75%|72%|0.1
b12a1d19ee383b7c|Tonya Evinger|19|8|0|"5' 7"""|135 lbs.|"70"""|Orthodox|Jun 04, 1981|1.16|42%|4.02|38%|0.93|30%|33%|0.9
fc6e681bf6658faf|Ashlee Evans-Smith|6|6|0|"5' 8"""|135 lbs.|"67"""|Orthodox|Jul 09, 1987|4.03|34%|4.59|53%|0.95|22%|50%|0.0
dd8aec6de7035943|Dan Evensen|11|4|0|"6' 3"""|250 lbs.|No Stat|Orthodox|Jun 01, 1974|0.27|10%|3.86|38%|0.00|0%|0%|4.0
9766ed20b68c7c33|Billy Evangelista|13|3|0|"5' 8"""|155 lbs.|"68"""|Orthodox|Oct 07, 1980|4.51|40%|3.96|61%|1.60|19%|61%|0.2
d3de4a24f7eefac8|Doug Evans|13|10|0|"5' 9"""|155 lbs.|No Stat|Orthodox|Oct 10, 1980|1.79|35%|2.55|55%|3.19|83%|69%|0.6
ee779c43a8926d52|Rashad Evans|19|8|1|"6' 0"""|205 lbs.|"75"""|Orthodox|Sep 25, 1979|2.14|37%|2.42|63%|2.98|44%|73%|0.0
74b5736f1df40be3|Scott Ettling|4|2|0|No Stat|135 lbs.|No Stat|No Stat|No Stat|0.00|0%|0.54|83%|8.04|100%|0%|0.0
4234f0097c83fa62|Sijara Eubanks|8|7|0|"5' 4"""|125 lbs.|"67"""|Orthodox|Apr 27, 1985|4.30|43%|3.43|57%|1.90|44%|66%|0.3
8d5daf67983b65ba|Fred Ettish|1|1|0|"6' 0"""|180 lbs.|No Stat|Southpaw|No Stat|0.00|0%|0.00|0%|0.00|0%|0%|0.0
33011768c3c4dc9a|Terry Etim|16|5|0|"6' 1"""|155 lbs.|"73"""|Orthodox|Jan 11, 1986|2.16|35%|2.53|67%|0.43|30%|39%|1.4
ea9bfe9c25037bba|Shaun Etchell|7|3|0|"5' 7"""|125 lbs.|"68"""|Switch|Aug 05, 1993|0.00|0%|0.00|0%|4.37|100%|100%|0.0
41f3cfdab0b22236|Achilles Estremadura|7|1|0|"5' 10"""|155 lbs.|"68"""|Orthodox|Mar 11, 1992|3.20|43%|3.27|70%|0.00|0%|0%|0.0
83455a9d17f57dae|Rafael Estevam|14|0|0|"5' 8"""|125 lbs.|"69"""|Orthodox|Aug 10, 1996|2.06|57%|2.94|45%|6.41|35%|60%|0.4
215a70f073a7b726|Jordan Espinosa|15|9|0|"5' 6"""|125 lbs.|"69"""|Orthodox|Nov 08, 1989|4.22|52%|2.94|57%|0.75|28%|70%|0.2
ccf5dc41417e9daf|Juan Espino|11|2|0|"6' 3"""|255 lbs.|"80"""|Orthodox|Oct 09, 1980|2.38|70%|1.95|40%|8.93|78%|50%|2.4
411539901068522f|Jodie Esquibel|6|6|0|"5' 1"""|115 lbs.|"64"""|Orthodox|May 07, 1986|4.10|31%|7.37|52%|0.75|21%|83%|0.0
d910665038efc639|Carla Esparza|20|8|0|"5' 1"""|115 lbs.|"63"""|Orthodox|Oct 10, 1987|2.19|39%|2.87|54%|3.28|36%|47%|0.3
ed220e87bef0cc64|Evan Esguerra|8|7|0|No Stat|145 lbs.|No Stat|No Stat|No Stat|0.00|0%|0.00|0%|0.00|0%|0%|0.0
83fd97284f4bb4a4|Efrain Escudero|28|12|0|"5' 9"""|155 lbs.|"71"""|Orthodox|Jan 15, 1986|2.92|44%|2.30|63%|1.31|40%|66%|0.8
5df17b3620145578|Cole Escovedo|17|9|0|"5' 7"""|135 lbs.|"72"""|Orthodox|Aug 30, 1981|1.77|43%|4.32|49%|0.43|33%|13%|0.0
b36874652ed7715d|Pro Escobedo|1|0|0|No Stat|205 lbs.|No Stat|No Stat|No Stat|0.00|0%|0.00|0%|0.00|0%|0%|0.0
0e4daed84a8f39a6|Eric Esch|15|10|1|"5' 11"""|350 lbs.|No Stat|Orthodox|Aug 03, 1968|3.07|71%|1.74|43%|0.00|0%|0%|2.0
f7ede18b4ec4ec1f|Bobby Escalante|5|6|0|No Stat|130 lbs.|No Stat|No Stat|No Stat|0.00|0%|0.00|0%|0.00|0%|0%|0.0
74061adb224be3cc|Nick Ertl|8|6|0|"5' 9"""|155 lbs.|No Stat|No Stat|No Stat|1.34|69%|1.59|41%|1.88|50%|0%|0.0
c26ea30823f37316|Chel Erwin-Davis|5|1|0|"6' 0"""|170 lbs.|No Stat|No Stat|No Stat|4.06|54%|1.13|61%|4.25|100%|50%|1.4
64ad3e3b0efa30bb|Ivan Erslan|14|5|0|"6' 2"""|205 lbs.|"72"""|Orthodox|Nov 15, 1991|2.50|44%|5.17|55%|0.50|20%|64%|0.0
082eba4cd80f736f|Jarno Errens|14|6|1|"5' 11"""|145 lbs.|"73"""|Orthodox|Nov 17, 1994|3.29|44%|3.29|61%|0.00|0%|33%|0.3
22061ff217907c78|Konstantin Erokhin|9|3|0|"5' 11"""|230 lbs.|No Stat|Orthodox|Jan 31, 1983|1.07|36%|1.83|47%|0.00|0%|70%|0.0
902ec2cc48c8ae8a|Julian Erosa|31|13|0|"6' 1"""|145 lbs.|"74"""|Southpaw|Jul 31, 1989|6.21|48%|6.27|48%|1.78|43%|61%|0.7
7b9a85e5ff31ef47|Tom Erikson|9|4|1|"6' 3"""|280 lbs.|No Stat|Orthodox|No Stat|0.94|47%|1.87|25%|4.68|60%|100%|6.2
32ab52e5de93092d|Steve Erceg|12|4|0|"5' 8"""|125 lbs.|"68"""|Orthodox|Jul 27, 1995|4.45|46%|4.03|52%|0.84|26%|63%|0.3
984b0c4c6e773a1c|Josh Epps|6|7|0|No Stat|130 lbs.|No Stat|No Stat|Aug 23, 1986|0.00|0%|0.00|0%|0.00|0%|0%|0.0
919fc4bc3edf4de7|Yuji Ephoevi-Ga|11|1|0|"5' 9"""|155 lbs.|"75"""|Switch|Oct 19, 1999|2.67|71%|2.60|44%|0.00|0%|60%|0.0
b593cd58b0afffb0|Abdellah Er-Ramy|7|2|0|"6' 0"""|185 lbs.|"74"""|Orthodox|Sep 19, 1996|0.00|0%|8.40|0%|0.00|0%|0%|0.0
d7adfcfdf7c6c1f8|Ian Entwistle|9|3|0|"5' 5"""|135 lbs.|No Stat|Orthodox|Nov 19, 1986|0.11|7%|7.36|31%|0.00|0%|0%|12.1
bc7cf284c1c2f16e|Won Jin Eoh|5|5|1|"5' 7"""|160 lbs.|No Stat|Orthodox|No Stat|3.74|44%|3.58|46%|0.00|0%|50%|0.0
daf9be103c1edbbd|Kenny Ento|14|15|0|"6' 2"""|192 lbs.|No Stat|No Stat|No Stat|8.41|79%|0.00|100%|5.49|100%|0%|11.0
d238217e0f8ea8e1|Alex Enlund|14|2|0|"5' 10"""|145 lbs.|No Stat|Orthodox|May 27, 1987|0.00|0%|0.00|0%|0.00|0%|0%|0.0
993d385f5a475375|Andy Enz|10|4|0|"6' 3"""|185 lbs.|"78"""|Orthodox|Aug 15, 1991|3.51|23%|5.32|57%|0.00|0%|58%|0.0
330bafba312face4|Oliver Enkamp|7|2|0|"6' 0"""|170 lbs.|"77"""|Switch|Aug 10, 1991|2.38|36%|3.55|37%|0.87|16%|0%|0.0
d2f310b5b072e986|Kevin Engel|5|1|0|"6' 2"""|170 lbs.|No Stat|No Stat|No Stat|0.00|0%|0.00|0%|0.00|0%|0%|0.0
4122da4f791b2f4f|Kolton Englund|9|4|0|"5' 10"""|155 lbs.|"69"""|Orthodox|Jul 09, 1993|2.31|25%|11.54|40%|0.00|0%|0%|0.0
fba03cd6cc28dc41|Josh Emmett|19|5|0|"5' 6"""|145 lbs.|"70"""|Orthodox|Mar 04, 1985|3.75|35%|4.46|60%|1.09|37%|46%|0.1
e3f443e4cbc3da8f|Marius Enache|3|3|0|"5' 11"""|155 lbs.|No Stat|No Stat|Oct 16, 1975|1.71|34%|0.66|84%|3.94|100%|0%|3.9
e00a3dee329a51f7|Jamall Emmers|21|8|0|"5' 10"""|145 lbs.|"74"""|Orthodox|Jul 24, 1989|5.45|49%|4.07|56%|1.74|40%|80%|0.2
b8da6f5c80ae2d15|Fedor Emelianenko|36|5|0|"6' 0"""|230 lbs.|"74"""|Orthodox|Sep 28, 1976|3.18|51%|1.00|63%|2.00|63%|82%|1.9
dc0f07928009a127|Rob Emerson|18|12|0|"5' 9"""|155 lbs.|"70"""|Orthodox|Jul 30, 1981|2.50|30%|2.83|64%|2.02|52%|65%|0.4
45c8fed13a62fe92|Sovannahry Em|3|1|0|"5' 4"""|135 lbs.|No Stat|No Stat|Jun 26, 1992|0.00|0%|0.00|0%|0.00|0%|0%|0.0
f54200f1dfb9b5d4|Aleksander Emelianenko|23|7|0|"6' 6"""|255 lbs.|No Stat|Orthodox|Aug 02, 1981|2.75|41%|1.70|65%|2.32|72%|66%|0.9
1741343f0ca34dd5|Aaron Ely|5|2|0|"5' 8"""|135 lbs.|No Stat|No Stat|Mar 18, 1989|0.82|15%|0.66|69%|2.47|100%|50%|4.9
abd5fb12437eda21|Ramazan Emeev|20|6|0|"5' 10"""|170 lbs.|"76"""|Southpaw|May 23, 1987|2.53|45%|2.14|65%|2.37|29%|66%|0.7
1536a25e16fc299b|Anna Elmose|3|2|0|"5' 3"""|115 lbs.|No Stat|Orthodox|Oct 06, 1984|3.68|49%|4.64|56%|0.00|0%|33%|0.0
5f3da9a9610d8969|Cameron Else|10|6|0|"5' 9"""|135 lbs.|"71"""|Switch|Apr 27, 1987|1.99|40%|8.09|51%|0.00|0%|0%|0.0
87e4a3a5080ee7ce|Elisha Ellison|5|1|0|No Stat|265 lbs.|No Stat|No Stat|Mar 05, 1997|0.00|0%|0.00|0%|0.00|0%|0%|0.0
6b56e94a59b7b134|Oban Elliott|12|3|0|"6' 0"""|170 lbs.|"72"""|Orthodox|Dec 19, 1997|3.50|48%|2.24|60%|1.70|44%|55%|0.0
e60d773a0a42048a|Eddy Ellis|21|16|1|"5' 9"""|170 lbs.|No Stat|Orthodox|No Stat|3.40|69%|1.53|68%|4.00|66%|50%|2.0
77350fd0e6d1dba8|Lisa Ellis|15|11|0|"5' 4"""|115 lbs.|No Stat|No Stat|Nov 15, 1982|1.68|48%|2.32|57%|4.19|63%|50%|0.6
8e8e4487c621aa1c|Joe Ellenberger|15|2|0|"5' 9"""|155 lbs.|"72"""|Orthodox|Mar 28, 1985|1.62|47%|3.45|48%|3.17|40%|0%|1.1
d81ac739417d7f53|Jake Ellenberger|31|15|0|"5' 9"""|170 lbs.|"71"""|Orthodox|Mar 28, 1985|2.47|39%|2.83|60%|2.04|47%|86%|0.4
1a064688481f66e1|Joao Elias|17|4|1|"5' 3"""|125 lbs.|"64"""|Southpaw|Jan 08, 1995|0.40|50%|6.47|20%|0.00|0%|50%|0.0
c96d9178c9ed9e62|Tim Elliott|21|13|1|"5' 7"""|125 lbs.|"66"""|Southpaw|Dec 24, 1986|3.39|44%|2.66|56%|3.73|47%|59%|1.0
e295b96f135d758a|Saul Elizondo|6|8|0|"5' 7"""|135 lbs.|No Stat|No Stat|Jul 17, 1985|2.07|30%|4.93|48%|2.00|100%|66%|1.0
e873203fd50542f6|John Paul Elias|3|1|0|"6' 4"""|205 lbs.|No Stat|No Stat|No Stat|0.00|0%|0.00|0%|0.00|0%|0%|0.0
92a9aa9c93192871|Darren Elkins|29|12|0|"5' 10"""|145 lbs.|"71"""|Orthodox|May 16, 1984|3.40|38%|3.34|51%|2.87|34%|56%|1.1
07a74004d964c7f4|Billy Elekana|8|2|0|"6' 3"""|205 lbs.|"77"""|Southpaw|May 28, 1995|2.34|57%|3.18|49%|0.64|25%|0%|0.0
d9a56ecb6e94f02e|Evan Elder|10|2|0|"5' 10"""|155 lbs.|"72"""|Switch|Apr 11, 1997|5.66|50%|4.94|57%|0.48|15%|40%|0.5
22d80fb67e50ab0b|John Elam|2|0|0|No Stat|No Stat|No Stat|No Stat|No Stat|0.00|0%|0.00|0%|0.00|0%|0%|0.0
0577808d22dfe79c|Jon Olav Einemo|6|3|0|"6' 6"""|253 lbs.|No Stat|Orthodox|Dec 10, 1975|2.15|52%|3.05|52%|1.73|55%|43%|0.0
58bc81376286b3d3|Per Eklund|14|5|1|"5' 10"""|155 lbs.|"72"""|Orthodox|No Stat|2.07|61%|2.38|67%|2.07|11%|50%|3.6
5e6294b37bbef029|Stephanie Egger|8|5|0|"5' 6"""|135 lbs.|"68"""|Orthodox|Aug 12, 1988|2.20|46%|2.48|52%|2.48|42%|50%|0.6
eae4aec1a5a8ff01|Tom Egan|7|5|0|"5' 11"""|170 lbs.|No Stat|Orthodox|No Stat|0.00|0%|3.91|50%|0.00|0%|28%|0.0
27fc9218a3653e3c|Justin Eilers|19|7|1|"6' 1"""|235 lbs.|No Stat|Orthodox|Jun 28, 1978|2.86|43%|5.66|49%|0.82|25%|50%|0.0
e6904a03a66e711d|Adli Edwards|4|1|0|No Stat|145 lbs.|No Stat|No Stat|Aug 28, 1989|0.00|0%|0.00|0%|0.00|0%|0%|0.0
f9ab66e67240db7b|Joselyne Edwards|15|6|0|"5' 8"""|135 lbs.|"70"""|Orthodox|Sep 29, 1995|4.62|53%|3.20|49%|1.31|41%|61%|0.6
ef44e4ea9050f2ea|Te Edwards|6|3|0|"5' 8"""|155 lbs.|"72"""|Orthodox|Sep 11, 1990|1.50|41%|4.15|44%|0.72|100%|44%|0.0
e56daf7725a0b5ab|Justin Edwards|9|5|0|"5' 10"""|155 lbs.|"70"""|Orthodox|Jan 26, 1983|2.68|42%|3.32|51%|2.14|26%|27%|1.0
f1fac969a1d70b08|Leon Edwards|22|5|0|"6' 2"""|170 lbs.|"74"""|Southpaw|Aug 25, 1991|2.62|54%|2.42|53%|1.18|36%|63%|0.4
5f04e3d58d9ce982|Yves Edwards|42|22|1|"5' 9"""|155 lbs.|"73"""|Southpaw|Sep 30, 1976|2.91|42%|2.34|66%|0.76|53%|69%|0.7
37e03538c960bac6|Abdul-Kerim Edilov|17|4|0|"6' 2"""|205 lbs.|No Stat|Orthodox|Nov 25, 1991|10.22|61%|0.13|92%|3.98|100%|0%|2.0
528c24b99fbaab79|Johnny Eduardo|28|13|0|"5' 7"""|135 lbs.|"71"""|Orthodox|Aug 03, 1978|2.95|39%|3.22|63%|0.22|20%|58%|0.4
40ff198adda94b9f|Mark Eddiva|6|3|0|"5' 8"""|145 lbs.|"68"""|Orthodox|Feb 16, 1986|3.37|45%|2.98|54%|1.45|22%|63%|0.0
20b13e96668caaa4|Roybert Echeverria|7|1|0|"5' 5"""|125 lbs.|"67"""|Switch|Aug 21, 1995|2.95|53%|2.52|57%|0.00|0%|71%|2.6
ec421d5de0aea624|Vincent Eazelle|9|2|0|"5' 11"""|155 lbs.|No Stat|No Stat|Dec 07, 1980|0.00|0%|0.00|0%|0.00|0%|0%|0.0
f2688492b9a525a3|Frankie Edgar|23|11|1|"5' 6"""|135 lbs.|"68"""|Orthodox|Oct 16, 1981|3.77|40%|2.82|65%|2.29|31%|65%|0.3
4acb99524a9a81ab|Maurice Eazel|7|15|0|"5' 7"""|135 lbs.|No Stat|No Stat|No Stat|0.00|0%|0.00|0%|0.00|0%|0%|0.0
a5b0bd216d8ba84e|Ross Ebanez|20|10|0|"5' 9"""|154 lbs.|No Stat|Southpaw|May 18, 1975|0.74|50%|0.74|62%|3.70|100%|0%|0.0
32ba186f4b0e3267|Brian Ebersole|51|18|1|"6' 0"""|170 lbs.|"73"""|Southpaw|Nov 27, 1980|2.32|49%|2.14|56%|1.70|23%|61%|0.1
bc7230f231701d66|Mike Easton|13|6|0|"5' 6"""|135 lbs.|"70"""|Southpaw|Jan 25, 1984|3.51|37%|4.28|61%|0.75|22%|66%|0.0
05866d8c3a321856|Marvin Eastman|18|15|1|"5' 9"""|185 lbs.|"73"""|Orthodox|Jun 08, 1971|2.21|35%|3.92|42%|1.38|33%|81%|0.0
ee457ef1e1c326c1|Ben Earwood|12|3|0|"5' 8"""|170 lbs.|No Stat|Orthodox|No Stat|0.50|55%|0.20|33%|3.00|100%|0%|0.0
eb89dc31949a1427|Eiji Ishikawa|29|24|3|"5' 10"""|170 lbs.|No Stat|No Stat|Oct 12, 1979|1.20|29%|4.07|60%|1.00|9%|0%|0.0
5713c1d2fac539ac|Cody East|12|3|0|"6' 3"""|245 lbs.|No Stat|Orthodox|Jun 29, 1988|4.15|43%|7.32|40%|3.97|100%|16%|0.0
f3155a94ca420126|Tokimitsu Ishizawa|1|5|1|"6' 0"""|185 lbs.|No Stat|Orthodox|Aug 05, 1968|1.34|30%|2.99|59%|2.74|18%|0%|0.0
135d124172a0bea3|Damir Ismagulov|24|3|0|"5' 10"""|155 lbs.|"74"""|Orthodox|Feb 03, 1991|3.36|42%|2.44|61%|1.00|28%|70%|0.0
88cd34d836b4ebcd|Teruto Ishihara|10|7|2|"5' 7"""|135 lbs.|"69"""|Southpaw|Jul 23, 1991|3.26|44%|3.63|53%|0.50|16%|30%|0.0
119ebea97e914dcf|Yuki Ishikawa|0|2|0|"5' 11"""|205 lbs.|No Stat|Orthodox|No Stat|1.07|28%|8.57|11%|0.00|0%|50%|0.0
c8a49ff2acb6f3c5|Satoshi Ishii|15|8|1|"5' 11"""|240 lbs.|No Stat|Orthodox|Dec 19, 1986|1.41|36%|1.58|63%|3.47|52%|100%|1.6
a47c2a6e24757932|Eric Irvin|11|4|0|"5' 8"""|155 lbs.|No Stat|No Stat|Jan 10, 1986|3.27|42%|4.47|36%|4.00|30%|33%|0.0
e9095aeb36f2aeb8|Issa Isakov|10|3|0|"5' 9"""|155 lbs.|"70"""|Orthodox|Oct 22, 1989|1.93|36%|5.78|40%|0.00|0%|0%|0.0
a7f4d0902bb64092|James Irvin|17|10|0|"6' 2"""|205 lbs.|"75"""|Orthodox|Sep 12, 1978|2.03|48%|3.86|35%|0.00|0%|36%|0.5
05a0556072931f01|Jason Ireland|19|9|1|"5' 9"""|161 lbs.|No Stat|Southpaw|Dec 30, 1979|1.20|25%|2.07|51%|3.59|75%|0%|1.2
82f5c81f4e3c3eb5|Mitsuhiro Ishida|20|8|1|"5' 6"""|154 lbs.|No Stat|Southpaw|Dec 29, 1978|1.46|41%|1.13|61%|4.76|53%|33%|0.7
199eb7cf6ae90294|Naoki Inoue|11|1|0|"5' 9"""|125 lbs.|"71"""|Orthodox|Jun 14, 1997|3.67|35%|3.37|60%|0.00|0%|60%|2.5
b5882371e2a3900d|Katsuya Inoue|19|9|4|"5' 9"""|168 lbs.|No Stat|Southpaw|Aug 10, 1979|3.41|24%|12.89|51%|0.00|0%|66%|0.0
1e75e6c9de99fa76|Jorge Interiano|4|3|0|"6' 1"""|205 lbs.|No Stat|No Stat|No Stat|0.00|0%|0.00|0%|0.00|0%|0%|0.0
a61a0cd2829e5d4e|Takeshi Inoue|23|10|0|"5' 8"""|145 lbs.|No Stat|No Stat|Mar 18, 1980|2.54|44%|3.32|61%|0.00|0%|47%|0.0
37a6c95201592fea|Egan Inoue|13|8|0|"5' 9"""|190 lbs.|No Stat|Southpaw|Jul 04, 1965|1.66|36%|3.31|57%|0.00|0%|0%|0.0
0cf935519d439ba6|Enson Inoue|12|8|0|"5' 10"""|210 lbs.|No Stat|Orthodox|Apr 15, 1967|1.70|63%|1.88|30%|0.00|0%|33%|0.0
e7fe5315b1efeb92|Guto Inocente|7|4|0|"6' 3"""|205 lbs.|No Stat|Orthodox|May 29, 1986|4.13|66%|2.92|54%|0.67|33%|66%|0.7
d5b7fac960e58920|Chris Indich|6|4|0|"5' 10"""|170 lbs.|No Stat|No Stat|Apr 22, 1987|1.31|30%|4.32|43%|0.75|50%|50%|1.5
bb56173e2275e622|Rui Imura|12|5|0|"5' 9"""|135 lbs.|"69"""|Southpaw|Mar 24, 1999|1.65|33%|4.19|33%|1.65|20%|0%|0.0
f0a381ba65d2a933|Chris Inman|1|0|0|No Stat|No Stat|No Stat|No Stat|No Stat|0.00|0%|0.00|0%|0.00|0%|0%|0.0
59e52d56bab2b1ee|Michael Imperato|12|7|0|"5' 7"""|135 lbs.|"66"""|Switch|Sep 01, 1989|1.93|48%|2.67|60%|1.00|12%|0%|1.0
4908c5ee68a50ee5|Brad Imes|13|7|0|"6' 7"""|265 lbs.|No Stat|Orthodox|Mar 13, 1977|2.73|31%|4.24|49%|1.72|71%|0%|1.0
881bf86d4cba8578|Nassourdine Imavov|16|4|0|"6' 3"""|185 lbs.|"75"""|Orthodox|Mar 01, 1995|4.45|55%|3.26|58%|0.85|32%|78%|1.1
a4dd5c9a75763295|Masakazu Imanari|36|16|2|"5' 4"""|139 lbs.|No Stat|Southpaw|Feb 10, 1976|0.55|30%|1.74|57%|0.00|0%|0%|2.1
b71667c778b6d9e5|Mikhail Iloukhine|30|11|1|"5' 9"""|205 lbs.|No Stat|Orthodox|Nov 21, 1966|0.16|20%|2.95|26%|0.00|0%|0%|7.0
7f0f171414d0a287|Zelim Imadaev|8|3|0|"6' 0"""|170 lbs.|"76"""|Orthodox|Jan 25, 1995|2.91|36%|4.35|43%|0.38|50%|60%|0.0
2ce6541127b0e232|Yusuke Imamura|2|6|0|"5' 8"""|220 lbs.|No Stat|Orthodox|No Stat|0.18|50%|1.83|52%|2.75|50%|0%|0.0
df9e9c1f65805d29|Sergey Ignatov|0|1|0|"5' 9"""|210 lbs.|No Stat|Orthodox|No Stat|0.35|50%|3.25|42%|0.00|0%|0%|0.0
263ebd4a669e1e98|Fabiano Iha|9|5|0|"5' 8"""|155 lbs.|No Stat|Orthodox|Jul 28, 1970|1.73|47%|2.49|42%|2.88|40%|50%|2.9
81f38d1640c4e70d|Seichi Ikemoto|21|19|5|"5' 11"""|168 lbs.|No Stat|Orthodox|Aug 24, 1975|2.59|32%|3.74|57%|1.23|26%|60%|0.0
c3218c810959d279|Khadis Ibragimov|8|4|0|"6' 3"""|205 lbs.|"78"""|Orthodox|May 21, 1995|3.55|49%|4.26|47%|0.97|30%|80%|0.3
82a5152216251682|Dan Ige|19|10|0|"5' 7"""|145 lbs.|"71"""|Orthodox|Aug 06, 1991|3.64|45%|3.56|56%|0.89|25%|56%|0.2
7b6ce3a9460565b5|Valeri Ignatov|1|2|0|"5' 9"""|170 lbs.|No Stat|Orthodox|No Stat|0.00|0%|0.00|0%|0.00|0%|0%|0.0
4565d435005319c0|Minoki Ichihara|0|1|0|"5' 7"""|178 lbs.|No Stat|Orthodox|No Stat|0.00|0%|0.00|0%|0.00|0%|0%|0.0
